name,creation,modified,modified_by,owner,docstatus,idx,company_name,abbr,fosaid,default_currency,country,is_group,default_holiday_list,default_letter_head,tax_id,domain,date_of_establishment,parent_company,company_logo,date_of_incorporation,phone_no,email,company_description,date_of_commencement,fax,website,create_chart_of_accounts_based_on,existing_company,chart_of_accounts,default_buying_terms,sales_monthly_history,monthly_sales_target,total_monthly_sales,default_selling_terms,default_warehouse_for_sales_return,credit_limit,transactions_annual_history,default_bank_account,default_cash_account,default_receivable_account,round_off_account,round_off_cost_center,write_off_account,exchange_gain_loss_account,unrealized_exchange_gain_loss_account,unrealized_profit_loss_account,allow_account_creation_against_child_company,default_payable_account,default_expense_account,default_income_account,default_deferred_revenue_account,default_deferred_expense_account,default_discount_account,payment_terms,cost_center,default_finance_book,enable_perpetual_inventory,enable_provisional_accounting_for_non_stock_items,default_inventory_account,stock_adjustment_account,default_in_transit_warehouse,stock_received_but_not_billed,default_provisional_account,accumulated_depreciation_account,depreciation_expense_account,series_for_depreciation_entry,disposal_account,depreciation_cost_center,capital_work_in_progress_account,asset_received_but_not_billed,auto_exchange_rate_revaluation,auto_err_frequency,submit_err_jv,exception_budget_approver_role,registration_details,lft,rgt,old_parent,_user_tags,_comments,_assign,_liked_by,district,facility_type
ALL HCs,2025-10-31 20:06:09.580987,2026-02-18 17:26:53.759841,Administrator,Administrator,0,0,ALL HCs,AH,0000,RWF,Rwanda,0,,,,,,,,,,,,,,,Standard Template,,Standard,,{},0.0,0.0,,,0.0,{},,Cash - AH,Debtors - AH,Round Off - AH,Main - AH,Write Off - AH,Exchange Gain/Loss - AH,,,0,Creditors - AH,Cost of Goods Sold - AH,Sales - AH,,,,,Main - AH,,1,0,Stock In Hand - AH,Stock Adjustment - AH,,Stock Received But Not Billed - AH,,Accumulated Depreciation - AH,Depreciation - AH,,Gain/Loss on Asset Disposal - AH,Main - AH,CWIP Account - AH,Asset Received But Not Billed - AH,0,Daily,0,,,525,526,,,,,,Gasabo,HC
Anonymous,2024-05-14 11:59:49.304787,2026-02-18 17:26:53.184981,Administrator,Administrator,0,0,Anonymous,A,0000,RWF,Rwanda,0,,,,,,,,,,,,,,,Standard Template,,Standard,,{},0.0,0.0,,,0.0,"{""1760400000.0"": 1, ""1762214400.0"": 1, ""1762905600.0"": 22, ""1762992000.0"": 58, ""1763078400.0"": 110, ""1763164800.0"": 34, ""1763251200.0"": 76, ""1763337600.0"": 134, ""1763424000.0"": 190, ""1763510400.0"": 215, ""1763596800.0"": 174, ""1763683200.0"": 259, ""1763769600.0"": 160, ""1763856000.0"": 152, ""1763942400.0"": 354, ""1764028800.0"": 169, ""1764115200.0"": 30, ""1764201600.0"": 366, ""1764288000.0"": 19, ""1764374400.0"": 1, ""1764547200.0"": 226, ""1764633600.0"": 4, ""1764720000.0"": 1, ""1764806400.0"": 148, ""1764892800.0"": 46, ""1765152000.0"": 2, ""1765238400.0"": 1}",,Cash - A,Debtors - A,Round Off - A,Main - A,Write Off - A,Exchange Gain/Loss - A,,,0,Creditors - A,Cost of Goods Sold - A,Sales - A,,,,,Main - A,,1,0,Stock In Hand - A,Stock Adjustment - A,,Stock Received But Not Billed - A,,Accumulated Depreciation - A,Depreciation - A,,Gain/Loss on Asset Disposal - A,Main - A,CWIP Account - A,Asset Received But Not Billed - A,0,Daily,0,,,5,6,,,,,,,
AVEGA Health Center,2025-04-01 13:21:37.480918,2026-04-28 17:00:51.202070,tuyisengejoy9@gmail.com,mugipascal@gmail.com,0,1093,AVEGA Health Center,AVGHC,0547,RWF,Rwanda,0,,,,,,,,,,,,,,,Standard Template,,Standard,,{},0.0,229690.71,,,0.0,"{""1748044800.0"": 50, ""1748131200.0"": 21, ""1753574400.0"": 2, ""1753660800.0"": 1, ""1754265600.0"": 20, ""1754352000.0"": 12, ""1754438400.0"": 38, ""1754524800.0"": 7, ""1754611200.0"": 6, ""1754697600.0"": 1, ""1754870400.0"": 31, ""1754956800.0"": 66, ""1755043200.0"": 69, ""1755129600.0"": 10, ""1755216000.0"": 17, ""1755302400.0"": 26, ""1755388800.0"": 19, ""1755475200.0"": 40, ""1755561600.0"": 15, ""1755648000.0"": 8, ""1755734400.0"": 20, ""1755820800.0"": 6, ""1755993600.0"": 7, ""1756684800.0"": 1, ""1757635200.0"": 15, ""1757721600.0"": 7, ""1757894400.0"": 7, ""1758067200.0"": 12, ""1758240000.0"": 39, ""1758326400.0"": 6, ""1758499200.0"": 23, ""1758585600.0"": 1, ""1758758400.0"": 29, ""1759104000.0"": 18, ""1759363200.0"": 1, ""1759795200.0"": 4, ""1760486400.0"": 4, ""1760918400.0"": 1, ""1761436800.0"": 2, ""1766793600.0"": 1, ""1768953600.0"": 2, ""1769040000.0"": 65, ""1769126400.0"": 41, ""1769212800.0"": 26, ""1769299200.0"": 23, ""1769385600.0"": 38, ""1769472000.0"": 70, ""1769558400.0"": 42, ""1769644800.0"": 33, ""1769731200.0"": 25, ""1769817600.0"": 32, ""1769904000.0"": 12, ""1769990400.0"": 35, ""1770076800.0"": 63, ""1770163200.0"": 21, ""1770249600.0"": 32, ""1770336000.0"": 37, ""1770422400.0"": 25, ""1770508800.0"": 15, ""1770595200.0"": 53, ""1770681600.0"": 66, ""1770768000.0"": 46, ""1770854400.0"": 54, ""1770940800.0"": 43, ""1771027200.0"": 21, ""1771113600.0"": 28, ""1771200000.0"": 42, ""1771286400.0"": 62, ""1771372800.0"": 50}",,Cash - AVGHC,Debtors - AVGHC,Round Off - AVGHC,Main - AVGHC,Write Off - AVGHC,Exchange Gain/Loss - AVGHC,,,0,Creditors - AVGHC,Cost of Goods Sold - AVGHC,Sales - AVGHC,,,,,Main - AVGHC,,1,0,Stock In Hand - AVGHC,Stock Adjustment - AVGHC,,Stock Received But Not Billed - AVGHC,,Accumulated Depreciation - AVGHC,Depreciation - AVGHC,,Gain/Loss on Asset Disposal - AVGHC,Main - AVGHC,CWIP Account - AVGHC,Asset Received But Not Billed - AVGHC,0,Daily,0,,,165,166,,,,,,Rwamagana,HC
Bethsaida Health Center,2024-06-11 00:52:48.821912,2026-02-21 14:01:01.945965,umuhozageophrine36@gmail.com,rukundojoe30@gmail.com,0,224,Bethsaida Health Center,BHC,0029,RWF,Rwanda,0,,,,,,,,,,,,,,,Standard Template,,Standard,,{},0.0,4328.0,,,0.0,"{""1739923200.0"": 2, ""1740268800.0"": 2, ""1741132800.0"": 1, ""1741219200.0"": 3, ""1741305600.0"": 1, ""1741564800.0"": 7, ""1741651200.0"": 3, ""1741910400.0"": 2, ""1742083200.0"": 1, ""1742169600.0"": 4, ""1742342400.0"": 1, ""1742601600.0"": 1, ""1742774400.0"": 2, ""1742860800.0"": 1, ""1743120000.0"": 1, ""1743379200.0"": 1, ""1743465600.0"": 3, ""1743638400.0"": 2, ""1744070400.0"": 1, ""1744156800.0"": 2, ""1744243200.0"": 1, ""1744329600.0"": 1, ""1744502400.0"": 2, ""1744588800.0"": 1, ""1744848000.0"": 3, ""1744934400.0"": 2, ""1745193600.0"": 1, ""1745625600.0"": 1, ""1745798400.0"": 1, ""1745884800.0"": 3, ""1746057600.0"": 2, ""1746403200.0"": 2, ""1746489600.0"": 1, ""1746748800.0"": 1, ""1746835200.0"": 2, ""1747094400.0"": 1, ""1747180800.0"": 2, ""1747267200.0"": 1, ""1747440000.0"": 1, ""1747699200.0"": 2, ""1747785600.0"": 1, ""1747958400.0"": 7, ""1748044800.0"": 58, ""1748131200.0"": 21, ""1748217600.0"": 3, ""1748304000.0"": 6, ""1748390400.0"": 1, ""1748563200.0"": 2, ""1748736000.0"": 3, ""1748995200.0"": 2, ""1749081600.0"": 1, ""1749340800.0"": 1, ""1749427200.0"": 2, ""1749513600.0"": 2, ""1749600000.0"": 2, ""1749772800.0"": 3, ""1749945600.0"": 2, ""1750032000.0"": 2, ""1750204800.0"": 1, ""1750291200.0"": 2, ""1750464000.0"": 1, ""1750636800.0"": 2, ""1750723200.0"": 3, ""1750809600.0"": 3, ""1750896000.0"": 2, ""1751155200.0"": 3, ""1751241600.0"": 2, ""1751414400.0"": 1, ""1751587200.0"": 3, ""1751673600.0"": 1, ""1751760000.0"": 2, ""1751846400.0"": 6, ""1751932800.0"": 9, ""1752019200.0"": 1, ""1752105600.0"": 1, ""1752192000.0"": 1, ""1752278400.0"": 2, ""1752451200.0"": 1, ""1752624000.0"": 2, ""1752710400.0"": 3, ""1752883200.0"": 1, ""1753056000.0"": 1, ""1753747200.0"": 1, ""1753833600.0"": 1, ""1754006400.0"": 4, ""1755820800.0"": 1, ""1755993600.0"": 1, ""1761782400.0"": 44, ""1761868800.0"": 61, ""1761955200.0"": 31, ""1762041600.0"": 25, ""1762128000.0"": 40, ""1762214400.0"": 46, ""1762300800.0"": 14, ""1762387200.0"": 24, ""1762473600.0"": 16, ""1762560000.0"": 32, ""1762732800.0"": 3, ""1762819200.0"": 13, ""1763078400.0"": 5, ""1763337600.0"": 1, ""1763424000.0"": 30, ""1763510400.0"": 14, ""1763596800.0"": 9, ""1763683200.0"": 3, ""1763769600.0"": 9, ""1763942400.0"": 1, ""1764201600.0"": 4, ""1764288000.0"": 3, ""1764374400.0"": 5, ""1765238400.0"": 3, ""1765411200.0"": 2, ""1765497600.0"": 1, ""1765670400.0"": 2, ""1765843200.0"": 31, ""1765929600.0"": 22, ""1766016000.0"": 59, ""1766102400.0"": 56, ""1766275200.0"": 42, ""1766361600.0"": 30, ""1766448000.0"": 23, ""1766534400.0"": 18, ""1766707200.0"": 10, ""1766793600.0"": 18, ""1766880000.0"": 18, ""1766966400.0"": 21, ""1767052800.0"": 2, ""1767139200.0"": 3, ""1767225600.0"": 2, ""1767312000.0"": 34, ""1767398400.0"": 40, ""1767484800.0"": 22, ""1767571200.0"": 18, ""1767657600.0"": 5, ""1767744000.0"": 3, ""1768003200.0"": 1, ""1768176000.0"": 1, ""1768262400.0"": 1, ""1769472000.0"": 2, ""1770508800.0"": 1}",,Cash - BHC,Debtors - BHC,Round Off - BHC,Main - BHC,Write Off - BHC,Exchange Gain/Loss - BHC,,,0,Creditors - BHC,Cost of Goods Sold - BHC,Sales - BHC,,,,,Main - BHC,,1,0,Stock In Hand - BHC,Stock Adjustment - BHC,,Stock Received But Not Billed - BHC,,Accumulated Depreciation - BHC,Depreciation - BHC,,Gain/Loss on Asset Disposal - BHC,Main - BHC,CWIP Account - BHC,Asset Received But Not Billed - BHC,0,Daily,0,,,27,28,,,,,,Kicukiro,HC
Bisate Health Center,2025-05-03 22:35:04.992383,2026-04-28 16:16:35.349028,ufitimanafrolence@gmail.com,florentin.ndabarasa@moh.gov.rw,0,0,Bisate Health Center,BISTHC,0308,RWF,Rwanda,0,,,,,,,,,,,,,,,Standard Template,,Standard,,{},0.0,219063.39,,,0.0,"{""1761523200.0"": 20, ""1761609600.0"": 52, ""1761696000.0"": 82, ""1761782400.0"": 62, ""1761868800.0"": 24, ""1762041600.0"": 1, ""1762128000.0"": 44, ""1762214400.0"": 91, ""1762300800.0"": 81, ""1762387200.0"": 76, ""1762473600.0"": 51, ""1762560000.0"": 43, ""1762646400.0"": 39, ""1762732800.0"": 79, ""1762819200.0"": 91, ""1762905600.0"": 57, ""1762992000.0"": 73, ""1763078400.0"": 43, ""1763164800.0"": 33, ""1763251200.0"": 45, ""1763337600.0"": 83, ""1763424000.0"": 80, ""1763510400.0"": 40, ""1763596800.0"": 52, ""1763683200.0"": 52, ""1763856000.0"": 10, ""1763942400.0"": 64, ""1764028800.0"": 66, ""1764115200.0"": 62, ""1764201600.0"": 47, ""1764288000.0"": 54, ""1764374400.0"": 37, ""1764460800.0"": 37, ""1764547200.0"": 73, ""1764633600.0"": 84, ""1764720000.0"": 26, ""1764806400.0"": 84, ""1764892800.0"": 39, ""1764979200.0"": 31, ""1765065600.0"": 35, ""1765152000.0"": 75, ""1765238400.0"": 65, ""1765324800.0"": 59, ""1765411200.0"": 60, ""1765497600.0"": 50, ""1765584000.0"": 31, ""1765670400.0"": 27, ""1765756800.0"": 9, ""1765843200.0"": 52, ""1765929600.0"": 13, ""1766016000.0"": 64, ""1766102400.0"": 50, ""1766275200.0"": 40, ""1766361600.0"": 81, ""1766448000.0"": 42, ""1766534400.0"": 69, ""1766620800.0"": 26, ""1766707200.0"": 57, ""1766793600.0"": 39, ""1766880000.0"": 35, ""1766966400.0"": 36, ""1767052800.0"": 61, ""1767139200.0"": 53, ""1767225600.0"": 22, ""1767312000.0"": 50, ""1767398400.0"": 44, ""1767484800.0"": 44, ""1767571200.0"": 88, ""1767657600.0"": 81, ""1767744000.0"": 60, ""1767830400.0"": 70, ""1767916800.0"": 47, ""1768003200.0"": 27, ""1768089600.0"": 38, ""1768176000.0"": 67, ""1768262400.0"": 72, ""1768348800.0"": 64, ""1768435200.0"": 73, ""1768521600.0"": 16, ""1768608000.0"": 27, ""1768694400.0"": 36, ""1768780800.0"": 74, ""1768867200.0"": 69, ""1768953600.0"": 52, ""1769040000.0"": 70, ""1769126400.0"": 50, ""1769212800.0"": 43, ""1769299200.0"": 56, ""1769385600.0"": 66, ""1769472000.0"": 47, ""1769644800.0"": 46, ""1769731200.0"": 57, ""1769817600.0"": 38, ""1769904000.0"": 28, ""1769990400.0"": 82, ""1770076800.0"": 99, ""1770163200.0"": 81, ""1770249600.0"": 52, ""1770336000.0"": 53, ""1770422400.0"": 43, ""1770508800.0"": 32, ""1770595200.0"": 63, ""1770681600.0"": 70, ""1770768000.0"": 55, ""1770854400.0"": 62, ""1770940800.0"": 50, ""1771027200.0"": 34, ""1771113600.0"": 50, ""1771200000.0"": 72, ""1771286400.0"": 75, ""1771372800.0"": 6}",,Cash - BISTHC,Debtors - BISTHC,Round Off - BISTHC,Main - BISTHC,Write Off - BISTHC,Exchange Gain/Loss - BISTHC,,,0,Creditors - BISTHC,Cost of Goods Sold - BISTHC,Sales - BISTHC,,,,,Main - BISTHC,,1,0,Stock In Hand - BISTHC,Stock Adjustment - BISTHC,,Stock Received But Not Billed - BISTHC,,Accumulated Depreciation - BISTHC,Depreciation - BISTHC,,Gain/Loss on Asset Disposal - BISTHC,Main - BISTHC,CWIP Account - BISTHC,Asset Received But Not Billed - BISTHC,0,Daily,0,,,321,322,,,,,,Musanze,HC
Bubangu Health Center,2024-09-30 15:26:49.284981,2026-04-02 15:47:32.651244,uzgrace1@gmail.com,rukundojoe30@gmail.com,0,2,Bubangu Health Center,BUBHC,1426,RWF,Rwanda,0,,,,,,,,,,,,,,,Standard Template,,Standard,,{},0.0,200.0,,,0.0,"{""1747785600.0"": 1, ""1747958400.0"": 12, ""1748044800.0"": 50, ""1748131200.0"": 19, ""1770854400.0"": 3}",,Cash - BUBHC,Debtors - BUBHC,Round Off - BUBHC,Main - BUBHC,Write Off - BUBHC,Exchange Gain/Loss - BUBHC,,,0,Creditors - BUBHC,Cost of Goods Sold - BUBHC,Sales - BUBHC,,,,,Main - BUBHC,,1,0,Stock In Hand - BUBHC,Stock Adjustment - BUBHC,,Stock Received But Not Billed - BUBHC,,Accumulated Depreciation - BUBHC,Depreciation - BUBHC,,Gain/Loss on Asset Disposal - BUBHC,Main - BUBHC,CWIP Account - BUBHC,Asset Received But Not Billed - BUBHC,0,Daily,0,,,63,64,,,,,,Rulindo,HC
Bugaragara Health Center,2025-05-15 20:59:40.463052,2026-04-28 16:15:19.348282,theobazum@gmail.com,ildephonse90@yahoo.com,0,3,Bugaragara Health Center,BGRGHC,0366,RWF,Rwanda,0,,,,,,,,,,,,,,,Standard Template,,Standard,,{},0.0,363102.62,,,0.0,"{""1747958400.0"": 21, ""1748044800.0"": 26, ""1748131200.0"": 24, ""1748390400.0"": 1, ""1749168000.0"": 2, ""1751414400.0"": 17, ""1751500800.0"": 1, ""1751673600.0"": 1, ""1751846400.0"": 1, ""1751932800.0"": 1, ""1762387200.0"": 4, ""1762473600.0"": 6, ""1762560000.0"": 1, ""1762732800.0"": 1, ""1762819200.0"": 1, ""1762905600.0"": 5, ""1762992000.0"": 11, ""1763078400.0"": 5, ""1763251200.0"": 1, ""1763337600.0"": 2, ""1763424000.0"": 2, ""1763510400.0"": 3, ""1763596800.0"": 4, ""1764028800.0"": 9, ""1764115200.0"": 11, ""1764201600.0"": 8, ""1764288000.0"": 1, ""1764374400.0"": 2, ""1764547200.0"": 6, ""1765152000.0"": 2, ""1765238400.0"": 7, ""1765411200.0"": 1, ""1765756800.0"": 6, ""1765843200.0"": 1, ""1766102400.0"": 8, ""1766361600.0"": 7, ""1766534400.0"": 4, ""1766620800.0"": 2, ""1766707200.0"": 1, ""1766966400.0"": 3, ""1767052800.0"": 4, ""1767139200.0"": 1, ""1767744000.0"": 1, ""1767830400.0"": 14, ""1767916800.0"": 9, ""1768003200.0"": 1, ""1768176000.0"": 6, ""1768262400.0"": 1, ""1768348800.0"": 8, ""1768435200.0"": 9, ""1768521600.0"": 3, ""1768780800.0"": 4, ""1768867200.0"": 2, ""1768953600.0"": 2, ""1769040000.0"": 4, ""1769126400.0"": 1, ""1769385600.0"": 7, ""1769472000.0"": 5, ""1769558400.0"": 3, ""1769644800.0"": 3, ""1769731200.0"": 1, ""1769904000.0"": 8, ""1769990400.0"": 2, ""1770076800.0"": 4, ""1770249600.0"": 5, ""1770336000.0"": 6, ""1770595200.0"": 4, ""1770854400.0"": 3, ""1771200000.0"": 1}",,Cash - BGRGHC,Debtors - BGRGHC,Round Off - BGRGHC,Main - BGRGHC,Write Off - BGRGHC,Exchange Gain/Loss - BGRGHC,,,0,Creditors - BGRGHC,Cost of Goods Sold - BGRGHC,Sales - BGRGHC,,,,,Main - BGRGHC,,1,0,Stock In Hand - BGRGHC,Stock Adjustment - BGRGHC,,Stock Received But Not Billed - BGRGHC,,Accumulated Depreciation - BGRGHC,Depreciation - BGRGHC,,Gain/Loss on Asset Disposal - BGRGHC,Main - BGRGHC,CWIP Account - BGRGHC,Asset Received But Not Billed - BGRGHC,0,Daily,0,,,373,374,,,,,,Nyagatare,HC
Bugarura Health Center,2025-04-26 18:18:22.389293,2026-04-28 17:17:16.906463,robertitangi04@gmail.com,florentin.ndabarasa@moh.gov.rw,0,0,Bugarura Health Center,BGRRHC,0386,RWF,Rwanda,0,,,,,,,,,,,,,,,Standard Template,,Standard,,{},0.0,5652265.514,,,0.0,"{""1747180800.0"": 1, ""1748044800.0"": 33, ""1748131200.0"": 31, ""1750982400.0"": 2, ""1751414400.0"": 1, ""1751500800.0"": 4, ""1751587200.0"": 3, ""1751760000.0"": 1, ""1751846400.0"": 55, ""1751932800.0"": 55, ""1752019200.0"": 44, ""1752105600.0"": 53, ""1752192000.0"": 43, ""1752278400.0"": 35, ""1752364800.0"": 21, ""1752451200.0"": 55, ""1752537600.0"": 51, ""1752624000.0"": 63, ""1752710400.0"": 93, ""1752796800.0"": 96, ""1752883200.0"": 33, ""1752969600.0"": 27, ""1753056000.0"": 47, ""1753142400.0"": 71, ""1753228800.0"": 53, ""1753315200.0"": 78, ""1753401600.0"": 80, ""1753488000.0"": 23, ""1753574400.0"": 22, ""1753660800.0"": 72, ""1753747200.0"": 72, ""1753833600.0"": 56, ""1753920000.0"": 64, ""1754006400.0"": 52, ""1754092800.0"": 34, ""1754179200.0"": 17, ""1754265600.0"": 2, ""1754352000.0"": 12, ""1754524800.0"": 50, ""1754611200.0"": 1, ""1754697600.0"": 2, ""1754784000.0"": 16, ""1754870400.0"": 2, ""1754956800.0"": 6, ""1755043200.0"": 46, ""1755129600.0"": 60, ""1755216000.0"": 8, ""1755302400.0"": 20, ""1755388800.0"": 32, ""1755475200.0"": 25, ""1755561600.0"": 21, ""1755648000.0"": 11, ""1755734400.0"": 2, ""1755820800.0"": 82, ""1755907200.0"": 28, ""1755993600.0"": 40, ""1756080000.0"": 38, ""1756166400.0"": 8, ""1756252800.0"": 43, ""1756339200.0"": 50, ""1756425600.0"": 60, ""1756512000.0"": 34, ""1756598400.0"": 31, ""1756684800.0"": 26, ""1756771200.0"": 53, ""1756857600.0"": 48, ""1756944000.0"": 61, ""1757030400.0"": 28, ""1757116800.0"": 25, ""1757203200.0"": 32, ""1757289600.0"": 63, ""1757376000.0"": 13, ""1757462400.0"": 61, ""1757548800.0"": 68, ""1757635200.0"": 58, ""1757721600.0"": 30, ""1757808000.0"": 22, ""1757894400.0"": 21, ""1757980800.0"": 51, ""1758067200.0"": 45, ""1758153600.0"": 73, ""1758240000.0"": 72, ""1758326400.0"": 31, ""1758412800.0"": 25, ""1758499200.0"": 58, ""1758585600.0"": 56, ""1758672000.0"": 31, ""1758758400.0"": 83, ""1758844800.0"": 64, ""1758931200.0"": 24, ""1759017600.0"": 36, ""1759104000.0"": 65, ""1759190400.0"": 74, ""1759276800.0"": 62, ""1759363200.0"": 62, ""1759449600.0"": 33, ""1759536000.0"": 47, ""1759622400.0"": 18, ""1759708800.0"": 35, ""1759795200.0"": 79, ""1759881600.0"": 34, ""1759968000.0"": 103, ""1760054400.0"": 37, ""1760227200.0"": 50, ""1760313600.0"": 78, ""1760400000.0"": 67, ""1760486400.0"": 72, ""1760572800.0"": 86, ""1760659200.0"": 105, ""1760745600.0"": 30, ""1760918400.0"": 76, ""1761004800.0"": 70, ""1761091200.0"": 41, ""1761177600.0"": 67, ""1761264000.0"": 110, ""1761350400.0"": 51, ""1761436800.0"": 35, ""1761523200.0"": 53, ""1761609600.0"": 72, ""1761696000.0"": 50, ""1761782400.0"": 79, ""1761868800.0"": 8, ""1762128000.0"": 4, ""1762214400.0"": 57, ""1762300800.0"": 40, ""1762387200.0"": 74, ""1762473600.0"": 25, ""1762560000.0"": 30, ""1762646400.0"": 32, ""1762732800.0"": 86, ""1762819200.0"": 74, ""1762905600.0"": 62, ""1762992000.0"": 81, ""1763078400.0"": 62, ""1763251200.0"": 31, ""1763337600.0"": 82, ""1763424000.0"": 32, ""1763510400.0"": 15, ""1763596800.0"": 98, ""1763683200.0"": 86, ""1763769600.0"": 50, ""1763856000.0"": 37, ""1763942400.0"": 92, ""1764028800.0"": 71, ""1764115200.0"": 15, ""1764201600.0"": 77, ""1764288000.0"": 24, ""1764374400.0"": 4, ""1764460800.0"": 31, ""1764547200.0"": 26, ""1764633600.0"": 61, ""1764720000.0"": 41, ""1764806400.0"": 74, ""1764892800.0"": 57, ""1764979200.0"": 47, ""1765065600.0"": 50, ""1765152000.0"": 69, ""1765238400.0"": 75, ""1765324800.0"": 52, ""1765411200.0"": 91, ""1765497600.0"": 58, ""1765584000.0"": 34, ""1765670400.0"": 35, ""1765756800.0"": 68, ""1765843200.0"": 71, ""1765929600.0"": 67, ""1766016000.0"": 91, ""1766102400.0"": 67, ""1766188800.0"": 20, ""1766275200.0"": 33, ""1766361600.0"": 86, ""1766448000.0"": 111, ""1766534400.0"": 52, ""1766620800.0"": 23, ""1766707200.0"": 71, ""1766793600.0"": 47, ""1766880000.0"": 45, ""1766966400.0"": 100, ""1767052800.0"": 72, ""1767139200.0"": 60, ""1767225600.0"": 19, ""1767312000.0"": 92, ""1767398400.0"": 48, ""1767484800.0"": 39, ""1767571200.0"": 82, ""1767657600.0"": 77, ""1767744000.0"": 73, ""1767830400.0"": 97, ""1767916800.0"": 49, ""1768003200.0"": 58, ""1768089600.0"": 41, ""1768176000.0"": 99, ""1768262400.0"": 64, ""1768348800.0"": 83, ""1768435200.0"": 108, ""1768521600.0"": 3, ""1768608000.0"": 43, ""1768694400.0"": 1, ""1768780800.0"": 97, ""1768867200.0"": 41, ""1768953600.0"": 80, ""1769040000.0"": 130, ""1769126400.0"": 113, ""1769212800.0"": 54, ""1769299200.0"": 10, ""1769385600.0"": 14, ""1769472000.0"": 97, ""1769558400.0"": 77, ""1769644800.0"": 84, ""1769731200.0"": 107, ""1769817600.0"": 54, ""1769904000.0"": 42, ""1769990400.0"": 96, ""1770076800.0"": 87, ""1770336000.0"": 141, ""1770422400.0"": 59, ""1770508800.0"": 33, ""1770595200.0"": 85, ""1770681600.0"": 76, ""1770768000.0"": 41, ""1770854400.0"": 76, ""1770940800.0"": 42, ""1771027200.0"": 38, ""1771113600.0"": 39, ""1771200000.0"": 80, ""1771286400.0"": 60, ""1771372800.0"": 62}",,Cash - BGRRHC,Debtors - BGRRHC,Round Off - BGRRHC,Main - BGRRHC,Write Off - BGRRHC,Exchange Gain/Loss - BGRRHC,,,0,Creditors - BGRRHC,Cost of Goods Sold - BGRRHC,Sales - BGRRHC,,,,,Main - BGRRHC,,1,0,Stock In Hand - BGRRHC,Stock Adjustment - BGRRHC,,Stock Received But Not Billed - BGRRHC,,Accumulated Depreciation - BGRRHC,Depreciation - BGRRHC,,Gain/Loss on Asset Disposal - BGRRHC,Main - BGRRHC,CWIP Account - BGRRHC,Asset Received But Not Billed - BGRRHC,0,Daily,0,,,259,260,,,,,,Gatsibo,HC
Bugesera Prison Health Center,2025-01-23 10:45:12.836535,2026-02-18 17:26:55.406023,Administrator,rukundojoe30@gmail.com,0,0,Bugesera Prison Health Center,BPHC,0456,RWF,Rwanda,0,,,,,,,,,,,,,,,Standard Template,,Standard,,{},0.0,0.0,,,0.0,{},,Cash - BPHC,Debtors - BPHC,Round Off - BPHC,Main - BPHC,Write Off - BPHC,Exchange Gain/Loss - BPHC,,,0,Creditors - BPHC,Cost of Goods Sold - BPHC,Sales - BPHC,,,,,Main - BPHC,,1,0,Stock In Hand - BPHC,Stock Adjustment - BPHC,,Stock Received But Not Billed - BPHC,,Accumulated Depreciation - BPHC,Depreciation - BPHC,,Gain/Loss on Asset Disposal - BPHC,Main - BPHC,CWIP Account - BPHC,Asset Received But Not Billed - BPHC,0,Daily,0,,,135,136,,,,,,Bugesera,HC
Bugeshi Health Center,2025-05-14 21:48:10.905664,2026-02-18 17:26:53.473208,Administrator,florentin.ndabarasa@moh.gov.rw,0,0,Bugeshi Health Center,BGSHHC,1232,RWF,Rwanda,0,,,,,,,,,,,,,,,Standard Template,,Standard,,{},0.0,0.0,,,0.0,{},,Cash - BGSHHC,Debtors - BGSHHC,Round Off - BGSHHC,Main - BGSHHC,Write Off - BGSHHC,Exchange Gain/Loss - BGSHHC,,,0,Creditors - BGSHHC,Cost of Goods Sold - BGSHHC,Sales - BGSHHC,,,,,Main - BGSHHC,,1,0,Stock In Hand - BGSHHC,Stock Adjustment - BGSHHC,,Stock Received But Not Billed - BGSHHC,,Accumulated Depreciation - BGSHHC,Depreciation - BGSHHC,,Gain/Loss on Asset Disposal - BGSHHC,Main - BGSHHC,CWIP Account - BGSHHC,Asset Received But Not Billed - BGSHHC,0,Daily,0,,,343,344,,,,,,Rubavu,HC
Buhabwa Health Center,2025-04-26 22:34:13.269635,2026-04-23 08:58:50.073411,merenauwayo4@gmail.com,florentin.ndabarasa@moh.gov.rw,0,0,Buhabwa Health Center,BUHBWHC,0496,RWF,Rwanda,0,,,,,,,,,,,,,,,Standard Template,,Standard,,{},0.0,9132.0,,,0.0,"{""1746057600.0"": 2, ""1747180800.0"": 1, ""1765929600.0"": 8, ""1766016000.0"": 5, ""1766534400.0"": 20, ""1766880000.0"": 1, ""1766966400.0"": 2, ""1770595200.0"": 21, ""1770681600.0"": 40, ""1770768000.0"": 33, ""1770854400.0"": 54, ""1770940800.0"": 2, ""1771027200.0"": 9, ""1771200000.0"": 83, ""1771286400.0"": 44}",,Cash - BUHBWHC,Debtors - BUHBWHC,Round Off - BUHBWHC,Main - BUHBWHC,Write Off - BUHBWHC,Exchange Gain/Loss - BUHBWHC,,,0,Creditors - BUHBWHC,Cost of Goods Sold - BUHBWHC,Sales - BUHBWHC,,,,,Main - BUHBWHC,,1,0,Stock In Hand - BUHBWHC,Stock Adjustment - BUHBWHC,,Stock Received But Not Billed - BUHBWHC,,Accumulated Depreciation - BUHBWHC,Depreciation - BUHBWHC,,Gain/Loss on Asset Disposal - BUHBWHC,Main - BUHBWHC,CWIP Account - BUHBWHC,Asset Received But Not Billed - BUHBWHC,0,Daily,0,,,263,264,,,,,,Kayonza,HC
Bukora Health Center,2025-07-23 19:28:26.908334,2026-04-28 15:26:07.270353,uwimpayesylvie95@gmail.com,mugipascal@gmail.com,0,0,Bukora Health Center,BKRHC,0419,RWF,Rwanda,0,,,,,,,,,,,,,,,Standard Template,,Standard,,{},0.0,448699.455,,,0.0,"{""1754352000.0"": 11, ""1754438400.0"": 23, ""1754524800.0"": 23, ""1754697600.0"": 7, ""1754784000.0"": 25, ""1754870400.0"": 10, ""1754956800.0"": 78, ""1755043200.0"": 54, ""1755129600.0"": 67, ""1755302400.0"": 2, ""1755561600.0"": 69, ""1755648000.0"": 73, ""1755734400.0"": 16, ""1755820800.0"": 72, ""1755907200.0"": 8, ""1755993600.0"": 14, ""1756080000.0"": 44, ""1756166400.0"": 18, ""1756252800.0"": 82, ""1756339200.0"": 43, ""1756425600.0"": 38, ""1756512000.0"": 36, ""1756598400.0"": 4, ""1756684800.0"": 4, ""1756771200.0"": 16, ""1756857600.0"": 24, ""1756944000.0"": 19, ""1757030400.0"": 21, ""1757116800.0"": 5, ""1757203200.0"": 10, ""1757289600.0"": 52, ""1757376000.0"": 8, ""1757894400.0"": 2, ""1759017600.0"": 42, ""1759104000.0"": 56, ""1759190400.0"": 50, ""1759276800.0"": 54, ""1759363200.0"": 97, ""1759449600.0"": 28, ""1759536000.0"": 38, ""1759622400.0"": 5, ""1759708800.0"": 11, ""1759795200.0"": 19, ""1759881600.0"": 26, ""1759968000.0"": 22, ""1760054400.0"": 2, ""1760313600.0"": 1, ""1760400000.0"": 26, ""1760486400.0"": 19, ""1760572800.0"": 27, ""1760659200.0"": 42, ""1760745600.0"": 60, ""1760832000.0"": 54, ""1760918400.0"": 27, ""1761004800.0"": 43, ""1761091200.0"": 46, ""1761177600.0"": 39, ""1761523200.0"": 34, ""1761609600.0"": 36, ""1761696000.0"": 25, ""1761782400.0"": 16, ""1761868800.0"": 19, ""1761955200.0"": 39, ""1762041600.0"": 27, ""1762128000.0"": 31, ""1762214400.0"": 27, ""1762300800.0"": 25, ""1762387200.0"": 42, ""1762473600.0"": 1, ""1762560000.0"": 17, ""1762646400.0"": 25, ""1762732800.0"": 47, ""1762819200.0"": 42, ""1762905600.0"": 16, ""1762992000.0"": 2, ""1763078400.0"": 48, ""1763164800.0"": 33, ""1763251200.0"": 34, ""1763337600.0"": 24, ""1764115200.0"": 4, ""1764201600.0"": 5, ""1764288000.0"": 2, ""1764374400.0"": 1, ""1764547200.0"": 1, ""1764633600.0"": 2, ""1765152000.0"": 1, ""1765238400.0"": 1, ""1765411200.0"": 1, ""1765497600.0"": 1, ""1765584000.0"": 2, ""1765843200.0"": 1, ""1766707200.0"": 1, ""1767657600.0"": 1, ""1767744000.0"": 2, ""1767830400.0"": 106, ""1767916800.0"": 47, ""1768003200.0"": 23, ""1768089600.0"": 30, ""1768176000.0"": 72, ""1768262400.0"": 68, ""1768348800.0"": 71, ""1768435200.0"": 58, ""1768521600.0"": 16, ""1768608000.0"": 27, ""1768694400.0"": 22, ""1768780800.0"": 39, ""1768867200.0"": 69, ""1768953600.0"": 50, ""1769040000.0"": 70, ""1769126400.0"": 31, ""1769212800.0"": 17, ""1769299200.0"": 22, ""1769385600.0"": 58, ""1769472000.0"": 27, ""1769558400.0"": 39, ""1769644800.0"": 48, ""1769731200.0"": 34, ""1769817600.0"": 29, ""1769904000.0"": 11, ""1769990400.0"": 66, ""1770076800.0"": 50, ""1770163200.0"": 31, ""1770249600.0"": 49, ""1770336000.0"": 44, ""1770422400.0"": 14, ""1770508800.0"": 9, ""1770595200.0"": 34, ""1770681600.0"": 41, ""1770768000.0"": 45, ""1770854400.0"": 59, ""1770940800.0"": 36, ""1771027200.0"": 25, ""1771113600.0"": 22, ""1771200000.0"": 55, ""1771286400.0"": 47, ""1771372800.0"": 30}",,Cash - BKRHC,Debtors - BKRHC,Round Off - BKRHC,Main - BKRHC,Write Off - BKRHC,Exchange Gain/Loss - BKRHC,,,0,Creditors - BKRHC,Cost of Goods Sold - BKRHC,Sales - BKRHC,,,,,Main - BKRHC,,1,0,Stock In Hand - BKRHC,Stock Adjustment - BKRHC,,Stock Received But Not Billed - BKRHC,,Accumulated Depreciation - BKRHC,Depreciation - BKRHC,,Gain/Loss on Asset Disposal - BKRHC,Main - BKRHC,CWIP Account - BKRHC,Asset Received But Not Billed - BKRHC,0,Daily,0,,,427,428,,,,,,Kirehe,HC
Buramba Health Center,2025-11-15 17:45:03.133325,2026-04-28 15:44:06.533702,niyangelique@gmail.com,mararashema@gmail.com,0,0,Buramba Health Center,BRMBHC,0128,RWF,Rwanda,0,,,,,,,,,,,,,,,Standard Template,,Standard,,{},0.0,237810.95,,,0.0,"{""1763510400.0"": 4, ""1763596800.0"": 5, ""1763942400.0"": 8, ""1764028800.0"": 30, ""1764115200.0"": 26, ""1764201600.0"": 27, ""1764288000.0"": 9, ""1764374400.0"": 17, ""1764460800.0"": 3, ""1764547200.0"": 11, ""1764633600.0"": 36, ""1764720000.0"": 43, ""1764806400.0"": 30, ""1764892800.0"": 27, ""1764979200.0"": 19, ""1765065600.0"": 19, ""1765152000.0"": 48, ""1765238400.0"": 77, ""1765324800.0"": 50, ""1765411200.0"": 70, ""1765497600.0"": 28, ""1765584000.0"": 51, ""1765670400.0"": 58, ""1765756800.0"": 15, ""1765843200.0"": 14, ""1765929600.0"": 86, ""1766016000.0"": 105, ""1766102400.0"": 102, ""1766188800.0"": 48, ""1766275200.0"": 41, ""1766361600.0"": 40, ""1766448000.0"": 78, ""1766534400.0"": 46, ""1766620800.0"": 23, ""1766707200.0"": 45, ""1766793600.0"": 38, ""1766880000.0"": 27, ""1766966400.0"": 37, ""1767052800.0"": 68, ""1767139200.0"": 52, ""1767225600.0"": 34, ""1767312000.0"": 40, ""1767398400.0"": 24, ""1767484800.0"": 38, ""1767571200.0"": 50, ""1767657600.0"": 71, ""1767744000.0"": 46, ""1767830400.0"": 32, ""1767916800.0"": 40, ""1768003200.0"": 3, ""1768089600.0"": 1, ""1768176000.0"": 2, ""1768262400.0"": 57, ""1768348800.0"": 69, ""1768435200.0"": 75, ""1768521600.0"": 15, ""1768780800.0"": 50, ""1768867200.0"": 27, ""1768953600.0"": 2, ""1769040000.0"": 3, ""1769212800.0"": 16, ""1769299200.0"": 15, ""1769385600.0"": 28, ""1769472000.0"": 49, ""1769558400.0"": 1, ""1769644800.0"": 23, ""1769731200.0"": 1, ""1769904000.0"": 1, ""1769990400.0"": 17, ""1770422400.0"": 23, ""1770508800.0"": 10, ""1770595200.0"": 29, ""1770681600.0"": 39, ""1770768000.0"": 64, ""1770854400.0"": 49, ""1770940800.0"": 56, ""1771027200.0"": 13, ""1771113600.0"": 26, ""1771200000.0"": 35, ""1771286400.0"": 43, ""1771372800.0"": 38}",,Cash - BRMBHC,Debtors - BRMBHC,Round Off - BRMBHC,Main - BRMBHC,Write Off - BRMBHC,Exchange Gain/Loss - BRMBHC,,,0,Creditors - BRMBHC,Cost of Goods Sold - BRMBHC,Sales - BRMBHC,,,,,Main - BRMBHC,,1,0,Stock In Hand - BRMBHC,Stock Adjustment - BRMBHC,,Stock Received But Not Billed - BRMBHC,,Accumulated Depreciation - BRMBHC,Depreciation - BRMBHC,,Gain/Loss on Asset Disposal - BRMBHC,Main - BRMBHC,CWIP Account - BRMBHC,Asset Received But Not Billed - BRMBHC,0,Daily,0,,,601,602,,,,,,Muhanga,HC
Burega Health Center,2024-09-30 15:30:42.451327,2026-04-28 19:09:50.111628,evergistejustin7035@gmail.com,rukundojoe30@gmail.com,0,191,Burega Health Center,BURHC,1425,RWF,Rwanda,0,,,,,,,,,,,,,,,Standard Template,,Standard,,{},0.0,30800064.185,,,0.0,"{""1747958400.0"": 1, ""1748044800.0"": 25, ""1748131200.0"": 15, ""1751932800.0"": 1, ""1752019200.0"": 4, ""1752192000.0"": 1, ""1752624000.0"": 1, ""1754524800.0"": 3, ""1765324800.0"": 1, ""1765929600.0"": 4, ""1766016000.0"": 5, ""1766361600.0"": 29, ""1766448000.0"": 4, ""1766534400.0"": 25, ""1766620800.0"": 22, ""1766707200.0"": 2, ""1766966400.0"": 12, ""1769385600.0"": 1, ""1770854400.0"": 4, ""1771113600.0"": 1}",,Cash - BURHC,Debtors - BURHC,Round Off - BURHC,Main - BURHC,Write Off - BURHC,Exchange Gain/Loss - BURHC,,,0,Creditors - BURHC,Cost of Goods Sold - BURHC,Sales - BURHC,,,,,Main - BURHC,,1,0,Stock In Hand - BURHC,Stock Adjustment - BURHC,,Stock Received But Not Billed - BURHC,,Accumulated Depreciation - BURHC,Depreciation - BURHC,,Gain/Loss on Asset Disposal - BURHC,Main - BURHC,CWIP Account - BURHC,Asset Received But Not Billed - BURHC,0,Daily,0,,,73,74,,,,,,Rulindo,HC
Busanza Health Center,2024-08-01 09:26:41.746385,2026-02-18 17:26:54.845869,Administrator,rukundojoe30@gmail.com,0,2,Busanza Health Center,BUHC,0030,RWF,Rwanda,0,,,,,,,,,,,,,,,Standard Template,,Standard,,{},0.0,119954.0,,,0.0,"{""1742342400.0"": 7, ""1747353600.0"": 1, ""1747958400.0"": 10, ""1748044800.0"": 84, ""1748131200.0"": 22, ""1748563200.0"": 2, ""1749081600.0"": 2, ""1752105600.0"": 2, ""1752624000.0"": 4, ""1753142400.0"": 1, ""1753228800.0"": 1, ""1753315200.0"": 3, ""1753401600.0"": 1, ""1754265600.0"": 2, ""1754870400.0"": 1, ""1754956800.0"": 1, ""1755043200.0"": 18, ""1755129600.0"": 1, ""1755302400.0"": 1, ""1755388800.0"": 4, ""1755561600.0"": 1, ""1755993600.0"": 6, ""1756080000.0"": 11, ""1756166400.0"": 5, ""1756339200.0"": 6, ""1756598400.0"": 7, ""1756684800.0"": 6, ""1756771200.0"": 1, ""1756944000.0"": 2, ""1757030400.0"": 5, ""1757289600.0"": 14, ""1757376000.0"": 3, ""1757462400.0"": 5, ""1757548800.0"": 8, ""1757721600.0"": 4, ""1757894400.0"": 19, ""1757980800.0"": 56, ""1758067200.0"": 24, ""1758153600.0"": 5, ""1758585600.0"": 1, ""1758931200.0"": 7, ""1759104000.0"": 17, ""1759363200.0"": 3, ""1759708800.0"": 4, ""1759795200.0"": 1, ""1759881600.0"": 1, ""1760400000.0"": 5, ""1760486400.0"": 1, ""1760659200.0"": 10, ""1760745600.0"": 2, ""1761004800.0"": 5, ""1761091200.0"": 3, ""1761436800.0"": 5, ""1761696000.0"": 19, ""1761782400.0"": 65, ""1761868800.0"": 85, ""1761955200.0"": 39, ""1762041600.0"": 40, ""1762128000.0"": 19, ""1762214400.0"": 17, ""1762300800.0"": 80, ""1762387200.0"": 76, ""1762473600.0"": 63, ""1762560000.0"": 41, ""1762646400.0"": 52, ""1762732800.0"": 101, ""1762819200.0"": 153, ""1762905600.0"": 176, ""1762992000.0"": 158, ""1763078400.0"": 220, ""1763164800.0"": 104, ""1763251200.0"": 53, ""1763337600.0"": 223, ""1763424000.0"": 199, ""1763510400.0"": 187, ""1763596800.0"": 98, ""1763683200.0"": 196, ""1763769600.0"": 102, ""1763856000.0"": 57, ""1763942400.0"": 138, ""1764028800.0"": 136, ""1764115200.0"": 134, ""1764201600.0"": 131, ""1764288000.0"": 10, ""1764374400.0"": 100, ""1764460800.0"": 75, ""1764547200.0"": 140, ""1764633600.0"": 207, ""1764720000.0"": 111, ""1764806400.0"": 134, ""1764892800.0"": 132, ""1764979200.0"": 101, ""1765065600.0"": 87, ""1765152000.0"": 142, ""1765238400.0"": 139, ""1765324800.0"": 157, ""1765411200.0"": 119, ""1765497600.0"": 188, ""1765584000.0"": 114, ""1765670400.0"": 75, ""1765756800.0"": 123, ""1765843200.0"": 169, ""1765929600.0"": 126, ""1766016000.0"": 146, ""1766102400.0"": 155, ""1766188800.0"": 82, ""1766275200.0"": 88, ""1766361600.0"": 113, ""1766448000.0"": 127, ""1766534400.0"": 123, ""1766620800.0"": 47, ""1766707200.0"": 126, ""1766793600.0"": 97, ""1766880000.0"": 78, ""1766966400.0"": 132, ""1767052800.0"": 7, ""1767139200.0"": 104, ""1767225600.0"": 49, ""1767312000.0"": 33, ""1767398400.0"": 79, ""1767484800.0"": 64, ""1767571200.0"": 56, ""1767657600.0"": 86, ""1767744000.0"": 10, ""1767830400.0"": 3, ""1767916800.0"": 7, ""1768003200.0"": 3, ""1768089600.0"": 59, ""1768176000.0"": 24, ""1768348800.0"": 1, ""1768867200.0"": 2, ""1769126400.0"": 1}",,Cash - BUHC,Debtors - BUHC,Round Off - BUHC,Main - BUHC,Write Off - BUHC,Exchange Gain/Loss - BUHC,,,0,Creditors - BUHC,Cost of Goods Sold - BUHC,Sales - BUHC,,,,,Main - BUHC,,1,0,Stock In Hand - BUHC,Stock Adjustment - BUHC,,Stock Received But Not Billed - BUHC,,Accumulated Depreciation - BUHC,Depreciation - BUHC,,Gain/Loss on Asset Disposal - BUHC,Main - BUHC,CWIP Account - BUHC,Asset Received But Not Billed - BUHC,0,Daily,0,,,33,34,,,,,,Kicukiro,HC
Busasamana (Rubavu) Health Center,2025-05-14 21:12:01.421667,2026-02-18 17:26:53.656087,Administrator,florentin.ndabarasa@moh.gov.rw,0,0,Busasamana (Rubavu) Health Center,BSSMNRBVHC,0195,RWF,Rwanda,0,,,,,,,,,,,,,,,Standard Template,,Standard,,{},0.0,88.65,,,0.0,"{""1754438400.0"": 1}",,Cash - BSSMNRBVHC,Debtors - BSSMNRBVHC,Round Off - BSSMNRBVHC,Main - BSSMNRBVHC,Write Off - BSSMNRBVHC,Exchange Gain/Loss - BSSMNRBVHC,,,0,Creditors - BSSMNRBVHC,Cost of Goods Sold - BSSMNRBVHC,Sales - BSSMNRBVHC,,,,,Main - BSSMNRBVHC,,1,0,Stock In Hand - BSSMNRBVHC,Stock Adjustment - BSSMNRBVHC,,Stock Received But Not Billed - BSSMNRBVHC,,Accumulated Depreciation - BSSMNRBVHC,Depreciation - BSSMNRBVHC,,Gain/Loss on Asset Disposal - BSSMNRBVHC,Main - BSSMNRBVHC,CWIP Account - BSSMNRBVHC,Asset Received But Not Billed - BSSMNRBVHC,0,Daily,0,,,335,336,,,,,,Rubavu,HC
Busengo Health Center,2026-01-15 09:18:31.252314,2026-04-28 16:25:00.612398,turinayoaimable12@gmail.com,mararashema@gmail.com,0,0,Busengo Health Center,BSGOHC,0287,RWF,Rwanda,0,,Kinihira PH,,,,,,,,,,,,,Standard Template,,Standard,,{},0.0,178300.0,,,0.0,"{""1768867200.0"": 17, ""1768953600.0"": 14, ""1769040000.0"": 38, ""1769126400.0"": 21, ""1769212800.0"": 1, ""1769299200.0"": 16, ""1769385600.0"": 26, ""1769472000.0"": 23, ""1769644800.0"": 1, ""1770336000.0"": 6, ""1770595200.0"": 25, ""1770681600.0"": 2, ""1770854400.0"": 28, ""1770940800.0"": 7, ""1771200000.0"": 3, ""1771286400.0"": 46, ""1771372800.0"": 25}",,Cash - BSGOHC,Debtors - BSGOHC,Round Off - BSGOHC,Main - BSGOHC,Write Off - BSGOHC,Exchange Gain/Loss - BSGOHC,,,0,Creditors - BSGOHC,Cost of Goods Sold - BSGOHC,Sales - BSGOHC,,,,,Main - BSGOHC,,1,0,Stock In Hand - BSGOHC,Stock Adjustment - BSGOHC,,Stock Received But Not Billed - BSGOHC,,Accumulated Depreciation - BSGOHC,Depreciation - BSGOHC,,Gain/Loss on Asset Disposal - BSGOHC,Main - BSGOHC,CWIP Account - BSGOHC,Asset Received But Not Billed - BSGOHC,0,Daily,0,,,617,618,,,,,,Gakenke,HC
Bushara Health Center,2025-07-24 01:23:07.476040,2026-04-28 12:15:15.797907,habimanajeandedieu177@gmail.com,ildephonse90@yahoo.com,0,0,Bushara Health Center,BSHRHC,0333,RWF,Rwanda,0,,,,,,,,,,,,,,,Standard Template,,Standard,,{},0.0,121930.0,,,0.0,"{""1754092800.0"": 1, ""1754438400.0"": 1, ""1754524800.0"": 2, ""1755734400.0"": 1, ""1759363200.0"": 1, ""1768953600.0"": 4, ""1770076800.0"": 53, ""1770163200.0"": 77, ""1770249600.0"": 51, ""1770336000.0"": 59, ""1770422400.0"": 56, ""1770508800.0"": 25, ""1770595200.0"": 1, ""1770681600.0"": 58, ""1770768000.0"": 51, ""1770854400.0"": 55, ""1770940800.0"": 10, ""1771113600.0"": 1, ""1771200000.0"": 96, ""1771286400.0"": 44, ""1771372800.0"": 54}",,Cash - BSHRHC,Debtors - BSHRHC,Round Off - BSHRHC,Main - BSHRHC,Write Off - BSHRHC,Exchange Gain/Loss - BSHRHC,,,0,Creditors - BSHRHC,Cost of Goods Sold - BSHRHC,Sales - BSHRHC,,,,,Main - BSHRHC,,1,0,Stock In Hand - BSHRHC,Stock Adjustment - BSHRHC,,Stock Received But Not Billed - BSHRHC,,Accumulated Depreciation - BSHRHC,Depreciation - BSHRHC,,Gain/Loss on Asset Disposal - BSHRHC,Main - BSHRHC,CWIP Account - BSHRHC,Asset Received But Not Billed - BSHRHC,0,Daily,0,,,493,494,,,,,,Gicumbi,HC
Bushoka Health Center,2026-01-15 09:27:15.140144,2026-04-28 16:32:21.123293,niyomakirironoah@gmail.com,mararashema@gmail.com,0,0,Bushoka Health Center,BSHKHC,0288,RWF,Rwanda,0,,Kinihira PH,,,,,,,,,,,,,Standard Template,,Standard,,{},0.0,372650.754,,,0.0,"{""1768780800.0"": 28, ""1768867200.0"": 35, ""1768953600.0"": 24, ""1769040000.0"": 58, ""1769126400.0"": 71, ""1769212800.0"": 18, ""1769299200.0"": 38, ""1769385600.0"": 8, ""1769472000.0"": 67, ""1769558400.0"": 58, ""1769644800.0"": 56, ""1769731200.0"": 70, ""1769817600.0"": 29, ""1769904000.0"": 22, ""1769990400.0"": 54, ""1770076800.0"": 63, ""1770163200.0"": 51, ""1770249600.0"": 83, ""1770336000.0"": 59, ""1770422400.0"": 16, ""1770508800.0"": 14, ""1770595200.0"": 80, ""1770681600.0"": 59, ""1770768000.0"": 52, ""1770854400.0"": 68, ""1770940800.0"": 59, ""1771027200.0"": 24, ""1771113600.0"": 36, ""1771200000.0"": 53, ""1771286400.0"": 47, ""1771372800.0"": 58}",,Cash - BSHKHC,Debtors - BSHKHC,Round Off - BSHKHC,Main - BSHKHC,Write Off - BSHKHC,Exchange Gain/Loss - BSHKHC,,,0,Creditors - BSHKHC,Cost of Goods Sold - BSHKHC,Sales - BSHKHC,,,,,Main - BSHKHC,,1,0,Stock In Hand - BSHKHC,Stock Adjustment - BSHKHC,,Stock Received But Not Billed - BSHKHC,,Accumulated Depreciation - BSHKHC,Depreciation - BSHKHC,,Gain/Loss on Asset Disposal - BSHKHC,Main - BSHKHC,CWIP Account - BSHKHC,Asset Received But Not Billed - BSHKHC,0,Daily,0,,,619,620,,,,,,Gakenke,HC
Busigari Health Center,2025-05-14 21:16:28.843832,2026-02-18 17:26:53.450423,Administrator,florentin.ndabarasa@moh.gov.rw,0,0,Busigari Health Center,BSGRHC,1656,RWF,Rwanda,0,,,,,,,,,,,,,,,Standard Template,,Standard,,{},0.0,0.0,,,0.0,{},,Cash - BSGRHC,Debtors - BSGRHC,Round Off - BSGRHC,Main - BSGRHC,Write Off - BSGRHC,Exchange Gain/Loss - BSGRHC,,,0,Creditors - BSGRHC,Cost of Goods Sold - BSGRHC,Sales - BSGRHC,,,,,Main - BSGRHC,,1,0,Stock In Hand - BSGRHC,Stock Adjustment - BSGRHC,,Stock Received But Not Billed - BSGRHC,,Accumulated Depreciation - BSGRHC,Depreciation - BSGRHC,,Gain/Loss on Asset Disposal - BSGRHC,Main - BSGRHC,CWIP Account - BSGRHC,Asset Received But Not Billed - BSGRHC,0,Daily,0,,,337,338,,,,,,Rubavu,HC
Busogo Health Center,2025-06-04 01:38:08.073779,2026-04-28 14:37:47.171805,irasubizaerishama@gmail.com,florentin.ndabarasa@moh.gov.rw,0,0,Busogo Health Center,BUSGHC,0309,RWF,Rwanda,0,,,,,,,,,,,,,,,Standard Template,,Standard,,{},0.0,93238.603,,,0.0,"{""1761523200.0"": 7, ""1761609600.0"": 6, ""1761696000.0"": 39, ""1761782400.0"": 39, ""1761868800.0"": 14, ""1761955200.0"": 18, ""1762128000.0"": 34, ""1762214400.0"": 23, ""1762300800.0"": 19, ""1762387200.0"": 24, ""1762473600.0"": 2, ""1762646400.0"": 12, ""1762732800.0"": 38, ""1762819200.0"": 10, ""1763078400.0"": 3, ""1763164800.0"": 6, ""1764115200.0"": 1, ""1764374400.0"": 2, ""1764633600.0"": 1, ""1764720000.0"": 5, ""1764806400.0"": 7, ""1764892800.0"": 7, ""1764979200.0"": 3, ""1765152000.0"": 1, ""1765238400.0"": 4, ""1765324800.0"": 6, ""1765411200.0"": 4, ""1765497600.0"": 5, ""1765584000.0"": 6, ""1765756800.0"": 4, ""1765843200.0"": 10, ""1765929600.0"": 13, ""1766016000.0"": 10, ""1766102400.0"": 2, ""1766361600.0"": 1, ""1766448000.0"": 3, ""1766534400.0"": 1, ""1766620800.0"": 2, ""1766707200.0"": 2, ""1766793600.0"": 1, ""1766880000.0"": 3, ""1766966400.0"": 16, ""1767052800.0"": 5, ""1767139200.0"": 27, ""1767225600.0"": 26, ""1767312000.0"": 39, ""1767398400.0"": 33, ""1767484800.0"": 31, ""1767571200.0"": 97, ""1767657600.0"": 103, ""1767744000.0"": 5, ""1767830400.0"": 68, ""1767916800.0"": 28, ""1768003200.0"": 35, ""1768089600.0"": 17, ""1768176000.0"": 29, ""1768262400.0"": 108, ""1768348800.0"": 7, ""1768435200.0"": 47, ""1768521600.0"": 2, ""1768608000.0"": 2, ""1768694400.0"": 47, ""1768780800.0"": 27, ""1768867200.0"": 37, ""1768953600.0"": 11, ""1769040000.0"": 6, ""1769126400.0"": 20, ""1769212800.0"": 18, ""1769299200.0"": 22, ""1769385600.0"": 9, ""1769472000.0"": 27, ""1769558400.0"": 20, ""1769644800.0"": 6, ""1769731200.0"": 2, ""1769817600.0"": 3, ""1769904000.0"": 52, ""1769990400.0"": 51, ""1770076800.0"": 86, ""1770163200.0"": 106, ""1770249600.0"": 69, ""1770336000.0"": 41, ""1770422400.0"": 47, ""1770508800.0"": 30, ""1770595200.0"": 84, ""1770681600.0"": 9, ""1770768000.0"": 22, ""1770854400.0"": 16, ""1770940800.0"": 11, ""1771027200.0"": 32, ""1771113600.0"": 28, ""1771200000.0"": 29, ""1771286400.0"": 27, ""1771372800.0"": 9}",,Cash - BUSGHC,Debtors - BUSGHC,Round Off - BUSGHC,Main - BUSGHC,Write Off - BUSGHC,Exchange Gain/Loss - BUSGHC,,,0,Creditors - BUSGHC,Cost of Goods Sold - BUSGHC,Sales - BUSGHC,,,,,Main - BUSGHC,,1,0,Stock In Hand - BUSGHC,Stock Adjustment - BUSGHC,,Stock Received But Not Billed - BUSGHC,,Accumulated Depreciation - BUSGHC,Depreciation - BUSGHC,,Gain/Loss on Asset Disposal - BUSGHC,Main - BUSGHC,CWIP Account - BUSGHC,Asset Received But Not Billed - BUSGHC,0,Daily,0,,,391,392,,,,,,Musanze,HC
Busoro Health Center,2025-11-15 12:28:23.777799,2026-04-14 08:12:38.069865,ndayijedos@gmail.com,mararashema@gmail.com,0,0,Busoro Health Center,BSRHC,0037,RWF,Rwanda,0,,,,,,,,,,,,,,,Standard Template,,Standard,,{},0.0,37070.0,,,0.0,"{""1763337600.0"": 11, ""1763424000.0"": 47, ""1763510400.0"": 43, ""1763596800.0"": 50, ""1763683200.0"": 15, ""1763769600.0"": 34, ""1763856000.0"": 39, ""1763942400.0"": 50, ""1764028800.0"": 78, ""1764115200.0"": 44, ""1764201600.0"": 48, ""1764288000.0"": 41, ""1764374400.0"": 75, ""1764460800.0"": 44, ""1764547200.0"": 75, ""1764633600.0"": 63, ""1764720000.0"": 39, ""1764806400.0"": 44, ""1764892800.0"": 41, ""1764979200.0"": 26, ""1765065600.0"": 35, ""1765152000.0"": 69, ""1765238400.0"": 72, ""1765324800.0"": 39, ""1765411200.0"": 73, ""1765497600.0"": 89, ""1765584000.0"": 21, ""1765670400.0"": 31, ""1765756800.0"": 80, ""1765843200.0"": 49, ""1765929600.0"": 45, ""1766016000.0"": 105, ""1766102400.0"": 40, ""1766188800.0"": 20, ""1766275200.0"": 27, ""1766361600.0"": 77, ""1766448000.0"": 67, ""1766534400.0"": 46, ""1766620800.0"": 17, ""1766707200.0"": 37, ""1766793600.0"": 30, ""1766880000.0"": 16, ""1766966400.0"": 79, ""1767052800.0"": 51, ""1767139200.0"": 29, ""1767225600.0"": 28, ""1767312000.0"": 37, ""1767398400.0"": 32, ""1767571200.0"": 54, ""1767657600.0"": 113, ""1767744000.0"": 75, ""1767830400.0"": 86, ""1767916800.0"": 81, ""1768003200.0"": 22, ""1768089600.0"": 33, ""1768176000.0"": 46, ""1768262400.0"": 80, ""1768348800.0"": 36, ""1768435200.0"": 118, ""1768694400.0"": 30, ""1768780800.0"": 49, ""1768867200.0"": 86, ""1768953600.0"": 46, ""1769040000.0"": 95, ""1769126400.0"": 57, ""1769212800.0"": 17, ""1769299200.0"": 30, ""1769385600.0"": 84, ""1769472000.0"": 61, ""1769558400.0"": 61, ""1769644800.0"": 93, ""1769731200.0"": 41, ""1769817600.0"": 32, ""1769904000.0"": 25, ""1769990400.0"": 57, ""1770076800.0"": 99, ""1770163200.0"": 64, ""1770249600.0"": 93, ""1770336000.0"": 72, ""1770422400.0"": 32, ""1770508800.0"": 22, ""1770595200.0"": 83, ""1770681600.0"": 19, ""1770768000.0"": 34, ""1770854400.0"": 55, ""1771027200.0"": 27, ""1771113600.0"": 29, ""1771200000.0"": 6, ""1771286400.0"": 30, ""1771372800.0"": 11}",,Cash - BSRHC,Debtors - BSRHC,Round Off - BSRHC,Main - BSRHC,Write Off - BSRHC,Exchange Gain/Loss - BSRHC,,,0,Creditors - BSRHC,Cost of Goods Sold - BSRHC,Sales - BSRHC,,,,,Main - BSRHC,,1,0,Stock In Hand - BSRHC,Stock Adjustment - BSRHC,,Stock Received But Not Billed - BSRHC,,Accumulated Depreciation - BSRHC,Depreciation - BSRHC,,Gain/Loss on Asset Disposal - BSRHC,Main - BSRHC,CWIP Account - BSRHC,Asset Received But Not Billed - BSRHC,0,Daily,0,,,561,562,,,,,,Nyanza,HC
Buyoga Health Center,2024-09-30 15:29:35.023502,2026-04-10 09:40:28.527265,beatamushimiyimana@yahoo.com,rukundojoe30@gmail.com,0,0,Buyoga Health Center,BUYHC,0271,RWF,Rwanda,0,,,,,,,,,,,,,,,Standard Template,,Standard,,{},0.0,3960.4,,,0.0,"{""1744416000.0"": 2, ""1748044800.0"": 20, ""1748131200.0"": 15, ""1766534400.0"": 3, ""1770854400.0"": 3}",,Cash - BUYHC,Debtors - BUYHC,Round Off - BUYHC,Main - BUYHC,Write Off - BUYHC,Exchange Gain/Loss - BUYHC,,,0,Creditors - BUYHC,Cost of Goods Sold - BUYHC,Sales - BUYHC,,,,,Main - BUYHC,,1,0,Stock In Hand - BUYHC,Stock Adjustment - BUYHC,,Stock Received But Not Billed - BUYHC,,Accumulated Depreciation - BUYHC,Depreciation - BUYHC,,Gain/Loss on Asset Disposal - BUYHC,Main - BUYHC,CWIP Account - BUYHC,Asset Received But Not Billed - BUYHC,0,Daily,0,,,71,72,,,,,,Rulindo,HC
Bwisige Health Center,2025-07-23 23:32:35.983770,2026-04-26 09:32:11.916160,sarahniyomuhoza22@gmail.com,ildephonse90@yahoo.com,0,0,Bwisige Health Center,BWSGHC,0334,RWF,Rwanda,0,,,,,,,,,,,,,,,Standard Template,,Standard,,{},0.0,1000.0,,,0.0,"{""1753920000.0"": 1, ""1754265600.0"": 1, ""1754438400.0"": 1, ""1754524800.0"": 2, ""1755043200.0"": 2, ""1755129600.0"": 5, ""1755388800.0"": 3, ""1755561600.0"": 4, ""1756252800.0"": 1, ""1756771200.0"": 7, ""1757462400.0"": 4, ""1757548800.0"": 6, ""1757894400.0"": 11, ""1758067200.0"": 6, ""1758499200.0"": 4, ""1760400000.0"": 2, ""1760659200.0"": 5}",,Cash - BWSGHC,Debtors - BWSGHC,Round Off - BWSGHC,Main - BWSGHC,Write Off - BWSGHC,Exchange Gain/Loss - BWSGHC,,,0,Creditors - BWSGHC,Cost of Goods Sold - BWSGHC,Sales - BWSGHC,,,,,Main - BWSGHC,,1,0,Stock In Hand - BWSGHC,Stock Adjustment - BWSGHC,,Stock Received But Not Billed - BWSGHC,,Accumulated Depreciation - BWSGHC,Depreciation - BWSGHC,,Gain/Loss on Asset Disposal - BWSGHC,Main - BWSGHC,CWIP Account - BWSGHC,Asset Received But Not Billed - BWSGHC,0,Daily,0,,,449,450,,,,,,Gicumbi,HC
Byahi HC,2025-04-02 01:27:50.984013,2026-02-18 17:26:53.253783,Administrator,florentin.ndabarasa@moh.gov.rw,0,0,Byahi HC,BYAHIHC,0196,RWF,Rwanda,0,,,,,,,,,,,,,,,Standard Template,,Standard,,{},0.0,0.0,,,0.0,{},,Cash - BYAHIHC,Debtors - BYAHIHC,Round Off - BYAHIHC,Main - BYAHIHC,Write Off - BYAHIHC,Exchange Gain/Loss - BYAHIHC,,,0,Creditors - BYAHIHC,Cost of Goods Sold - BYAHIHC,Sales - BYAHIHC,,,,,Main - BYAHIHC,,1,0,Stock In Hand - BYAHIHC,Stock Adjustment - BYAHIHC,,Stock Received But Not Billed - BYAHIHC,,Accumulated Depreciation - BYAHIHC,Depreciation - BYAHIHC,,Gain/Loss on Asset Disposal - BYAHIHC,Main - BYAHIHC,CWIP Account - BYAHIHC,Asset Received But Not Billed - BYAHIHC,0,Daily,0,,,187,188,,,,,,Rubavu,HC
Byumba Health Center,2025-07-23 23:50:26.616475,2026-02-18 17:26:55.396670,Administrator,ildephonse90@yahoo.com,0,0,Byumba Health Center,BYMBHC,0335,RWF,Rwanda,0,,,,,,,,,,,,,,,Standard Template,,Standard,,{},0.0,620.0,,,0.0,"{""1754265600.0"": 5, ""1754352000.0"": 6, ""1754438400.0"": 2, ""1754524800.0"": 1, ""1755129600.0"": 2, ""1767052800.0"": 4, ""1770768000.0"": 3}",,Cash - BYMBHC,Debtors - BYMBHC,Round Off - BYMBHC,Main - BYMBHC,Write Off - BYMBHC,Exchange Gain/Loss - BYMBHC,,,0,Creditors - BYMBHC,Cost of Goods Sold - BYMBHC,Sales - BYMBHC,,,,,Main - BYMBHC,,1,0,Stock In Hand - BYMBHC,Stock Adjustment - BYMBHC,,Stock Received But Not Billed - BYMBHC,,Accumulated Depreciation - BYMBHC,Depreciation - BYMBHC,,Gain/Loss on Asset Disposal - BYMBHC,Main - BYMBHC,CWIP Account - BYMBHC,Asset Received But Not Billed - BYMBHC,0,Daily,0,,,455,456,,,,,,Gicumbi,HC
Camp Gihembe  Health Center,2025-07-24 00:02:52.032365,2026-02-18 17:26:55.018534,Administrator,ildephonse90@yahoo.com,0,0,Camp Gihembe  Health Center,CGIHC,0461,RWF,Rwanda,0,,,,,,,,,,,,,,,Standard Template,,Standard,,{},0.0,0.0,,,0.0,{},,Cash - CGIHC,Debtors - CGIHC,Round Off - CGIHC,Main - CGIHC,Write Off - CGIHC,Exchange Gain/Loss - CGIHC,,,0,Creditors - CGIHC,Cost of Goods Sold - CGIHC,Sales - CGIHC,,,,,Main - CGIHC,,1,0,Stock In Hand - CGIHC,Stock Adjustment - CGIHC,,Stock Received But Not Billed - CGIHC,,Accumulated Depreciation - CGIHC,Depreciation - CGIHC,,Gain/Loss on Asset Disposal - CGIHC,Main - CGIHC,CWIP Account - CGIHC,Asset Received But Not Billed - CGIHC,0,Daily,0,,,461,462,,,,,,Gicumbi,HC
Camp Nyabiheke Health Center,2025-04-26 23:54:30.626714,2026-04-28 12:27:59.964450,belancille.mukanoheli@savethechildren.org,florentin.ndabarasa@moh.gov.rw,0,0,Camp Nyabiheke Health Center,CNYBHKHC,0463,RWF,Rwanda,0,,,,,,,,,,,,,,,Standard Template,,Standard,,{},0.0,174236.57,,,0.0,"{""1763424000.0"": 2, ""1763510400.0"": 67, ""1763596800.0"": 77, ""1763683200.0"": 54, ""1763769600.0"": 17, ""1763856000.0"": 47, ""1763942400.0"": 93, ""1764028800.0"": 91, ""1764115200.0"": 95, ""1764201600.0"": 91, ""1764288000.0"": 64, ""1764374400.0"": 71, ""1764460800.0"": 57, ""1764547200.0"": 75, ""1764633600.0"": 91, ""1764720000.0"": 69, ""1764806400.0"": 78, ""1764892800.0"": 18, ""1764979200.0"": 11, ""1765065600.0"": 58, ""1765152000.0"": 55, ""1765238400.0"": 56, ""1765324800.0"": 37, ""1765411200.0"": 102, ""1765497600.0"": 7, ""1765584000.0"": 15, ""1765670400.0"": 22, ""1765756800.0"": 6, ""1765843200.0"": 11, ""1765929600.0"": 1, ""1766016000.0"": 66, ""1766102400.0"": 20, ""1766275200.0"": 3, ""1766361600.0"": 11, ""1766448000.0"": 6, ""1766534400.0"": 2, ""1766707200.0"": 1, ""1766966400.0"": 4, ""1767052800.0"": 23, ""1767225600.0"": 26, ""1767312000.0"": 59, ""1767398400.0"": 36, ""1767484800.0"": 45, ""1767571200.0"": 20, ""1767657600.0"": 67, ""1767744000.0"": 72, ""1767830400.0"": 86, ""1767916800.0"": 23, ""1768003200.0"": 21, ""1768089600.0"": 3, ""1768176000.0"": 33, ""1768262400.0"": 51, ""1768348800.0"": 60, ""1768435200.0"": 79, ""1768521600.0"": 1, ""1768608000.0"": 13, ""1768694400.0"": 30, ""1768780800.0"": 43, ""1768867200.0"": 28, ""1768953600.0"": 55, ""1769040000.0"": 71, ""1769126400.0"": 9, ""1769212800.0"": 12, ""1769299200.0"": 18, ""1769385600.0"": 42, ""1769472000.0"": 22, ""1769558400.0"": 54, ""1769644800.0"": 68, ""1769731200.0"": 22, ""1769817600.0"": 38, ""1769904000.0"": 13, ""1769990400.0"": 16, ""1770076800.0"": 50, ""1770249600.0"": 6, ""1770336000.0"": 3, ""1770508800.0"": 11, ""1770595200.0"": 64, ""1770681600.0"": 55, ""1770768000.0"": 35, ""1770854400.0"": 76, ""1770940800.0"": 8, ""1771027200.0"": 16, ""1771113600.0"": 31, ""1771200000.0"": 9, ""1771286400.0"": 34, ""1771372800.0"": 10}",,Cash - CNYBHKHC,Debtors - CNYBHKHC,Round Off - CNYBHKHC,Main - CNYBHKHC,Write Off - CNYBHKHC,Exchange Gain/Loss - CNYBHKHC,,,0,Creditors - CNYBHKHC,Cost of Goods Sold - CNYBHKHC,Sales - CNYBHKHC,,,,,Main - CNYBHKHC,,1,0,Stock In Hand - CNYBHKHC,Stock Adjustment - CNYBHKHC,,Stock Received But Not Billed - CNYBHKHC,,Accumulated Depreciation - CNYBHKHC,Depreciation - CNYBHKHC,,Gain/Loss on Asset Disposal - CNYBHKHC,Main - CNYBHKHC,CWIP Account - CNYBHKHC,Asset Received But Not Billed - CNYBHKHC,0,Daily,0,,,285,286,,,,,,Gatsibo,HC
Coko Health Center,2026-01-15 09:44:35.344672,2026-04-28 17:03:51.861453,uadelphine92@gmail.com,mararashema@gmail.com,0,0,Coko Health Center,CCHC,0289,RWF,Rwanda,0,,Kinihira PH,,,,,,,,,,,,,Standard Template,,Standard,,{},0.0,2155705.47,,,0.0,"{""1768780800.0"": 5, ""1768867200.0"": 11, ""1768953600.0"": 14, ""1769040000.0"": 5, ""1769385600.0"": 18, ""1769472000.0"": 18, ""1769558400.0"": 23, ""1769644800.0"": 29, ""1769731200.0"": 50, ""1769817600.0"": 20, ""1769904000.0"": 24, ""1769990400.0"": 41, ""1770076800.0"": 36, ""1770249600.0"": 1, ""1770336000.0"": 3, ""1770422400.0"": 21, ""1770508800.0"": 4, ""1770595200.0"": 22, ""1770768000.0"": 89, ""1770854400.0"": 75, ""1770940800.0"": 21, ""1771027200.0"": 19, ""1771113600.0"": 19, ""1771200000.0"": 38, ""1771286400.0"": 49, ""1771372800.0"": 75}",,Cash - CCHC,Debtors - CCHC,Round Off - CCHC,Main - CCHC,Write Off - CCHC,Exchange Gain/Loss - CCHC,,,0,Creditors - CCHC,Cost of Goods Sold - CCHC,Sales - CCHC,,,,,Main - CCHC,,1,0,Stock In Hand - CCHC,Stock Adjustment - CCHC,,Stock Received But Not Billed - CCHC,,Accumulated Depreciation - CCHC,Depreciation - CCHC,,Gain/Loss on Asset Disposal - CCHC,Main - CCHC,CWIP Account - CCHC,Asset Received But Not Billed - CCHC,0,Daily,0,,,621,622,,,,,,Gakenke,HC
Cor-Unum Health Center,2024-10-23 16:14:59.463500,2026-04-13 08:31:32.265196,havinno100@gmail.com,rukundojoe30@gmail.com,0,7,Cor-Unum Health Center,CUHC,0004,RWF,Rwanda,0,,,,,,,,,,,,,,,Standard Template,,Standard,,{},0.0,750.0,,,0.0,"{""1739923200.0"": 151, ""1740009600.0"": 281, ""1740096000.0"": 158, ""1740182400.0"": 94, ""1740268800.0"": 167, ""1740355200.0"": 225, ""1740441600.0"": 322, ""1740528000.0"": 293, ""1740614400.0"": 359, ""1740700800.0"": 311, ""1740787200.0"": 156, ""1740873600.0"": 103, ""1740960000.0"": 225, ""1741046400.0"": 271, ""1741132800.0"": 165, ""1741219200.0"": 259, ""1741305600.0"": 212, ""1741392000.0"": 122, ""1741478400.0"": 138, ""1741564800.0"": 289, ""1741651200.0"": 313, ""1741737600.0"": 281, ""1741824000.0"": 237, ""1741910400.0"": 181, ""1741996800.0"": 149, ""1742083200.0"": 84, ""1742169600.0"": 228, ""1742256000.0"": 253, ""1742342400.0"": 272, ""1742428800.0"": 147, ""1742515200.0"": 184, ""1742601600.0"": 37, ""1742688000.0"": 59, ""1742774400.0"": 275, ""1742860800.0"": 262, ""1742947200.0"": 399, ""1743033600.0"": 191, ""1743120000.0"": 238, ""1743206400.0"": 86, ""1743292800.0"": 63, ""1743379200.0"": 172, ""1743465600.0"": 174, ""1743552000.0"": 101, ""1743638400.0"": 310, ""1743724800.0"": 218, ""1743811200.0"": 85, ""1743897600.0"": 107, ""1743984000.0"": 66, ""1744070400.0"": 345, ""1744156800.0"": 323, ""1744243200.0"": 392, ""1744329600.0"": 240, ""1744416000.0"": 95, ""1744502400.0"": 177, ""1744588800.0"": 253, ""1744675200.0"": 192, ""1744761600.0"": 219, ""1744848000.0"": 268, ""1744934400.0"": 141, ""1745020800.0"": 148, ""1745107200.0"": 99, ""1745193600.0"": 120, ""1745280000.0"": 257, ""1745366400.0"": 188, ""1745452800.0"": 159, ""1745539200.0"": 190, ""1745625600.0"": 45, ""1745712000.0"": 22, ""1745798400.0"": 318, ""1745884800.0"": 264, ""1745971200.0"": 102, ""1746057600.0"": 115, ""1746144000.0"": 155, ""1746230400.0"": 75, ""1746316800.0"": 70, ""1746403200.0"": 249, ""1746489600.0"": 275, ""1746576000.0"": 146, ""1746662400.0"": 180, ""1746748800.0"": 208, ""1746835200.0"": 78, ""1746921600.0"": 79, ""1747008000.0"": 309, ""1747094400.0"": 225, ""1747180800.0"": 263, ""1747267200.0"": 188, ""1747353600.0"": 118, ""1747440000.0"": 85, ""1747526400.0"": 63, ""1747612800.0"": 270, ""1747699200.0"": 287, ""1747785600.0"": 120, ""1747872000.0"": 119, ""1747958400.0"": 140, ""1748044800.0"": 228, ""1748131200.0"": 147, ""1748217600.0"": 262, ""1748304000.0"": 438, ""1748390400.0"": 436, ""1748476800.0"": 501, ""1748563200.0"": 476, ""1748649600.0"": 100, ""1748736000.0"": 61, ""1748822400.0"": 323, ""1748908800.0"": 246, ""1748995200.0"": 249, ""1749081600.0"": 415, ""1749168000.0"": 175, ""1749254400.0"": 107, ""1749340800.0"": 78, ""1749427200.0"": 378, ""1749513600.0"": 514, ""1749600000.0"": 325, ""1749686400.0"": 495, ""1749772800.0"": 345, ""1749859200.0"": 188, ""1749945600.0"": 110, ""1750032000.0"": 368, ""1750118400.0"": 404, ""1750204800.0"": 397, ""1750291200.0"": 365, ""1750377600.0"": 315, ""1750464000.0"": 174, ""1750550400.0"": 112, ""1750636800.0"": 342, ""1750723200.0"": 371, ""1750809600.0"": 4, ""1750896000.0"": 92, ""1750982400.0"": 8, ""1751241600.0"": 75, ""1751328000.0"": 87, ""1751414400.0"": 214, ""1751500800.0"": 3, ""1751587200.0"": 22, ""1751673600.0"": 1, ""1751846400.0"": 1, ""1751932800.0"": 2, ""1752105600.0"": 3, ""1752278400.0"": 33, ""1752451200.0"": 170, ""1752537600.0"": 190, ""1752624000.0"": 199, ""1752710400.0"": 195, ""1752796800.0"": 151, ""1752883200.0"": 95, ""1752969600.0"": 56, ""1753056000.0"": 257, ""1753142400.0"": 270, ""1753228800.0"": 200, ""1753315200.0"": 180, ""1753401600.0"": 166, ""1753488000.0"": 101, ""1753574400.0"": 107, ""1753660800.0"": 215, ""1753747200.0"": 230, ""1753833600.0"": 189, ""1753920000.0"": 159, ""1754006400.0"": 124, ""1754092800.0"": 35, ""1754179200.0"": 1, ""1754265600.0"": 59, ""1754352000.0"": 2, ""1754438400.0"": 3, ""1754524800.0"": 3, ""1754611200.0"": 1, ""1754870400.0"": 32, ""1754956800.0"": 1, ""1755043200.0"": 1, ""1756684800.0"": 61, ""1757548800.0"": 1, ""1757980800.0"": 1, ""1758240000.0"": 7, ""1758326400.0"": 89, ""1758499200.0"": 109, ""1758585600.0"": 65, ""1758672000.0"": 72, ""1759276800.0"": 104, ""1759363200.0"": 20, ""1760400000.0"": 5, ""1760486400.0"": 73, ""1760572800.0"": 72, ""1760745600.0"": 38, ""1760832000.0"": 20, ""1760918400.0"": 35, ""1761004800.0"": 64, ""1761091200.0"": 60, ""1761177600.0"": 78, ""1761264000.0"": 57, ""1761350400.0"": 47, ""1761436800.0"": 2, ""1761523200.0"": 69, ""1761609600.0"": 19, ""1761696000.0"": 72, ""1761782400.0"": 53, ""1761868800.0"": 56, ""1761955200.0"": 42, ""1762041600.0"": 17, ""1762128000.0"": 57, ""1762214400.0"": 68, ""1762300800.0"": 79, ""1762387200.0"": 22, ""1762473600.0"": 56, ""1762560000.0"": 2, ""1762646400.0"": 34, ""1762732800.0"": 32, ""1762819200.0"": 71, ""1762905600.0"": 117, ""1762992000.0"": 82, ""1763078400.0"": 68, ""1763164800.0"": 25, ""1763337600.0"": 60, ""1763424000.0"": 41, ""1763510400.0"": 39, ""1763596800.0"": 15, ""1763683200.0"": 1, ""1763942400.0"": 10, ""1764028800.0"": 4, ""1764115200.0"": 18, ""1764201600.0"": 10, ""1764288000.0"": 1, ""1764633600.0"": 8, ""1764720000.0"": 4, ""1764806400.0"": 5, ""1765152000.0"": 1, ""1765324800.0"": 1, ""1765756800.0"": 1, ""1765929600.0"": 2, ""1766016000.0"": 1, ""1766102400.0"": 5, ""1767052800.0"": 2, ""1767139200.0"": 3, ""1767312000.0"": 2, ""1767398400.0"": 2, ""1767484800.0"": 1, ""1767571200.0"": 15, ""1767657600.0"": 8, ""1767744000.0"": 21, ""1767830400.0"": 19, ""1767916800.0"": 15, ""1768089600.0"": 1, ""1768176000.0"": 10, ""1768262400.0"": 73, ""1768348800.0"": 82, ""1768435200.0"": 20, ""1768780800.0"": 80, ""1768867200.0"": 48, ""1768953600.0"": 37, ""1769040000.0"": 8, ""1769126400.0"": 70, ""1769385600.0"": 70, ""1769472000.0"": 48, ""1769558400.0"": 54, ""1769644800.0"": 1, ""1769731200.0"": 39, ""1769990400.0"": 6, ""1770076800.0"": 52, ""1770163200.0"": 38, ""1770249600.0"": 12, ""1770336000.0"": 14, ""1770422400.0"": 25, ""1770595200.0"": 67, ""1770681600.0"": 55, ""1770768000.0"": 38, ""1770854400.0"": 43, ""1770940800.0"": 24, ""1771027200.0"": 25, ""1771200000.0"": 15, ""1771286400.0"": 4, ""1771372800.0"": 5}",,Cash - CUHC,Debtors - CUHC,Round Off - CUHC,Main - CUHC,Write Off - CUHC,Exchange Gain/Loss - CUHC,,,0,Creditors - CUHC,Cost of Goods Sold - CUHC,Sales - CUHC,,,,,Main - CUHC,,1,0,Stock In Hand - CUHC,Stock Adjustment - CUHC,,Stock Received But Not Billed - CUHC,,Accumulated Depreciation - CUHC,Depreciation - CUHC,,Gain/Loss on Asset Disposal - CUHC,Main - CUHC,CWIP Account - CUHC,Asset Received But Not Billed - CUHC,0,Daily,0,,,91,92,,,,,,Nyarugenge,HC
CUSP (Huye) Health Center,2026-01-16 12:37:56.215623,2026-04-28 18:00:42.095565,uwizema@yahoo.com,mararashema@gmail.com,0,0,CUSP (Huye) Health Center,CSPHC,0083,RWF,Rwanda,0,,Kinihira PH,,,,,,,,,,,,,Standard Template,,Standard,,{},0.0,712860.742,,,0.0,"{""1768867200.0"": 3, ""1769040000.0"": 5, ""1769126400.0"": 6, ""1769385600.0"": 110, ""1769472000.0"": 104, ""1769558400.0"": 126, ""1769644800.0"": 108, ""1769731200.0"": 126, ""1769817600.0"": 73, ""1769904000.0"": 56, ""1769990400.0"": 91, ""1770076800.0"": 107, ""1770163200.0"": 131, ""1770249600.0"": 99, ""1770336000.0"": 136, ""1770422400.0"": 68, ""1770508800.0"": 42, ""1770595200.0"": 118, ""1770681600.0"": 102, ""1770768000.0"": 84, ""1770854400.0"": 124, ""1770940800.0"": 113, ""1771027200.0"": 62, ""1771113600.0"": 48, ""1771200000.0"": 119, ""1771286400.0"": 92, ""1771372800.0"": 105}",,Cash - CSPHC,Debtors - CSPHC,Round Off - CSPHC,Main - CSPHC,Write Off - CSPHC,Exchange Gain/Loss - CSPHC,,,0,Creditors - CSPHC,Cost of Goods Sold - CSPHC,Sales - CSPHC,,,,,Main - CSPHC,,1,0,Stock In Hand - CSPHC,Stock Adjustment - CSPHC,,Stock Received But Not Billed - CSPHC,,Accumulated Depreciation - CSPHC,Depreciation - CSPHC,,Gain/Loss on Asset Disposal - CSPHC,Main - CSPHC,CWIP Account - CSPHC,Asset Received But Not Billed - CSPHC,0,Daily,0,,,635,636,,,,,,Huye,HC
Cyabayaga Health Center,2025-05-15 20:04:47.457038,2026-04-28 16:28:54.247050,nsabimanagilbert20@gmail.com,ildephonse90@yahoo.com,0,0,Cyabayaga Health Center,CYBYGHC,0367,RWF,Rwanda,0,,,,,,,,,,,,,,,Standard Template,,Standard,,{},0.0,353990.0,,,0.0,"{""1747958400.0"": 10, ""1748044800.0"": 97, ""1748131200.0"": 40, ""1748995200.0"": 1, ""1754092800.0"": 1, ""1758672000.0"": 4, ""1759104000.0"": 2, ""1762560000.0"": 8, ""1766448000.0"": 7, ""1766534400.0"": 58, ""1766620800.0"": 35, ""1766707200.0"": 74, ""1766793600.0"": 68, ""1766880000.0"": 42, ""1766966400.0"": 39, ""1767052800.0"": 83, ""1767139200.0"": 38, ""1767225600.0"": 49, ""1767312000.0"": 10, ""1767398400.0"": 54, ""1767484800.0"": 56, ""1767571200.0"": 81, ""1767657600.0"": 54, ""1767744000.0"": 8, ""1767830400.0"": 9, ""1767916800.0"": 5, ""1768003200.0"": 1, ""1768176000.0"": 2, ""1768262400.0"": 1, ""1768348800.0"": 2, ""1768435200.0"": 1, ""1768608000.0"": 61, ""1768694400.0"": 70, ""1768780800.0"": 1, ""1768867200.0"": 14, ""1768953600.0"": 3, ""1769126400.0"": 39, ""1769212800.0"": 54, ""1769299200.0"": 55, ""1769385600.0"": 80, ""1769472000.0"": 85, ""1769558400.0"": 44, ""1769644800.0"": 25, ""1769731200.0"": 31, ""1769817600.0"": 49, ""1769904000.0"": 43, ""1769990400.0"": 54, ""1770076800.0"": 84, ""1770163200.0"": 103, ""1770249600.0"": 64, ""1770336000.0"": 91, ""1770422400.0"": 57, ""1770508800.0"": 32, ""1770595200.0"": 121, ""1770681600.0"": 81, ""1770768000.0"": 131, ""1770854400.0"": 81, ""1770940800.0"": 14, ""1771027200.0"": 53, ""1771113600.0"": 39, ""1771200000.0"": 77, ""1771286400.0"": 104, ""1771372800.0"": 130}",,Cash - CYBYGHC,Debtors - CYBYGHC,Round Off - CYBYGHC,Main - CYBYGHC,Write Off - CYBYGHC,Exchange Gain/Loss - CYBYGHC,,,0,Creditors - CYBYGHC,Cost of Goods Sold - CYBYGHC,Sales - CYBYGHC,,,,,Main - CYBYGHC,,1,0,Stock In Hand - CYBYGHC,Stock Adjustment - CYBYGHC,,Stock Received But Not Billed - CYBYGHC,,Accumulated Depreciation - CYBYGHC,Depreciation - CYBYGHC,,Gain/Loss on Asset Disposal - CYBYGHC,Main - CYBYGHC,CWIP Account - CYBYGHC,Asset Received But Not Billed - CYBYGHC,0,Daily,0,,,353,354,,,,,,Nyagatare,HC
CYABINGO HEALTH CENTER,2026-01-13 13:29:31.502595,2026-02-24 15:16:48.825423,divinfiston1@gmail.com,nsemmanuel14@gmail.com,0,0,CYABINGO HEALTH CENTER,CYBHC,0290,RWF,Rwanda,0,,,,,,,,,,,,,,,Standard Template,,Standard,,,0.0,0.0,,,0.0,"{""1768780800.0"": 21, ""1768867200.0"": 20, ""1768953600.0"": 16, ""1769040000.0"": 14, ""1769126400.0"": 1}",,Cash - CYBHC,Debtors - CYBHC,Round Off - CYBHC,Main - CYBHC,Write Off - CYBHC,Exchange Gain/Loss - CYBHC,,,0,Creditors - CYBHC,Cost of Goods Sold - CYBHC,Sales - CYBHC,,,,,Main - CYBHC,,1,0,Stock In Hand - CYBHC,Stock Adjustment - CYBHC,,Stock Received But Not Billed - CYBHC,,Accumulated Depreciation - CYBHC,Depreciation - CYBHC,,Gain/Loss on Asset Disposal - CYBHC,Main - CYBHC,CWIP Account - CYBHC,Asset Received But Not Billed - CYBHC,0,Daily,0,,,607,608,,,,,,Gakenke,HC
Cyabingo(Gakenke) Health Center,2026-01-15 10:26:42.684092,2026-04-28 16:24:18.651677,ayobangiriradiane@gmail.com,mararashema@gmail.com,0,0,Cyabingo(Gakenke) Health Center,CfYBNGHC,0290,RWF,Rwanda,0,,Kinihira PH,,,,,,,,,,,,,Standard Template,,Standard,,{},0.0,278546.0,,,0.0,"{""1768780800.0"": 12, ""1768867200.0"": 6, ""1768953600.0"": 11, ""1769040000.0"": 85, ""1769126400.0"": 63, ""1769385600.0"": 96, ""1769472000.0"": 69, ""1769558400.0"": 102, ""1769644800.0"": 63, ""1769731200.0"": 73, ""1769817600.0"": 39, ""1769904000.0"": 19, ""1769990400.0"": 8, ""1770076800.0"": 59, ""1770163200.0"": 100, ""1770249600.0"": 71, ""1770336000.0"": 61, ""1770422400.0"": 37, ""1770508800.0"": 25, ""1770595200.0"": 90, ""1770681600.0"": 75, ""1770768000.0"": 94, ""1770854400.0"": 85, ""1770940800.0"": 64, ""1771027200.0"": 28, ""1771113600.0"": 22, ""1771200000.0"": 106, ""1771286400.0"": 84, ""1771372800.0"": 105}",,Cash - CfYBNGHC,Debtors - CfYBNGHC,Round Off - CfYBNGHC,Main - CfYBNGHC,Write Off - CfYBNGHC,Exchange Gain/Loss - CfYBNGHC,,,0,Creditors - CfYBNGHC,Cost of Goods Sold - CfYBNGHC,Sales - CfYBNGHC,,,,,Main - CfYBNGHC,,1,0,Stock In Hand - CfYBNGHC,Stock Adjustment - CfYBNGHC,,Stock Received But Not Billed - CfYBNGHC,,Accumulated Depreciation - CfYBNGHC,Depreciation - CfYBNGHC,,Gain/Loss on Asset Disposal - CfYBNGHC,Main - CfYBNGHC,CWIP Account - CfYBNGHC,Asset Received But Not Billed - CfYBNGHC,0,Daily,0,,,623,624,,,,,,Gakenke,HC
Cyaratsi Health Center,2025-11-15 13:59:59.950035,2026-04-09 11:52:19.004575,mjeannemukandinda1@gmail.com,mararashema@gmail.com,0,0,Cyaratsi Health Center,CYTSHC,0038,RWF,Rwanda,0,,,,,,,,,,,,,,,Standard Template,,Standard,,{},0.0,800.0,,,0.0,"{""1763424000.0"": 3, ""1763510400.0"": 27, ""1765929600.0"": 14, ""1766016000.0"": 26, ""1766102400.0"": 12, ""1766448000.0"": 1, ""1766534400.0"": 19, ""1766966400.0"": 10, ""1767052800.0"": 4, ""1767571200.0"": 2, ""1767744000.0"": 2}",,Cash - CYTSHC,Debtors - CYTSHC,Round Off - CYTSHC,Main - CYTSHC,Write Off - CYTSHC,Exchange Gain/Loss - CYTSHC,,,0,Creditors - CYTSHC,Cost of Goods Sold - CYTSHC,Sales - CYTSHC,,,,,Main - CYTSHC,,1,0,Stock In Hand - CYTSHC,Stock Adjustment - CYTSHC,,Stock Received But Not Billed - CYTSHC,,Accumulated Depreciation - CYTSHC,Depreciation - CYTSHC,,Gain/Loss on Asset Disposal - CYTSHC,Main - CYTSHC,CWIP Account - CYTSHC,Asset Received But Not Billed - CYTSHC,0,Daily,0,,,577,578,,,,,,Nyanza,HC
Cyarubare Health Center,2025-04-26 23:30:27.714368,2026-04-28 10:46:35.806627,safarichantal1@gmail.com,florentin.ndabarasa@moh.gov.rw,0,0,Cyarubare Health Center,CYRBRHC,0404,RWF,Rwanda,0,,,,,,,,,,,,,,,Standard Template,,Standard,,{},0.0,70284.0,,,0.0,"{""1747267200.0"": 2, ""1748044800.0"": 21, ""1748131200.0"": 11, ""1753228800.0"": 1, ""1754265600.0"": 86, ""1754352000.0"": 32, ""1754438400.0"": 26, ""1754524800.0"": 49, ""1754611200.0"": 13, ""1754697600.0"": 5, ""1754784000.0"": 20, ""1754870400.0"": 35, ""1754956800.0"": 30, ""1755043200.0"": 40, ""1755129600.0"": 28, ""1755216000.0"": 34, ""1755302400.0"": 25, ""1755388800.0"": 15, ""1755475200.0"": 35, ""1755561600.0"": 20, ""1755648000.0"": 23, ""1755734400.0"": 26, ""1755820800.0"": 51, ""1755907200.0"": 23, ""1755993600.0"": 25, ""1756080000.0"": 51, ""1756166400.0"": 23, ""1756252800.0"": 68, ""1756339200.0"": 58, ""1756425600.0"": 37, ""1756512000.0"": 4, ""1756684800.0"": 49, ""1756771200.0"": 12, ""1756857600.0"": 41, ""1756944000.0"": 35, ""1757030400.0"": 25, ""1757116800.0"": 31, ""1757203200.0"": 17, ""1757289600.0"": 13, ""1757376000.0"": 24, ""1757462400.0"": 39, ""1757548800.0"": 55, ""1757635200.0"": 11, ""1757721600.0"": 37, ""1757894400.0"": 35, ""1757980800.0"": 39, ""1758067200.0"": 31, ""1758153600.0"": 25, ""1758240000.0"": 51, ""1758326400.0"": 20, ""1758412800.0"": 27, ""1758499200.0"": 73, ""1758585600.0"": 41, ""1758672000.0"": 54, ""1758758400.0"": 54, ""1758844800.0"": 51, ""1758931200.0"": 21, ""1759104000.0"": 59, ""1759190400.0"": 33, ""1759276800.0"": 65, ""1759363200.0"": 69, ""1759449600.0"": 27, ""1759536000.0"": 22, ""1759622400.0"": 13, ""1759708800.0"": 24, ""1759881600.0"": 28, ""1759968000.0"": 56, ""1760054400.0"": 17, ""1760140800.0"": 13, ""1760313600.0"": 21, ""1760400000.0"": 36, ""1760486400.0"": 44, ""1760572800.0"": 37, ""1760659200.0"": 25, ""1760745600.0"": 21, ""1760832000.0"": 16, ""1760918400.0"": 25, ""1761004800.0"": 36, ""1761091200.0"": 43, ""1761177600.0"": 42, ""1761264000.0"": 16, ""1761350400.0"": 29, ""1761523200.0"": 68, ""1761609600.0"": 12, ""1761696000.0"": 37, ""1761782400.0"": 60, ""1761868800.0"": 15, ""1761955200.0"": 15, ""1762041600.0"": 9, ""1762128000.0"": 57, ""1762214400.0"": 33, ""1762300800.0"": 45, ""1762387200.0"": 39, ""1762473600.0"": 24, ""1762560000.0"": 25, ""1762732800.0"": 64, ""1762819200.0"": 26, ""1762905600.0"": 68, ""1762992000.0"": 36, ""1763078400.0"": 43, ""1763164800.0"": 39, ""1763251200.0"": 22, ""1763337600.0"": 51, ""1763424000.0"": 38, ""1765843200.0"": 42, ""1765929600.0"": 44, ""1766102400.0"": 22, ""1766361600.0"": 31, ""1766448000.0"": 19, ""1766534400.0"": 22, ""1766620800.0"": 28, ""1766707200.0"": 15, ""1766966400.0"": 43, ""1767052800.0"": 26, ""1767139200.0"": 31, ""1767398400.0"": 18, ""1767484800.0"": 13, ""1767571200.0"": 40, ""1767744000.0"": 20, ""1767830400.0"": 6, ""1767916800.0"": 1, ""1768003200.0"": 2, ""1768176000.0"": 1, ""1768953600.0"": 5, ""1769040000.0"": 7, ""1769385600.0"": 29, ""1769558400.0"": 29, ""1769644800.0"": 6, ""1769817600.0"": 20, ""1769904000.0"": 28, ""1769990400.0"": 41, ""1770076800.0"": 18, ""1770163200.0"": 34, ""1770249600.0"": 26, ""1770336000.0"": 27, ""1770681600.0"": 25, ""1770768000.0"": 33, ""1770854400.0"": 29, ""1770940800.0"": 30, ""1771200000.0"": 29, ""1771286400.0"": 16, ""1771372800.0"": 14}",,Cash - CYRBRHC,Debtors - CYRBRHC,Round Off - CYRBRHC,Main - CYRBRHC,Write Off - CYRBRHC,Exchange Gain/Loss - CYRBRHC,,,0,Creditors - CYRBRHC,Cost of Goods Sold - CYRBRHC,Sales - CYRBRHC,,,,,Main - CYRBRHC,,1,0,Stock In Hand - CYRBRHC,Stock Adjustment - CYRBRHC,,Stock Received But Not Billed - CYRBRHC,,Accumulated Depreciation - CYRBRHC,Depreciation - CYRBRHC,,Gain/Loss on Asset Disposal - CYRBRHC,Main - CYRBRHC,CWIP Account - CYRBRHC,Asset Received But Not Billed - CYRBRHC,0,Daily,0,,,279,280,,,,,,Kayonza,HC
Cyeru Health Center,2025-11-15 10:34:32.318638,2026-04-28 17:06:08.689269,kuwijahi@yahoo.fr,mararashema@gmail.com,0,0,Cyeru Health Center,CYRHC,0142,RWF,Rwanda,0,,,,,,,,,,,,,,,Standard Template,,Standard,,{},0.0,231471.04,,,0.0,"{""1764115200.0"": 51, ""1764201600.0"": 53, ""1764288000.0"": 23, ""1764460800.0"": 1, ""1764547200.0"": 30, ""1764633600.0"": 1, ""1764806400.0"": 1, ""1764892800.0"": 1, ""1764979200.0"": 1, ""1765065600.0"": 1, ""1766707200.0"": 1, ""1767052800.0"": 26, ""1767139200.0"": 12, ""1767225600.0"": 49, ""1767312000.0"": 66, ""1767398400.0"": 59, ""1767484800.0"": 49, ""1767571200.0"": 81, ""1767657600.0"": 67, ""1767744000.0"": 48, ""1767830400.0"": 12, ""1767916800.0"": 11, ""1768003200.0"": 38, ""1768089600.0"": 50, ""1768176000.0"": 39, ""1768262400.0"": 35, ""1768348800.0"": 58, ""1768435200.0"": 24, ""1768521600.0"": 28, ""1768608000.0"": 29, ""1768694400.0"": 35, ""1768780800.0"": 58, ""1768867200.0"": 59, ""1768953600.0"": 70, ""1769040000.0"": 53, ""1769126400.0"": 81, ""1769212800.0"": 50, ""1769299200.0"": 51, ""1769385600.0"": 62, ""1769472000.0"": 47, ""1769731200.0"": 65, ""1769817600.0"": 33, ""1769904000.0"": 29, ""1769990400.0"": 27, ""1770076800.0"": 36, ""1770163200.0"": 68, ""1770249600.0"": 41, ""1770336000.0"": 47, ""1770422400.0"": 31, ""1770508800.0"": 10, ""1770595200.0"": 47, ""1770681600.0"": 52, ""1770768000.0"": 60, ""1770854400.0"": 31, ""1770940800.0"": 40, ""1771027200.0"": 28, ""1771113600.0"": 26, ""1771200000.0"": 56, ""1771286400.0"": 38, ""1771372800.0"": 40}",,Cash - CYRHC,Debtors - CYRHC,Round Off - CYRHC,Main - CYRHC,Write Off - CYRHC,Exchange Gain/Loss - CYRHC,,,0,Creditors - CYRHC,Cost of Goods Sold - CYRHC,Sales - CYRHC,,,,,Main - CYRHC,,1,0,Stock In Hand - CYRHC,Stock Adjustment - CYRHC,,Stock Received But Not Billed - CYRHC,,Accumulated Depreciation - CYRHC,Depreciation - CYRHC,,Gain/Loss on Asset Disposal - CYRHC,Main - CYRHC,CWIP Account - CYRHC,Asset Received But Not Billed - CYRHC,0,Daily,0,,,539,540,,,,,,Kamonyi,HC
Cyinzuzi Health Center,2024-10-02 16:03:13.066592,2026-04-20 14:34:21.464943,mukachris16@gmail.com,rukundojoe30@gmail.com,0,0,Cyinzuzi Health Center,CHC,2980,RWF,Rwanda,0,,,,,,,,,,,,,,,Standard Template,,Standard,,{},0.0,255689.98,,,0.0,"{""1748044800.0"": 34, ""1748131200.0"": 18, ""1751846400.0"": 2, ""1753142400.0"": 1, ""1761523200.0"": 1, ""1761609600.0"": 1, ""1764201600.0"": 2, ""1770854400.0"": 2}",,Cash - CHC,Debtors - CHC,Round Off - CHC,Main - CHC,Write Off - CHC,Exchange Gain/Loss - CHC,,,0,Creditors - CHC,Cost of Goods Sold - CHC,Sales - CHC,,,,,Main - CHC,,1,0,Stock In Hand - CHC,Stock Adjustment - CHC,,Stock Received But Not Billed - CHC,,Accumulated Depreciation - CHC,Depreciation - CHC,,Gain/Loss on Asset Disposal - CHC,Main - CHC,CWIP Account - CHC,Asset Received But Not Billed - CHC,0,Daily,0,,,87,88,,,,,,Rulindo,HC
Cyivugiza Health Center,2025-04-23 21:21:36.460747,2026-02-18 17:26:53.340718,Administrator,ildephonse90@yahoo.com,0,0,Cyivugiza Health Center,CYHC,1393,RWF,Rwanda,0,,,,,,,,,,,,,,,Standard Template,,Standard,,{},0.0,0.0,,,0.0,{},,Cash - CYHC,Debtors - CYHC,Round Off - CYHC,Main - CYHC,Write Off - CYHC,Exchange Gain/Loss - CYHC,,,0,Creditors - CYHC,Cost of Goods Sold - CYHC,Sales - CYHC,,,,,Main - CYHC,,1,0,Stock In Hand - CYHC,Stock Adjustment - CYHC,,Stock Received But Not Billed - CYHC,,Accumulated Depreciation - CYHC,Depreciation - CYHC,,Gain/Loss on Asset Disposal - CYHC,Main - CYHC,CWIP Account - CYHC,Asset Received But Not Billed - CYHC,0,Daily,0,,,243,244,,,,,,Nyamasheke,HC
Cyondo Health Center,2025-05-15 20:50:19.539244,2026-04-23 08:47:52.475271,nyirahabimanajenn@gmail.com,ildephonse90@yahoo.com,0,0,Cyondo Health Center,CYNDHC,0368,RWF,Rwanda,0,,,,,,,,,,,,,,,Standard Template,,Standard,,{},0.0,18906.0,,,0.0,"{""1758326400.0"": 1, ""1763078400.0"": 4, ""1763251200.0"": 18, ""1763337600.0"": 53, ""1763424000.0"": 54, ""1763510400.0"": 32, ""1763596800.0"": 1, ""1763683200.0"": 43, ""1763769600.0"": 8, ""1763856000.0"": 15, ""1764028800.0"": 1, ""1764115200.0"": 44, ""1764201600.0"": 23, ""1764460800.0"": 3, ""1764633600.0"": 10, ""1764806400.0"": 37, ""1764892800.0"": 2, ""1765238400.0"": 4, ""1765324800.0"": 28, ""1765411200.0"": 30, ""1765497600.0"": 20, ""1765584000.0"": 15, ""1765670400.0"": 27, ""1765756800.0"": 2, ""1765929600.0"": 3, ""1766016000.0"": 3, ""1766102400.0"": 17, ""1766448000.0"": 1, ""1766793600.0"": 18, ""1766880000.0"": 26, ""1766966400.0"": 36, ""1767484800.0"": 8, ""1767571200.0"": 20, ""1767657600.0"": 27, ""1767830400.0"": 10, ""1767916800.0"": 9, ""1768176000.0"": 4, ""1768262400.0"": 28, ""1768348800.0"": 42, ""1768780800.0"": 16, ""1768867200.0"": 2, ""1768953600.0"": 4, ""1769040000.0"": 1, ""1769212800.0"": 1, ""1769817600.0"": 3}",,Cash - CYNDHC,Debtors - CYNDHC,Round Off - CYNDHC,Main - CYNDHC,Write Off - CYNDHC,Exchange Gain/Loss - CYNDHC,,,0,Creditors - CYNDHC,Cost of Goods Sold - CYNDHC,Sales - CYNDHC,,,,,Main - CYNDHC,,1,0,Stock In Hand - CYNDHC,Stock Adjustment - CYNDHC,,Stock Received But Not Billed - CYNDHC,,Accumulated Depreciation - CYNDHC,Depreciation - CYNDHC,,Gain/Loss on Asset Disposal - CYNDHC,Main - CYNDHC,CWIP Account - CYNDHC,Asset Received But Not Billed - CYNDHC,0,Daily,0,,,367,368,,,,,,Nyagatare,HC
Cyumba Health Center,2025-07-23 23:54:55.124020,2026-04-19 16:34:04.559850,ntambajoseph@gmail.com,ildephonse90@yahoo.com,0,10,Cyumba Health Center,CYMBHC,1346,RWF,Rwanda,0,,,,,,,,,,,,,,,Standard Template,,Standard,,{},0.0,6800.0,,,0.0,"{""1754352000.0"": 2, ""1754524800.0"": 12, ""1754611200.0"": 26, ""1754697600.0"": 3, ""1754784000.0"": 14, ""1754870400.0"": 3, ""1754956800.0"": 2, ""1755561600.0"": 1, ""1755648000.0"": 12, ""1755734400.0"": 3, ""1755820800.0"": 1, ""1755907200.0"": 14, ""1755993600.0"": 18, ""1756080000.0"": 2, ""1756166400.0"": 3, ""1756252800.0"": 1, ""1756339200.0"": 3, ""1757116800.0"": 13, ""1757203200.0"": 19, ""1757548800.0"": 1, ""1757635200.0"": 2, ""1757721600.0"": 12, ""1757808000.0"": 22, ""1757894400.0"": 1, ""1757980800.0"": 3, ""1758067200.0"": 2, ""1758240000.0"": 1, ""1758585600.0"": 1, ""1758844800.0"": 2, ""1758931200.0"": 19, ""1759017600.0"": 24, ""1759104000.0"": 1, ""1759190400.0"": 5, ""1759276800.0"": 3, ""1760745600.0"": 12, ""1760832000.0"": 16, ""1761004800.0"": 1, ""1761609600.0"": 12, ""1762128000.0"": 3, ""1762214400.0"": 4, ""1762300800.0"": 3, ""1762387200.0"": 3, ""1763510400.0"": 3, ""1763683200.0"": 1, ""1763856000.0"": 19, ""1765584000.0"": 17, ""1765670400.0"": 18, ""1767398400.0"": 20, ""1767484800.0"": 21, ""1768867200.0"": 1, ""1770076800.0"": 1}",,Cash - CYMBHC,Debtors - CYMBHC,Round Off - CYMBHC,Main - CYMBHC,Write Off - CYMBHC,Exchange Gain/Loss - CYMBHC,,,0,Creditors - CYMBHC,Cost of Goods Sold - CYMBHC,Sales - CYMBHC,,,,,Main - CYMBHC,,1,0,Stock In Hand - CYMBHC,Stock Adjustment - CYMBHC,,Stock Received But Not Billed - CYMBHC,,Accumulated Depreciation - CYMBHC,Depreciation - CYMBHC,,Gain/Loss on Asset Disposal - CYMBHC,Main - CYMBHC,CWIP Account - CYMBHC,Asset Received But Not Billed - CYMBHC,0,Daily,0,,,457,458,,,,,,Gicumbi,HC
Gacaca Health Center,2025-06-04 01:34:28.819079,2026-04-28 11:21:36.050916,wellarstuyiramye@gmail.com,florentin.ndabarasa@moh.gov.rw,0,0,Gacaca Health Center,GACCHC,3216,RWF,Rwanda,0,,,,,,,,,,,,,,,Standard Template,,Standard,,{},0.0,121160.0,,,0.0,"{""1761523200.0"": 8, ""1761609600.0"": 35, ""1761696000.0"": 39, ""1761782400.0"": 47, ""1761868800.0"": 31, ""1761955200.0"": 35, ""1762041600.0"": 22, ""1762128000.0"": 41, ""1762214400.0"": 56, ""1762300800.0"": 112, ""1762387200.0"": 51, ""1762473600.0"": 29, ""1762560000.0"": 31, ""1762646400.0"": 37, ""1762732800.0"": 65, ""1762819200.0"": 44, ""1762905600.0"": 56, ""1762992000.0"": 59, ""1763078400.0"": 42, ""1763164800.0"": 41, ""1763251200.0"": 30, ""1763337600.0"": 76, ""1763424000.0"": 58, ""1763510400.0"": 86, ""1763596800.0"": 59, ""1763683200.0"": 45, ""1763769600.0"": 50, ""1763856000.0"": 26, ""1763942400.0"": 58, ""1764028800.0"": 48, ""1764115200.0"": 55, ""1764201600.0"": 37, ""1764288000.0"": 9, ""1764374400.0"": 23, ""1764460800.0"": 19, ""1764547200.0"": 43, ""1764633600.0"": 41, ""1764720000.0"": 77, ""1764806400.0"": 43, ""1764892800.0"": 52, ""1764979200.0"": 34, ""1765065600.0"": 16, ""1765152000.0"": 56, ""1765238400.0"": 40, ""1765324800.0"": 49, ""1765411200.0"": 42, ""1765497600.0"": 41, ""1765584000.0"": 33, ""1765756800.0"": 58, ""1765843200.0"": 55, ""1765929600.0"": 58, ""1766016000.0"": 36, ""1766102400.0"": 15, ""1766188800.0"": 28, ""1766275200.0"": 26, ""1766361600.0"": 46, ""1766448000.0"": 45, ""1766534400.0"": 55, ""1766620800.0"": 16, ""1766707200.0"": 44, ""1766793600.0"": 30, ""1766880000.0"": 14, ""1766966400.0"": 49, ""1767052800.0"": 49, ""1767139200.0"": 30, ""1767225600.0"": 11, ""1767312000.0"": 29, ""1767398400.0"": 15, ""1767484800.0"": 20, ""1767571200.0"": 56, ""1767657600.0"": 52, ""1767744000.0"": 76, ""1767830400.0"": 36, ""1767916800.0"": 36, ""1768003200.0"": 18, ""1768089600.0"": 26, ""1768176000.0"": 46, ""1768262400.0"": 37, ""1768348800.0"": 67, ""1768435200.0"": 34, ""1768521600.0"": 15, ""1768608000.0"": 24, ""1768694400.0"": 15, ""1768780800.0"": 63, ""1768867200.0"": 61, ""1768953600.0"": 68, ""1769040000.0"": 41, ""1769126400.0"": 39, ""1769212800.0"": 19, ""1769299200.0"": 33, ""1769385600.0"": 43, ""1769472000.0"": 31, ""1769558400.0"": 58, ""1769644800.0"": 27, ""1769731200.0"": 32, ""1769817600.0"": 15, ""1769904000.0"": 19, ""1769990400.0"": 39, ""1770076800.0"": 57, ""1770163200.0"": 71, ""1770249600.0"": 46, ""1770336000.0"": 29, ""1770422400.0"": 15, ""1770508800.0"": 13, ""1770595200.0"": 43, ""1770681600.0"": 33, ""1770768000.0"": 52, ""1770854400.0"": 45, ""1770940800.0"": 21, ""1771027200.0"": 22, ""1771113600.0"": 18, ""1771200000.0"": 41, ""1771286400.0"": 39, ""1771372800.0"": 54}",,Cash - GACCHC,Debtors - GACCHC,Round Off - GACCHC,Main - GACCHC,Write Off - GACCHC,Exchange Gain/Loss - GACCHC,,,0,Creditors - GACCHC,Cost of Goods Sold - GACCHC,Sales - GACCHC,,,,,Main - GACCHC,,1,0,Stock In Hand - GACCHC,Stock Adjustment - GACCHC,,Stock Received But Not Billed - GACCHC,,Accumulated Depreciation - GACCHC,Depreciation - GACCHC,,Gain/Loss on Asset Disposal - GACCHC,Main - GACCHC,CWIP Account - GACCHC,Asset Received But Not Billed - GACCHC,0,Daily,0,,,389,390,,,,,,Musanze,HC
Gacuba II Health Center,2025-05-14 20:47:18.099751,2026-02-18 17:26:53.737029,Administrator,florentin.ndabarasa@moh.gov.rw,0,0,Gacuba II Health Center,GCBHC,0197,RWF,Rwanda,0,,,,,,,,,,,,,,,Standard Template,,Standard,,{},0.0,575.0,,,0.0,"{""1750291200.0"": 1, ""1750377600.0"": 1, ""1755734400.0"": 1, ""1761091200.0"": 1}",,Cash - GCBHC,Debtors - GCBHC,Round Off - GCBHC,Main - GCBHC,Write Off - GCBHC,Exchange Gain/Loss - GCBHC,,,0,Creditors - GCBHC,Cost of Goods Sold - GCBHC,Sales - GCBHC,,,,,Main - GCBHC,,1,0,Stock In Hand - GCBHC,Stock Adjustment - GCBHC,,Stock Received But Not Billed - GCBHC,,Accumulated Depreciation - GCBHC,Depreciation - GCBHC,,Gain/Loss on Asset Disposal - GCBHC,Main - GCBHC,CWIP Account - GCBHC,Asset Received But Not Billed - GCBHC,0,Daily,0,,,329,330,,,,,,Rubavu,HC
Gahanga Health Center,2024-06-10 16:00:43.991707,2026-03-01 15:34:42.319050,clarisse.mushimiyimana1@gmail.com,rukundojoe30@gmail.com,0,2188,Gahanga Health Center,GHC,0031,RWF,Rwanda,0,,,,,,,,,,,,,,,Standard Template,,Standard,,{},0.0,188293.66,,,0.0,"{""1740009600.0"": 1, ""1744588800.0"": 1, ""1745539200.0"": 1, ""1747958400.0"": 2, ""1748044800.0"": 34, ""1748131200.0"": 36, ""1761696000.0"": 1, ""1761782400.0"": 3, ""1762300800.0"": 30, ""1762387200.0"": 34, ""1762473600.0"": 54, ""1762560000.0"": 27, ""1762646400.0"": 68, ""1762732800.0"": 21, ""1762819200.0"": 4, ""1762905600.0"": 4, ""1762992000.0"": 6, ""1763251200.0"": 21, ""1763337600.0"": 1, ""1765756800.0"": 15, ""1770249600.0"": 2, ""1770595200.0"": 5}",,Cash - GHC,Debtors - GHC,Round Off - GHC,Main - GHC,Write Off - GHC,Exchange Gain/Loss - GHC,,,0,Creditors - GHC,Cost of Goods Sold - GHC,Sales - GHC,,,,,Main - GHC,,1,0,Stock In Hand - GHC,Stock Adjustment - GHC,,Stock Received But Not Billed - GHC,,Accumulated Depreciation - GHC,Depreciation - GHC,,Gain/Loss on Asset Disposal - GHC,Main - GHC,CWIP Account - GHC,Asset Received But Not Billed - GHC,0,Daily,0,,,11,12,,,,,,Kicukiro,HC
Gahara Health Center(Kirehe),2025-07-23 11:51:26.073933,2026-04-28 16:23:31.275734,niyonshuticlaude22@gmail.com,mugipascal@gmail.com,0,0,Gahara Health Center(Kirehe),GHRHC,0420,RWF,Rwanda,0,,,,,,,,,,,,,,,Standard Template,,Standard,,{},0.0,73812703.815,,,0.0,"{""1753747200.0"": 6, ""1753833600.0"": 2, ""1753920000.0"": 1, ""1754179200.0"": 1, ""1754524800.0"": 3, ""1754611200.0"": 1, ""1754784000.0"": 1, ""1754956800.0"": 1, ""1755648000.0"": 36, ""1755734400.0"": 28, ""1755820800.0"": 35, ""1756166400.0"": 1, ""1756684800.0"": 9, ""1756771200.0"": 14, ""1756857600.0"": 18, ""1756944000.0"": 9, ""1757030400.0"": 1, ""1757203200.0"": 2, ""1757289600.0"": 22, ""1764633600.0"": 1, ""1764720000.0"": 3, ""1764806400.0"": 12, ""1765152000.0"": 19, ""1765238400.0"": 12, ""1765324800.0"": 2, ""1765497600.0"": 18, ""1765843200.0"": 2, ""1765929600.0"": 9, ""1766102400.0"": 59, ""1766361600.0"": 109, ""1766448000.0"": 138, ""1766534400.0"": 136, ""1766620800.0"": 89, ""1766707200.0"": 178, ""1766793600.0"": 2, ""1766880000.0"": 53, ""1766966400.0"": 179, ""1767052800.0"": 68, ""1767139200.0"": 173, ""1767225600.0"": 67, ""1767312000.0"": 98, ""1767398400.0"": 76, ""1767484800.0"": 86, ""1767571200.0"": 170, ""1767657600.0"": 164, ""1767744000.0"": 64, ""1767830400.0"": 89, ""1767916800.0"": 112, ""1768003200.0"": 57, ""1768089600.0"": 65, ""1768176000.0"": 128, ""1768262400.0"": 155, ""1768348800.0"": 159, ""1768435200.0"": 110, ""1768521600.0"": 3, ""1768608000.0"": 75, ""1768694400.0"": 92, ""1768780800.0"": 150, ""1768867200.0"": 150, ""1768953600.0"": 85, ""1769040000.0"": 110, ""1769126400.0"": 126, ""1769299200.0"": 48, ""1769385600.0"": 98, ""1769472000.0"": 110, ""1769558400.0"": 91, ""1769644800.0"": 78, ""1769731200.0"": 92, ""1769817600.0"": 44, ""1769904000.0"": 36, ""1769990400.0"": 92, ""1770076800.0"": 119, ""1770163200.0"": 108, ""1770249600.0"": 47, ""1770336000.0"": 109, ""1770422400.0"": 51, ""1770508800.0"": 37, ""1770595200.0"": 76, ""1770681600.0"": 142, ""1770768000.0"": 234, ""1770854400.0"": 176, ""1770940800.0"": 182, ""1771027200.0"": 112, ""1771113600.0"": 88, ""1771200000.0"": 194, ""1771286400.0"": 228, ""1771372800.0"": 248}",,Cash - GHRHC,Debtors - GHRHC,Round Off - GHRHC,Main - GHRHC,Write Off - GHRHC,Exchange Gain/Loss - GHRHC,,,0,Creditors - GHRHC,Cost of Goods Sold - GHRHC,Sales - GHRHC,,,,,Main - GHRHC,,1,0,Stock In Hand - GHRHC,Stock Adjustment - GHRHC,,Stock Received But Not Billed - GHRHC,,Accumulated Depreciation - GHRHC,Depreciation - GHRHC,,Gain/Loss on Asset Disposal - GHRHC,Main - GHRHC,CWIP Account - GHRHC,Asset Received But Not Billed - GHRHC,0,Daily,0,,,411,412,,,,,,Kirehe,HC
GAHENGERI Health Center,2025-04-01 13:27:20.132291,2026-04-21 16:47:49.144519,sanomutima@gmail.com,mugipascal@gmail.com,0,0,GAHENGERI Health Center,GAHHC,0497,RWF,Rwanda,0,,,,,,,,,,,,,,,Standard Template,,Standard,,{},0.0,9606.1,,,0.0,"{""1747958400.0"": 1, ""1748044800.0"": 1, ""1748131200.0"": 14, ""1753833600.0"": 2, ""1754265600.0"": 1, ""1757980800.0"": 1, ""1758585600.0"": 1, ""1759104000.0"": 4, ""1759449600.0"": 3, ""1760054400.0"": 1, ""1760313600.0"": 1, ""1760918400.0"": 2, ""1761091200.0"": 1, ""1761177600.0"": 4, ""1761264000.0"": 2, ""1761350400.0"": 2, ""1761523200.0"": 1, ""1761696000.0"": 1, ""1761782400.0"": 1, ""1761868800.0"": 1, ""1762214400.0"": 2, ""1762300800.0"": 1, ""1762905600.0"": 1, ""1763510400.0"": 2, ""1763683200.0"": 2, ""1763942400.0"": 1, ""1765411200.0"": 1, ""1765929600.0"": 2, ""1766102400.0"": 1, ""1766534400.0"": 1, ""1767657600.0"": 1, ""1767916800.0"": 1, ""1769040000.0"": 3, ""1770076800.0"": 1, ""1770768000.0"": 1, ""1771286400.0"": 2}",,Cash - GAHHC,Debtors - GAHHC,Round Off - GAHHC,Main - GAHHC,Write Off - GAHHC,Exchange Gain/Loss - GAHHC,,,0,Creditors - GAHHC,Cost of Goods Sold - GAHHC,Sales - GAHHC,,,,,Main - GAHHC,,1,0,Stock In Hand - GAHHC,Stock Adjustment - GAHHC,,Stock Received But Not Billed - GAHHC,,Accumulated Depreciation - GAHHC,Depreciation - GAHHC,,Gain/Loss on Asset Disposal - GAHHC,Main - GAHHC,CWIP Account - GAHHC,Asset Received But Not Billed - GAHHC,0,Daily,0,,,167,168,,,,,,Rwamagana,HC
Gahombo Health Center,2025-11-15 13:23:06.849018,2026-04-28 15:34:31.376879,uwinezaeliane89@gmail.com,mararashema@gmail.com,0,0,Gahombo Health Center,GHMBHC,0600,RWF,Rwanda,0,,,,,,,,,,,,,,,Standard Template,,Standard,,{},0.0,215308.01,,,0.0,"{""1763337600.0"": 2, ""1763424000.0"": 3, ""1763510400.0"": 23, ""1763683200.0"": 20, ""1763769600.0"": 27, ""1763856000.0"": 30, ""1763942400.0"": 53, ""1764028800.0"": 48, ""1764115200.0"": 57, ""1764201600.0"": 47, ""1764288000.0"": 19, ""1764374400.0"": 18, ""1764460800.0"": 25, ""1764547200.0"": 37, ""1764633600.0"": 69, ""1764720000.0"": 30, ""1764806400.0"": 98, ""1764892800.0"": 45, ""1764979200.0"": 34, ""1765065600.0"": 15, ""1765152000.0"": 56, ""1765238400.0"": 51, ""1765324800.0"": 81, ""1765411200.0"": 62, ""1765497600.0"": 35, ""1765584000.0"": 26, ""1765670400.0"": 28, ""1765756800.0"": 64, ""1765843200.0"": 60, ""1765929600.0"": 51, ""1766016000.0"": 41, ""1766102400.0"": 32, ""1766188800.0"": 30, ""1766275200.0"": 22, ""1766361600.0"": 57, ""1766448000.0"": 35, ""1766534400.0"": 50, ""1766620800.0"": 17, ""1766707200.0"": 40, ""1766793600.0"": 39, ""1766880000.0"": 20, ""1766966400.0"": 69, ""1767052800.0"": 40, ""1767139200.0"": 47, ""1767225600.0"": 27, ""1767312000.0"": 32, ""1767398400.0"": 29, ""1767484800.0"": 38, ""1767571200.0"": 71, ""1767657600.0"": 97, ""1767744000.0"": 72, ""1767830400.0"": 61, ""1767916800.0"": 45, ""1768003200.0"": 35, ""1768089600.0"": 35, ""1768176000.0"": 103, ""1768262400.0"": 84, ""1768348800.0"": 93, ""1768435200.0"": 68, ""1768521600.0"": 53, ""1768608000.0"": 47, ""1768694400.0"": 20, ""1768780800.0"": 99, ""1768867200.0"": 84, ""1768953600.0"": 75, ""1769040000.0"": 65, ""1769126400.0"": 54, ""1769212800.0"": 59, ""1769299200.0"": 43, ""1769385600.0"": 88, ""1769472000.0"": 83, ""1769558400.0"": 66, ""1769644800.0"": 47, ""1769731200.0"": 45, ""1769817600.0"": 46, ""1769904000.0"": 45, ""1769990400.0"": 54, ""1770076800.0"": 110, ""1770163200.0"": 80, ""1770249600.0"": 17, ""1770336000.0"": 45, ""1770422400.0"": 44, ""1770508800.0"": 42, ""1770595200.0"": 101, ""1770681600.0"": 70, ""1770768000.0"": 52, ""1770854400.0"": 59, ""1770940800.0"": 34, ""1771027200.0"": 31, ""1771113600.0"": 23, ""1771200000.0"": 79, ""1771286400.0"": 62, ""1771372800.0"": 26}",,Cash - GHMBHC,Debtors - GHMBHC,Round Off - GHMBHC,Main - GHMBHC,Write Off - GHMBHC,Exchange Gain/Loss - GHMBHC,,,0,Creditors - GHMBHC,Cost of Goods Sold - GHMBHC,Sales - GHMBHC,,,,,Main - GHMBHC,,1,0,Stock In Hand - GHMBHC,Stock Adjustment - GHMBHC,,Stock Received But Not Billed - GHMBHC,,Accumulated Depreciation - GHMBHC,Depreciation - GHMBHC,,Gain/Loss on Asset Disposal - GHMBHC,Main - GHMBHC,CWIP Account - GHMBHC,Asset Received But Not Billed - GHMBHC,0,Daily,0,,,571,572,,,,,,Nyanza,HC
GAKENKE Health Center,2025-04-27 21:40:22.188547,2026-02-18 17:26:53.389127,Administrator,mugipascal@gmail.com,0,0,GAKENKE Health Center,GAKNKHC,2213,RWF,Rwanda,0,,,,,,,,,,,,,,,Standard Template,,Standard,,{},0.0,0.0,,,0.0,{},,Cash - GAKNKHC,Debtors - GAKNKHC,Round Off - GAKNKHC,Main - GAKNKHC,Write Off - GAKNKHC,Exchange Gain/Loss - GAKNKHC,,,0,Creditors - GAKNKHC,Cost of Goods Sold - GAKNKHC,Sales - GAKNKHC,,,,,Main - GAKNKHC,,1,0,Stock In Hand - GAKNKHC,Stock Adjustment - GAKNKHC,,Stock Received But Not Billed - GAKNKHC,,Accumulated Depreciation - GAKNKHC,Depreciation - GAKNKHC,,Gain/Loss on Asset Disposal - GAKNKHC,Main - GAKNKHC,CWIP Account - GAKNKHC,Asset Received But Not Billed - GAKNKHC,0,Daily,0,,,305,306,,,,,,Gatsibo,HC
Gakurazo Health Center,2025-01-22 14:57:01.185995,2026-04-21 16:47:35.968840,ninnocent58@gmail.com,info@spiderbit.rw,0,14,Gakurazo Health Center,GKRHC,0446,RWF,Rwanda,0,,,,,,,,,,,,,,,Standard Template,,Standard,,{},0.0,35427.3,,,0.0,"{""1740096000.0"": 2, ""1740700800.0"": 2, ""1740873600.0"": 1, ""1740960000.0"": 1, ""1742169600.0"": 1, ""1742774400.0"": 1, ""1742860800.0"": 1, ""1745539200.0"": 2, ""1745798400.0"": 1, ""1746403200.0"": 3, ""1746662400.0"": 1, ""1747008000.0"": 1, ""1747612800.0"": 1, ""1747699200.0"": 3, ""1747785600.0"": 2, ""1747958400.0"": 2, ""1748044800.0"": 41, ""1748131200.0"": 15, ""1749427200.0"": 1, ""1751846400.0"": 5, ""1753401600.0"": 1, ""1754524800.0"": 2, ""1766102400.0"": 3, ""1770768000.0"": 2, ""1771286400.0"": 2, ""1771372800.0"": 6}",,Cash - GKRHC,Debtors - GKRHC,Round Off - GKRHC,Main - GKRHC,Write Off - GKRHC,Exchange Gain/Loss - GKRHC,,,0,Creditors - GKRHC,Cost of Goods Sold - GKRHC,Sales - GKRHC,,,,,Main - GKRHC,,1,0,Stock In Hand - GKRHC,Stock Adjustment - GKRHC,,Stock Received But Not Billed - GKRHC,,Accumulated Depreciation - GKRHC,Depreciation - GKRHC,,Gain/Loss on Asset Disposal - GKRHC,Main - GKRHC,CWIP Account - GKRHC,Asset Received But Not Billed - GKRHC,0,Daily,0,,,123,124,,,,,,Bugesera,HC
Gasagara Health Center,2025-11-15 17:34:00.523732,2026-04-28 16:55:52.037863,havugimanaf123@gmail.com,mararashema@gmail.com,0,0,Gasagara Health Center,GSGRHC,0127,RWF,Rwanda,0,,,,,,,,,,,,,,,Standard Template,,Standard,,{},0.0,248850.0,,,0.0,"{""1763337600.0"": 16, ""1763424000.0"": 30, ""1763510400.0"": 97, ""1763596800.0"": 27, ""1763683200.0"": 75, ""1763942400.0"": 39, ""1764028800.0"": 92, ""1764115200.0"": 113, ""1764201600.0"": 71, ""1764288000.0"": 54, ""1764374400.0"": 46, ""1764460800.0"": 43, ""1764547200.0"": 55, ""1764633600.0"": 78, ""1764720000.0"": 63, ""1764806400.0"": 66, ""1764892800.0"": 74, ""1764979200.0"": 37, ""1765065600.0"": 37, ""1765152000.0"": 47, ""1765238400.0"": 24, ""1765324800.0"": 54, ""1765411200.0"": 37, ""1765497600.0"": 32, ""1765584000.0"": 14, ""1765670400.0"": 4, ""1765756800.0"": 32, ""1765843200.0"": 28, ""1765929600.0"": 49, ""1766016000.0"": 87, ""1766102400.0"": 70, ""1766275200.0"": 6, ""1766361600.0"": 49, ""1766448000.0"": 58, ""1766534400.0"": 60, ""1766620800.0"": 10, ""1766707200.0"": 43, ""1766793600.0"": 22, ""1766880000.0"": 40, ""1766966400.0"": 41, ""1767052800.0"": 38, ""1767139200.0"": 99, ""1767225600.0"": 20, ""1767312000.0"": 72, ""1767398400.0"": 40, ""1767484800.0"": 8, ""1767571200.0"": 3, ""1767657600.0"": 3, ""1767744000.0"": 3, ""1767830400.0"": 64, ""1767916800.0"": 27, ""1768003200.0"": 33, ""1768089600.0"": 41, ""1768176000.0"": 2, ""1768262400.0"": 16, ""1768348800.0"": 5, ""1768435200.0"": 36, ""1768521600.0"": 3, ""1768608000.0"": 2, ""1768694400.0"": 1, ""1768780800.0"": 43, ""1768867200.0"": 53, ""1768953600.0"": 90, ""1769040000.0"": 85, ""1769126400.0"": 54, ""1769385600.0"": 50, ""1769472000.0"": 15, ""1769558400.0"": 64, ""1769644800.0"": 69, ""1769731200.0"": 41, ""1769817600.0"": 3, ""1770076800.0"": 7, ""1770163200.0"": 15, ""1770249600.0"": 28, ""1770336000.0"": 2, ""1770422400.0"": 25, ""1770508800.0"": 29, ""1770595200.0"": 25, ""1770681600.0"": 1, ""1770768000.0"": 4, ""1770854400.0"": 4, ""1770940800.0"": 35, ""1771027200.0"": 3, ""1771113600.0"": 27, ""1771200000.0"": 41, ""1771286400.0"": 14, ""1771372800.0"": 48}",,Cash - GSGRHC,Debtors - GSGRHC,Round Off - GSGRHC,Main - GSGRHC,Write Off - GSGRHC,Exchange Gain/Loss - GSGRHC,,,0,Creditors - GSGRHC,Cost of Goods Sold - GSGRHC,Sales - GSGRHC,,,,,Main - GSGRHC,,1,0,Stock In Hand - GSGRHC,Stock Adjustment - GSGRHC,,Stock Received But Not Billed - GSGRHC,,Accumulated Depreciation - GSGRHC,Depreciation - GSGRHC,,Gain/Loss on Asset Disposal - GSGRHC,Main - GSGRHC,CWIP Account - GSGRHC,Asset Received But Not Billed - GSGRHC,0,Daily,0,,,599,600,,,,,,Muhanga,HC
Gasange Health Center,2025-04-26 23:34:51.964187,2026-04-28 18:19:14.747615,evodembonyi@gmail.com,florentin.ndabarasa@moh.gov.rw,0,0,Gasange Health Center,GSNGHC,0388,RWF,Rwanda,0,,,,,,,,,,,,,,,Standard Template,,Standard,,{},0.0,4683730.222,,,0.0,"{""1746230400.0"": 1, ""1746316800.0"": 1, ""1746576000.0"": 2, ""1746835200.0"": 1, ""1747008000.0"": 1, ""1747958400.0"": 10, ""1748044800.0"": 72, ""1748131200.0"": 24, ""1748217600.0"": 2, ""1748304000.0"": 9, ""1748390400.0"": 7, ""1748476800.0"": 43, ""1748563200.0"": 73, ""1748649600.0"": 43, ""1748736000.0"": 27, ""1748822400.0"": 72, ""1748908800.0"": 119, ""1748995200.0"": 54, ""1749081600.0"": 48, ""1749168000.0"": 72, ""1749254400.0"": 54, ""1749340800.0"": 31, ""1749427200.0"": 56, ""1749513600.0"": 81, ""1749600000.0"": 28, ""1749686400.0"": 72, ""1749772800.0"": 71, ""1749859200.0"": 40, ""1749945600.0"": 31, ""1750032000.0"": 51, ""1750118400.0"": 59, ""1750204800.0"": 56, ""1750291200.0"": 65, ""1750377600.0"": 64, ""1750464000.0"": 30, ""1750550400.0"": 28, ""1750636800.0"": 25, ""1750723200.0"": 63, ""1750809600.0"": 50, ""1750896000.0"": 47, ""1750982400.0"": 67, ""1751068800.0"": 58, ""1751155200.0"": 24, ""1751241600.0"": 66, ""1751328000.0"": 49, ""1751414400.0"": 24, ""1751500800.0"": 39, ""1751587200.0"": 59, ""1751673600.0"": 18, ""1751760000.0"": 19, ""1751846400.0"": 53, ""1751932800.0"": 96, ""1752019200.0"": 48, ""1752105600.0"": 52, ""1752192000.0"": 42, ""1752278400.0"": 35, ""1752364800.0"": 19, ""1752451200.0"": 50, ""1752537600.0"": 83, ""1752624000.0"": 61, ""1752710400.0"": 44, ""1752796800.0"": 48, ""1752883200.0"": 32, ""1752969600.0"": 20, ""1753056000.0"": 55, ""1753142400.0"": 91, ""1753228800.0"": 58, ""1753315200.0"": 42, ""1753401600.0"": 73, ""1753488000.0"": 37, ""1753574400.0"": 30, ""1753660800.0"": 66, ""1753747200.0"": 67, ""1753833600.0"": 49, ""1753920000.0"": 53, ""1754006400.0"": 82, ""1754092800.0"": 36, ""1754179200.0"": 15, ""1754265600.0"": 67, ""1754352000.0"": 104, ""1754438400.0"": 76, ""1754524800.0"": 58, ""1754611200.0"": 25, ""1754697600.0"": 41, ""1754784000.0"": 36, ""1754870400.0"": 51, ""1754956800.0"": 102, ""1755043200.0"": 46, ""1755129600.0"": 64, ""1755216000.0"": 52, ""1755302400.0"": 32, ""1755388800.0"": 30, ""1755475200.0"": 29, ""1755561600.0"": 60, ""1755648000.0"": 44, ""1755734400.0"": 47, ""1755820800.0"": 57, ""1755907200.0"": 50, ""1755993600.0"": 29, ""1756080000.0"": 41, ""1756166400.0"": 72, ""1756252800.0"": 57, ""1756425600.0"": 3, ""1756512000.0"": 1, ""1756598400.0"": 1, ""1756857600.0"": 2, ""1756944000.0"": 2, ""1757203200.0"": 1, ""1757289600.0"": 4, ""1757376000.0"": 1, ""1757548800.0"": 6, ""1757635200.0"": 7, ""1757721600.0"": 31, ""1757808000.0"": 25, ""1757894400.0"": 61, ""1757980800.0"": 64, ""1758067200.0"": 37, ""1758153600.0"": 40, ""1758240000.0"": 63, ""1758326400.0"": 35, ""1758412800.0"": 31, ""1758499200.0"": 72, ""1758585600.0"": 91, ""1758672000.0"": 57, ""1758758400.0"": 69, ""1758844800.0"": 69, ""1758931200.0"": 37, ""1759017600.0"": 33, ""1759104000.0"": 76, ""1759190400.0"": 58, ""1759276800.0"": 71, ""1759363200.0"": 61, ""1759449600.0"": 54, ""1759536000.0"": 38, ""1759622400.0"": 39, ""1759708800.0"": 58, ""1759795200.0"": 104, ""1759881600.0"": 48, ""1759968000.0"": 41, ""1760054400.0"": 52, ""1760140800.0"": 30, ""1760227200.0"": 29, ""1760313600.0"": 85, ""1760400000.0"": 83, ""1760486400.0"": 56, ""1760572800.0"": 62, ""1760659200.0"": 105, ""1760745600.0"": 41, ""1760832000.0"": 36, ""1760918400.0"": 77, ""1761004800.0"": 84, ""1761091200.0"": 61, ""1761177600.0"": 42, ""1761264000.0"": 88, ""1761350400.0"": 41, ""1761436800.0"": 49, ""1761523200.0"": 86, ""1761609600.0"": 93, ""1761696000.0"": 63, ""1761782400.0"": 56, ""1761868800.0"": 34, ""1761955200.0"": 23, ""1762041600.0"": 38, ""1762128000.0"": 74, ""1762214400.0"": 86, ""1762300800.0"": 49, ""1762387200.0"": 74, ""1762473600.0"": 9, ""1762560000.0"": 47, ""1762646400.0"": 29, ""1762732800.0"": 49, ""1762819200.0"": 89, ""1762905600.0"": 46, ""1762992000.0"": 47, ""1763078400.0"": 53, ""1763251200.0"": 30, ""1763337600.0"": 68, ""1763424000.0"": 62, ""1763510400.0"": 59, ""1763596800.0"": 37, ""1763683200.0"": 57, ""1763769600.0"": 2, ""1763856000.0"": 15, ""1763942400.0"": 66, ""1764028800.0"": 77, ""1764115200.0"": 57, ""1764201600.0"": 49, ""1764288000.0"": 36, ""1764374400.0"": 21, ""1764460800.0"": 34, ""1764547200.0"": 7, ""1764633600.0"": 87, ""1764720000.0"": 36, ""1764806400.0"": 45, ""1764892800.0"": 50, ""1764979200.0"": 35, ""1765065600.0"": 39, ""1765152000.0"": 48, ""1765238400.0"": 102, ""1765324800.0"": 54, ""1765411200.0"": 51, ""1765497600.0"": 58, ""1765584000.0"": 27, ""1765670400.0"": 41, ""1765756800.0"": 40, ""1765843200.0"": 59, ""1765929600.0"": 51, ""1766016000.0"": 42, ""1766102400.0"": 51, ""1766275200.0"": 53, ""1766361600.0"": 50, ""1766448000.0"": 89, ""1766534400.0"": 41, ""1766620800.0"": 21, ""1766707200.0"": 59, ""1766793600.0"": 33, ""1766880000.0"": 36, ""1766966400.0"": 50, ""1767052800.0"": 52, ""1767139200.0"": 30, ""1767225600.0"": 32, ""1767312000.0"": 39, ""1767398400.0"": 50, ""1767484800.0"": 12, ""1767571200.0"": 42, ""1767657600.0"": 87, ""1767744000.0"": 59, ""1767830400.0"": 62, ""1767916800.0"": 70, ""1768003200.0"": 46, ""1768089600.0"": 35, ""1768176000.0"": 63, ""1768262400.0"": 99, ""1768348800.0"": 52, ""1768435200.0"": 56, ""1768521600.0"": 66, ""1768608000.0"": 69, ""1768694400.0"": 47, ""1768780800.0"": 54, ""1768867200.0"": 63, ""1768953600.0"": 45, ""1769040000.0"": 66, ""1769126400.0"": 69, ""1769212800.0"": 69, ""1769299200.0"": 52, ""1769385600.0"": 85, ""1769472000.0"": 84, ""1769558400.0"": 67, ""1769644800.0"": 63, ""1769731200.0"": 60, ""1769817600.0"": 39, ""1769904000.0"": 46, ""1769990400.0"": 75, ""1770076800.0"": 66, ""1770249600.0"": 39, ""1770336000.0"": 72, ""1770422400.0"": 35, ""1770508800.0"": 22, ""1770595200.0"": 56, ""1770681600.0"": 92, ""1770768000.0"": 33, ""1770854400.0"": 51, ""1770940800.0"": 36, ""1771027200.0"": 45, ""1771113600.0"": 36, ""1771200000.0"": 38, ""1771286400.0"": 39, ""1771372800.0"": 32}",,Cash - GSNGHC,Debtors - GSNGHC,Round Off - GSNGHC,Main - GSNGHC,Write Off - GSNGHC,Exchange Gain/Loss - GSNGHC,,,0,Creditors - GSNGHC,Cost of Goods Sold - GSNGHC,Sales - GSNGHC,,,,,Main - GSNGHC,,1,0,Stock In Hand - GSNGHC,Stock Adjustment - GSNGHC,,Stock Received But Not Billed - GSNGHC,,Accumulated Depreciation - GSNGHC,Depreciation - GSNGHC,,Gain/Loss on Asset Disposal - GSNGHC,Main - GSNGHC,CWIP Account - GSNGHC,Asset Received But Not Billed - GSNGHC,0,Daily,0,,,281,282,,,,,,Gatsibo,HC
Gasetsa Health Center,2025-04-15 23:00:12.989599,2026-02-18 17:26:53.301539,Administrator,florentin.ndabarasa@moh.gov.rw,0,0,Gasetsa Health Center,GSTSHC,0625,RWF,Rwanda,0,,,,,,,,,,,,,,,Standard Template,,Standard,,{},0.0,0.0,,,0.0,"{""1750723200.0"": 1, ""1751846400.0"": 1}",,Cash - GSTSHC,Debtors - GSTSHC,Round Off - GSTSHC,Main - GSTSHC,Write Off - GSTSHC,Exchange Gain/Loss - GSTSHC,,,0,Creditors - GSTSHC,Cost of Goods Sold - GSTSHC,Sales - GSTSHC,,,,,Main - GSTSHC,,1,0,Stock In Hand - GSTSHC,Stock Adjustment - GSTSHC,,Stock Received But Not Billed - GSTSHC,,Accumulated Depreciation - GSTSHC,Depreciation - GSTSHC,,Gain/Loss on Asset Disposal - GSTSHC,Main - GSTSHC,CWIP Account - GSTSHC,Asset Received But Not Billed - GSTSHC,0,Daily,0,,,211,212,,,,,,Ngoma,HC
Gashaki Health Center,2024-10-23 15:23:01.477247,2026-04-28 15:44:09.136677,ndahaprudence@gmail.com,rukundojoe30@gmail.com,0,0,Gashaki Health Center,GASHC,0602,RWF,Rwanda,0,,,,,,,,,,,,,,,Standard Template,,Standard,,{},0.0,51050.0,,,0.0,"{""1761523200.0"": 14, ""1761609600.0"": 29, ""1761696000.0"": 54, ""1761782400.0"": 12, ""1761868800.0"": 23, ""1762128000.0"": 10, ""1762214400.0"": 15, ""1762300800.0"": 10, ""1762387200.0"": 25, ""1762473600.0"": 10, ""1762646400.0"": 8, ""1762732800.0"": 14, ""1762819200.0"": 4, ""1762905600.0"": 1, ""1762992000.0"": 20, ""1763078400.0"": 2, ""1763251200.0"": 1, ""1763337600.0"": 1, ""1765152000.0"": 1, ""1766966400.0"": 23, ""1767052800.0"": 33, ""1767139200.0"": 12, ""1767225600.0"": 1, ""1767398400.0"": 21, ""1767484800.0"": 17, ""1767571200.0"": 30, ""1767657600.0"": 33, ""1767744000.0"": 4, ""1767830400.0"": 2, ""1768867200.0"": 2}",,Cash - GASHC,Debtors - GASHC,Round Off - GASHC,Main - GASHC,Write Off - GASHC,Exchange Gain/Loss - GASHC,,,0,Creditors - GASHC,Cost of Goods Sold - GASHC,Sales - GASHC,,,,,Main - GASHC,,1,0,Stock In Hand - GASHC,Stock Adjustment - GASHC,,Stock Received But Not Billed - GASHC,,Accumulated Depreciation - GASHC,Depreciation - GASHC,,Gain/Loss on Asset Disposal - GASHC,Main - GASHC,CWIP Account - GASHC,Asset Received But Not Billed - GASHC,0,Daily,0,,,89,90,,,,,,Musanze,HC
Gashanda Health Center,2025-06-03 18:23:55.951179,2026-02-18 17:26:53.776188,Administrator,mugipascal@gmail.com,0,0,Gashanda Health Center,GASHHC,1660,RWF,Rwanda,0,,,,,,,,,,,,,,,Standard Template,,Standard,,{},0.0,320000.0,,,0.0,"{""1749686400.0"": 1, ""1761782400.0"": 5, ""1762214400.0"": 4, ""1762300800.0"": 9}",,Cash - GASHHC,Debtors - GASHHC,Round Off - GASHHC,Main - GASHHC,Write Off - GASHHC,Exchange Gain/Loss - GASHHC,,,0,Creditors - GASHHC,Cost of Goods Sold - GASHHC,Sales - GASHHC,,,,,Main - GASHHC,,1,0,Stock In Hand - GASHHC,Stock Adjustment - GASHHC,,Stock Received But Not Billed - GASHHC,,Accumulated Depreciation - GASHHC,Depreciation - GASHHC,,Gain/Loss on Asset Disposal - GASHHC,Main - GASHHC,CWIP Account - GASHHC,Asset Received But Not Billed - GASHHC,0,Daily,0,,,385,386,,,,,,Ngoma,HC
Gashongora Health Center,2025-07-23 18:52:22.022601,2026-02-18 17:26:55.563392,Administrator,mugipascal@gmail.com,0,0,Gashongora Health Center,GSNGRHC,0421,RWF,Rwanda,0,,,,,,,,,,,,,,,Standard Template,,Standard,,{},0.0,645776.73,,,0.0,"{""1753747200.0"": 2, ""1754265600.0"": 1, ""1754956800.0"": 1, ""1755648000.0"": 1, ""1761782400.0"": 12, ""1761868800.0"": 20, ""1765929600.0"": 2, ""1766102400.0"": 6, ""1768780800.0"": 39, ""1769731200.0"": 60, ""1770336000.0"": 12, ""1770422400.0"": 14, ""1770681600.0"": 2, ""1770854400.0"": 36}",,Cash - GSNGRHC,Debtors - GSNGRHC,Round Off - GSNGRHC,Main - GSNGRHC,Write Off - GSNGRHC,Exchange Gain/Loss - GSNGRHC,,,0,Creditors - GSNGRHC,Cost of Goods Sold - GSNGRHC,Sales - GSNGRHC,,,,,Main - GSNGRHC,,1,0,Stock In Hand - GSNGRHC,Stock Adjustment - GSNGRHC,,Stock Received But Not Billed - GSNGRHC,,Accumulated Depreciation - GSNGRHC,Depreciation - GSNGRHC,,Gain/Loss on Asset Disposal - GSNGRHC,Main - GSNGRHC,CWIP Account - GSNGRHC,Asset Received But Not Billed - GSNGRHC,0,Daily,0,,,417,418,,,,,,Kirehe,HC
Gashora Health Center,2025-01-22 17:59:53.706480,2026-04-27 08:06:02.306987,nyirachantal2@gmail.com,info@spiderbit.rw,0,0,Gashora Health Center,GSHC,0447,RWF,Rwanda,0,,,,,,,,,,,,,,,Standard Template,,Standard,,{},0.0,11660.0,,,0.0,"{""1740614400.0"": 1, ""1740700800.0"": 5, ""1740873600.0"": 6, ""1740960000.0"": 2, ""1741996800.0"": 3, ""1742083200.0"": 1, ""1742342400.0"": 1, ""1747699200.0"": 1, ""1757548800.0"": 1, ""1760486400.0"": 9, ""1760572800.0"": 1}",,Cash - GSHC,Debtors - GSHC,Round Off - GSHC,Main - GSHC,Write Off - GSHC,Exchange Gain/Loss - GSHC,,,0,Creditors - GSHC,Cost of Goods Sold - GSHC,Sales - GSHC,,,,,Main - GSHC,,1,0,Stock In Hand - GSHC,Stock Adjustment - GSHC,,Stock Received But Not Billed - GSHC,,Accumulated Depreciation - GSHC,Depreciation - GSHC,,Gain/Loss on Asset Disposal - GSHC,Main - GSHC,CWIP Account - GSHC,Asset Received But Not Billed - GSHC,0,Daily,0,,,131,132,,,,,,Bugesera,HC
Gasiza (Musanze) Health Center,2025-07-07 23:33:01.783269,2026-04-28 16:06:30.721653,niyigenandahayodorcas@gmail.com,florentin.ndabarasa@moh.gov.rw,0,0,Gasiza (Musanze) Health Center,GSIZMUSHC,0310,RWF,Rwanda,0,,,,,,,,,,,,,,,Standard Template,,Standard,,{},0.0,114742.5,,,0.0,"{""1756252800.0"": 2, ""1756339200.0"": 4, ""1761004800.0"": 5, ""1761523200.0"": 21, ""1761609600.0"": 44, ""1761696000.0"": 13, ""1761782400.0"": 34, ""1761868800.0"": 28, ""1761955200.0"": 4, ""1762128000.0"": 16, ""1762214400.0"": 19, ""1762300800.0"": 36, ""1762387200.0"": 33, ""1762473600.0"": 17, ""1762560000.0"": 22, ""1762646400.0"": 21, ""1762732800.0"": 12, ""1762819200.0"": 6, ""1762905600.0"": 13, ""1762992000.0"": 25, ""1763078400.0"": 53, ""1763164800.0"": 32, ""1763251200.0"": 23, ""1763337600.0"": 34, ""1763510400.0"": 40, ""1763942400.0"": 2, ""1764028800.0"": 27, ""1764115200.0"": 39, ""1764201600.0"": 54, ""1764288000.0"": 40, ""1764374400.0"": 2, ""1764460800.0"": 1, ""1764547200.0"": 65, ""1764633600.0"": 17, ""1764720000.0"": 36, ""1764806400.0"": 41, ""1764979200.0"": 7, ""1765065600.0"": 24, ""1765152000.0"": 11, ""1765238400.0"": 33, ""1765324800.0"": 21, ""1765411200.0"": 57, ""1765497600.0"": 3, ""1765584000.0"": 13, ""1765670400.0"": 17, ""1765756800.0"": 5, ""1765843200.0"": 58, ""1765929600.0"": 40, ""1766016000.0"": 62, ""1766102400.0"": 52, ""1766188800.0"": 17, ""1766275200.0"": 25, ""1766361600.0"": 32, ""1766448000.0"": 70, ""1766534400.0"": 26, ""1766620800.0"": 18, ""1766707200.0"": 2, ""1766793600.0"": 21, ""1766880000.0"": 26, ""1766966400.0"": 59, ""1767052800.0"": 33, ""1767139200.0"": 30, ""1767571200.0"": 41, ""1767657600.0"": 41, ""1767744000.0"": 54, ""1767830400.0"": 36, ""1767916800.0"": 35, ""1768003200.0"": 25, ""1768089600.0"": 19, ""1768176000.0"": 29, ""1768262400.0"": 15, ""1768348800.0"": 36, ""1768435200.0"": 50, ""1768521600.0"": 2, ""1768780800.0"": 55, ""1768867200.0"": 15, ""1768953600.0"": 36, ""1769040000.0"": 76, ""1769126400.0"": 40, ""1769212800.0"": 25, ""1769299200.0"": 21, ""1769472000.0"": 35, ""1769990400.0"": 34, ""1770076800.0"": 29, ""1770163200.0"": 15, ""1770249600.0"": 1, ""1770336000.0"": 32, ""1770422400.0"": 32, ""1770508800.0"": 21, ""1770595200.0"": 44, ""1770681600.0"": 50, ""1770768000.0"": 32, ""1770854400.0"": 62, ""1770940800.0"": 19, ""1771027200.0"": 25, ""1771113600.0"": 18, ""1771200000.0"": 40, ""1771286400.0"": 43, ""1771372800.0"": 30}",,Cash - GSIZMUSHC,Debtors - GSIZMUSHC,Round Off - GSIZMUSHC,Main - GSIZMUSHC,Write Off - GSIZMUSHC,Exchange Gain/Loss - GSIZMUSHC,,,0,Creditors - GSIZMUSHC,Cost of Goods Sold - GSIZMUSHC,Sales - GSIZMUSHC,,,,,Main - GSIZMUSHC,,1,0,Stock In Hand - GSIZMUSHC,Stock Adjustment - GSIZMUSHC,,Stock Received But Not Billed - GSIZMUSHC,,Accumulated Depreciation - GSIZMUSHC,Depreciation - GSIZMUSHC,,Gain/Loss on Asset Disposal - GSIZMUSHC,Main - GSIZMUSHC,CWIP Account - GSIZMUSHC,Asset Received But Not Billed - GSIZMUSHC,0,Daily,0,,,401,402,,,,,,Musanze,HC
Gasovu Health Center,2025-08-12 16:26:59.306465,2026-04-28 14:54:00.094761,gbigwi27@gmail.com,ildephonse90@yahoo.com,0,0,Gasovu Health Center,GSVHC,0129,RWF,Rwanda,0,,,,,,,,,,,,,,,Standard Template,,Standard,,{},0.0,537328.649,,,0.0,"{""1763337600.0"": 30, ""1763424000.0"": 25, ""1763510400.0"": 56, ""1763596800.0"": 20, ""1763683200.0"": 25, ""1763856000.0"": 1, ""1763942400.0"": 18, ""1764028800.0"": 27, ""1764115200.0"": 58, ""1764201600.0"": 58, ""1764288000.0"": 37, ""1764374400.0"": 36, ""1764460800.0"": 22, ""1764547200.0"": 44, ""1764633600.0"": 47, ""1764720000.0"": 59, ""1764806400.0"": 55, ""1764892800.0"": 34, ""1764979200.0"": 34, ""1765065600.0"": 24, ""1765152000.0"": 46, ""1765238400.0"": 41, ""1765324800.0"": 61, ""1765411200.0"": 64, ""1765497600.0"": 50, ""1765584000.0"": 39, ""1765670400.0"": 42, ""1765756800.0"": 62, ""1765843200.0"": 40, ""1765929600.0"": 99, ""1766016000.0"": 57, ""1766102400.0"": 54, ""1766188800.0"": 43, ""1766275200.0"": 36, ""1766361600.0"": 64, ""1766448000.0"": 53, ""1766534400.0"": 61, ""1766620800.0"": 43, ""1766707200.0"": 57, ""1766793600.0"": 60, ""1766880000.0"": 38, ""1766966400.0"": 52, ""1767052800.0"": 48, ""1767139200.0"": 57, ""1767312000.0"": 46, ""1767398400.0"": 45, ""1767484800.0"": 42, ""1767571200.0"": 36, ""1767657600.0"": 50, ""1767744000.0"": 61, ""1767830400.0"": 58, ""1767916800.0"": 44, ""1768003200.0"": 27, ""1768089600.0"": 30, ""1768176000.0"": 52, ""1768262400.0"": 41, ""1768348800.0"": 64, ""1768435200.0"": 41, ""1768608000.0"": 31, ""1768694400.0"": 34, ""1768780800.0"": 27, ""1768867200.0"": 20, ""1768953600.0"": 13, ""1769040000.0"": 30, ""1769126400.0"": 34, ""1769212800.0"": 31, ""1769299200.0"": 22, ""1769385600.0"": 28, ""1769472000.0"": 38, ""1769558400.0"": 54, ""1769644800.0"": 43, ""1769731200.0"": 34, ""1769817600.0"": 15, ""1769904000.0"": 22, ""1769990400.0"": 29, ""1770076800.0"": 31, ""1770163200.0"": 47, ""1770249600.0"": 41, ""1770336000.0"": 22, ""1770422400.0"": 28, ""1770508800.0"": 13, ""1770595200.0"": 27, ""1770681600.0"": 36, ""1770768000.0"": 44, ""1770854400.0"": 30, ""1770940800.0"": 22, ""1771027200.0"": 6, ""1771372800.0"": 32}",,Cash - GSVHC,Debtors - GSVHC,Round Off - GSVHC,Main - GSVHC,Write Off - GSVHC,Exchange Gain/Loss - GSVHC,,,0,Creditors - GSVHC,Cost of Goods Sold - GSVHC,Sales - GSVHC,,,,,Main - GSVHC,,1,0,Stock In Hand - GSVHC,Stock Adjustment - GSVHC,,Stock Received But Not Billed - GSVHC,,Accumulated Depreciation - GSVHC,Depreciation - GSVHC,,Gain/Loss on Asset Disposal - GSVHC,Main - GSVHC,CWIP Account - GSVHC,Asset Received But Not Billed - GSVHC,0,Daily,0,,,505,506,,,,,,Muhanga,HC
Gatagara(Nyanza) Health Center,2025-11-15 13:39:47.565601,2026-04-28 10:07:42.182646,maumaunize88@gmail.com,mararashema@gmail.com,0,0,Gatagara(Nyanza) Health Center,GTGHC,0039,RWF,Rwanda,0,,,,,,,,,,,,,,,Standard Template,,Standard,,{},0.0,200.0,,,0.0,"{""1763337600.0"": 3, ""1763424000.0"": 11, ""1763510400.0"": 23, ""1763596800.0"": 4, ""1763683200.0"": 2, ""1763942400.0"": 11, ""1764028800.0"": 29, ""1764115200.0"": 60, ""1764201600.0"": 63, ""1764288000.0"": 1, ""1764374400.0"": 8, ""1764460800.0"": 26, ""1764547200.0"": 36, ""1764633600.0"": 14, ""1764720000.0"": 65, ""1764806400.0"": 42, ""1764892800.0"": 26, ""1764979200.0"": 14, ""1765065600.0"": 13, ""1765152000.0"": 24, ""1765238400.0"": 18, ""1765324800.0"": 37, ""1765411200.0"": 31, ""1765497600.0"": 27, ""1765584000.0"": 30, ""1765670400.0"": 9, ""1765756800.0"": 12, ""1765843200.0"": 35, ""1765929600.0"": 49, ""1766016000.0"": 32, ""1766102400.0"": 30, ""1766188800.0"": 20, ""1766275200.0"": 35, ""1766361600.0"": 56, ""1766448000.0"": 34, ""1766534400.0"": 38, ""1766620800.0"": 33, ""1766707200.0"": 40, ""1766793600.0"": 27, ""1766880000.0"": 24, ""1766966400.0"": 70, ""1767052800.0"": 53, ""1767139200.0"": 56, ""1767225600.0"": 23, ""1767312000.0"": 18, ""1767398400.0"": 38, ""1767484800.0"": 48, ""1767571200.0"": 58, ""1767657600.0"": 93, ""1767744000.0"": 55, ""1767830400.0"": 62, ""1767916800.0"": 3, ""1768003200.0"": 45, ""1768089600.0"": 34, ""1768176000.0"": 19, ""1768262400.0"": 63, ""1768348800.0"": 75, ""1768435200.0"": 87, ""1768521600.0"": 7, ""1768608000.0"": 11, ""1768694400.0"": 10, ""1768780800.0"": 12, ""1768867200.0"": 4, ""1768953600.0"": 9, ""1769040000.0"": 5, ""1769126400.0"": 10, ""1769472000.0"": 1, ""1769558400.0"": 4, ""1770940800.0"": 1}",,Cash - GTGHC,Debtors - GTGHC,Round Off - GTGHC,Main - GTGHC,Write Off - GTGHC,Exchange Gain/Loss - GTGHC,,,0,Creditors - GTGHC,Cost of Goods Sold - GTGHC,Sales - GTGHC,,,,,Main - GTGHC,,1,0,Stock In Hand - GTGHC,Stock Adjustment - GTGHC,,Stock Received But Not Billed - GTGHC,,Accumulated Depreciation - GTGHC,Depreciation - GTGHC,,Gain/Loss on Asset Disposal - GTGHC,Main - GTGHC,CWIP Account - GTGHC,Asset Received But Not Billed - GTGHC,0,Daily,0,,,573,574,,,,,,Nyanza,HC
Gataraga (Musanze) Health center,2025-05-03 22:31:26.527001,2026-04-28 16:21:48.319167,uwababyeyij83@gmail.com,florentin.ndabarasa@moh.gov.rw,0,0,Gataraga (Musanze) Health center,GTRGMSZHC,1103,RWF,Rwanda,0,,,,,,,,,,,,,,,Standard Template,,Standard,,{},0.0,342535.0,,,0.0,"{""1751932800.0"": 1, ""1752105600.0"": 1, ""1752537600.0"": 5, ""1753056000.0"": 2, ""1753142400.0"": 2, ""1753315200.0"": 1, ""1753747200.0"": 82, ""1753833600.0"": 7, ""1753920000.0"": 3, ""1754265600.0"": 10, ""1755475200.0"": 43, ""1755561600.0"": 1, ""1755648000.0"": 3, ""1756857600.0"": 1, ""1756944000.0"": 39, ""1757030400.0"": 61, ""1757116800.0"": 24, ""1757289600.0"": 46, ""1761523200.0"": 19, ""1761609600.0"": 7, ""1761696000.0"": 39, ""1761782400.0"": 70, ""1761868800.0"": 3, ""1762128000.0"": 29, ""1762214400.0"": 96, ""1762300800.0"": 73, ""1762387200.0"": 214, ""1762473600.0"": 30, ""1762560000.0"": 6, ""1762646400.0"": 5, ""1762732800.0"": 95, ""1762819200.0"": 107, ""1762905600.0"": 91, ""1762992000.0"": 115, ""1763078400.0"": 63, ""1763164800.0"": 55, ""1763251200.0"": 63, ""1763337600.0"": 96, ""1763424000.0"": 63, ""1763510400.0"": 88, ""1763596800.0"": 106, ""1763683200.0"": 71, ""1763769600.0"": 44, ""1763856000.0"": 10, ""1763942400.0"": 77, ""1764028800.0"": 86, ""1764115200.0"": 107, ""1764201600.0"": 81, ""1764288000.0"": 7, ""1764374400.0"": 47, ""1764460800.0"": 49, ""1764547200.0"": 118, ""1764633600.0"": 135, ""1764720000.0"": 100, ""1764806400.0"": 107, ""1764892800.0"": 57, ""1764979200.0"": 60, ""1765065600.0"": 57, ""1765152000.0"": 73, ""1765238400.0"": 66, ""1765324800.0"": 66, ""1765411200.0"": 143, ""1765497600.0"": 63, ""1765584000.0"": 40, ""1765670400.0"": 44, ""1765756800.0"": 75, ""1765843200.0"": 55, ""1765929600.0"": 76, ""1766016000.0"": 94, ""1766102400.0"": 67, ""1766188800.0"": 2, ""1766275200.0"": 44, ""1766361600.0"": 79, ""1766448000.0"": 68, ""1766534400.0"": 67, ""1766620800.0"": 36, ""1766707200.0"": 65, ""1766793600.0"": 52, ""1766880000.0"": 35, ""1766966400.0"": 82, ""1767052800.0"": 77, ""1767139200.0"": 54, ""1767225600.0"": 33, ""1767312000.0"": 62, ""1767398400.0"": 46, ""1767484800.0"": 30, ""1767571200.0"": 106, ""1767657600.0"": 95, ""1767744000.0"": 87, ""1767830400.0"": 100, ""1767916800.0"": 66, ""1768003200.0"": 38, ""1768089600.0"": 36, ""1768176000.0"": 56, ""1768262400.0"": 72, ""1768348800.0"": 73, ""1768435200.0"": 120, ""1768521600.0"": 1, ""1768608000.0"": 44, ""1768694400.0"": 26, ""1768780800.0"": 80, ""1768867200.0"": 72, ""1768953600.0"": 72, ""1769040000.0"": 104, ""1769126400.0"": 66, ""1769212800.0"": 38, ""1769299200.0"": 39, ""1769385600.0"": 81, ""1769472000.0"": 50, ""1769558400.0"": 1, ""1769644800.0"": 74, ""1769731200.0"": 68, ""1769817600.0"": 34, ""1769904000.0"": 41, ""1769990400.0"": 82, ""1770076800.0"": 98, ""1770163200.0"": 73, ""1770249600.0"": 63, ""1770336000.0"": 45, ""1770422400.0"": 42, ""1770508800.0"": 37, ""1770595200.0"": 67, ""1770681600.0"": 75, ""1770768000.0"": 63, ""1770854400.0"": 96, ""1770940800.0"": 34, ""1771027200.0"": 37, ""1771113600.0"": 49, ""1771200000.0"": 70, ""1771286400.0"": 139, ""1771372800.0"": 55}",,Cash - GTRGMSZHC,Debtors - GTRGMSZHC,Round Off - GTRGMSZHC,Main - GTRGMSZHC,Write Off - GTRGMSZHC,Exchange Gain/Loss - GTRGMSZHC,,,0,Creditors - GTRGMSZHC,Cost of Goods Sold - GTRGMSZHC,Sales - GTRGMSZHC,,,,,Main - GTRGMSZHC,,1,0,Stock In Hand - GTRGMSZHC,Stock Adjustment - GTRGMSZHC,,Stock Received But Not Billed - GTRGMSZHC,,Accumulated Depreciation - GTRGMSZHC,Depreciation - GTRGMSZHC,,Gain/Loss on Asset Disposal - GTRGMSZHC,Main - GTRGMSZHC,CWIP Account - GTRGMSZHC,Asset Received But Not Billed - GTRGMSZHC,0,Daily,0,,,319,320,,,,,,Musanze,HC
Gatare Health Center,2025-04-24 23:28:03.323544,2026-02-18 17:26:53.361597,Administrator,florentin.ndabarasa@moh.gov.rw,0,0,Gatare Health Center,GTARHC,0254,RWF,Rwanda,0,,,,,,,,,,,,,,,Standard Template,,Standard,,{},0.0,0.0,,,0.0,{},,Cash - GTARHC,Debtors - GTARHC,Round Off - GTARHC,Main - GTARHC,Write Off - GTARHC,Exchange Gain/Loss - GTARHC,,,0,Creditors - GTARHC,Cost of Goods Sold - GTARHC,Sales - GTARHC,,,,,Main - GTARHC,,1,0,Stock In Hand - GTARHC,Stock Adjustment - GTARHC,,Stock Received But Not Billed - GTARHC,,Accumulated Depreciation - GTARHC,Depreciation - GTARHC,,Gain/Loss on Asset Disposal - GTARHC,Main - GTARHC,CWIP Account - GTARHC,Asset Received But Not Billed - GTARHC,0,Daily,0,,,253,254,,,,,,Nyamasheke,HC
Gatonde Health Center,2026-01-15 11:22:05.776994,2026-04-28 16:36:30.003253,igisubizoesther1@gmail.com,mararashema@gmail.com,0,4,Gatonde Health Center,GTNDHC,0291,RWF,Rwanda,0,,Kinihira PH,,,,,,,,,,,,,Standard Template,,Standard,,{},0.0,305610.0,,,0.0,"{""1768953600.0"": 2, ""1769040000.0"": 1, ""1769126400.0"": 9, ""1769385600.0"": 1, ""1769731200.0"": 39, ""1769990400.0"": 11, ""1770076800.0"": 91, ""1770163200.0"": 76, ""1770249600.0"": 80, ""1770336000.0"": 69, ""1770422400.0"": 34, ""1770508800.0"": 42, ""1770595200.0"": 77, ""1770681600.0"": 117, ""1770768000.0"": 87, ""1770854400.0"": 85, ""1770940800.0"": 49, ""1771027200.0"": 33, ""1771113600.0"": 43, ""1771200000.0"": 69, ""1771286400.0"": 108, ""1771372800.0"": 107}",,Cash - GTNDHC,Debtors - GTNDHC,Round Off - GTNDHC,Main - GTNDHC,Write Off - GTNDHC,Exchange Gain/Loss - GTNDHC,,,0,Creditors - GTNDHC,Cost of Goods Sold - GTNDHC,Sales - GTNDHC,,,,,Main - GTNDHC,,1,0,Stock In Hand - GTNDHC,Stock Adjustment - GTNDHC,,Stock Received But Not Billed - GTNDHC,,Accumulated Depreciation - GTNDHC,Depreciation - GTNDHC,,Gain/Loss on Asset Disposal - GTNDHC,Main - GTNDHC,CWIP Account - GTNDHC,Asset Received But Not Billed - GTNDHC,0,Daily,0,,,625,626,,,,,,Gakenke,HC
Gatsata Health Center,2024-08-01 09:28:41.825233,2026-04-28 17:02:50.439671,leocadienibishaka@gmail.com,rukundojoe30@gmail.com,0,117,Gatsata Health Center,GAHC,2351,RWF,Rwanda,0,,,,,,,,,,,,,,,Standard Template,,Standard,,{},0.0,396191.0,,,0.0,"{""1748044800.0"": 35, ""1748131200.0"": 15, ""1754352000.0"": 2, ""1755475200.0"": 1, ""1762214400.0"": 1, ""1762300800.0"": 16, ""1762387200.0"": 5, ""1762819200.0"": 2, ""1762905600.0"": 4, ""1763510400.0"": 1, ""1767657600.0"": 1, ""1767916800.0"": 5, ""1768003200.0"": 2, ""1768608000.0"": 1, ""1769126400.0"": 2, ""1769817600.0"": 2}",,Cash - GAHC,Debtors - GAHC,Round Off - GAHC,Main - GAHC,Write Off - GAHC,Exchange Gain/Loss - GAHC,,,0,Creditors - GAHC,Cost of Goods Sold - GAHC,Sales - GAHC,,,,,Main - GAHC,,1,0,Stock In Hand - GAHC,Stock Adjustment - GAHC,,Stock Received But Not Billed - GAHC,,Accumulated Depreciation - GAHC,Depreciation - GAHC,,Gain/Loss on Asset Disposal - GAHC,Main - GAHC,CWIP Account - GAHC,Asset Received But Not Billed - GAHC,0,Daily,0,,,37,38,,,,,,Gasabo,HC
Gatsibo Health Center,2025-04-24 19:35:31.557340,2026-04-28 12:23:19.209612,umurerwagiselle1@gmail.com,florentin.ndabarasa@moh.gov.rw,0,0,Gatsibo Health Center,GTSBHC,0606,RWF,Rwanda,0,,,,,,,,,,,,,,,Standard Template,,Standard,,{},0.0,71538.74,,,0.0,"{""1745884800.0"": 1, ""1745971200.0"": 1, ""1746057600.0"": 2, ""1746316800.0"": 1, ""1746403200.0"": 1, ""1747180800.0"": 3, ""1747958400.0"": 1, ""1748044800.0"": 53, ""1748131200.0"": 12, ""1754265600.0"": 5, ""1754352000.0"": 2}",,Cash - GTSBHC,Debtors - GTSBHC,Round Off - GTSBHC,Main - GTSBHC,Write Off - GTSBHC,Exchange Gain/Loss - GTSBHC,,,0,Creditors - GTSBHC,Cost of Goods Sold - GTSBHC,Sales - GTSBHC,,,,,Main - GTSBHC,,1,0,Stock In Hand - GTSBHC,Stock Adjustment - GTSBHC,,Stock Received But Not Billed - GTSBHC,,Accumulated Depreciation - GTSBHC,Depreciation - GTSBHC,,Gain/Loss on Asset Disposal - GTSBHC,Main - GTSBHC,CWIP Account - GTSBHC,Asset Received But Not Billed - GTSBHC,0,Daily,0,,,247,248,,,,,,Gatsibo,HC
Gicumbi Prison Health Center,2025-07-27 09:15:24.283322,2026-02-18 17:26:53.664848,Administrator,ildephonse90@yahoo.com,0,0,Gicumbi Prison Health Center,GMBPHC,1102,RWF,Rwanda,0,,,,,,,,,,,,,,,Standard Template,,Standard,,{},0.0,611.28,,,0.0,"{""1753747200.0"": 2, ""1754438400.0"": 2, ""1754524800.0"": 2}",,Cash - GMBPHC,Debtors - GMBPHC,Round Off - GMBPHC,Main - GMBPHC,Write Off - GMBPHC,Exchange Gain/Loss - GMBPHC,,,0,Creditors - GMBPHC,Cost of Goods Sold - GMBPHC,Sales - GMBPHC,,,,,Main - GMBPHC,,1,0,Stock In Hand - GMBPHC,Stock Adjustment - GMBPHC,,Stock Received But Not Billed - GMBPHC,,Accumulated Depreciation - GMBPHC,Depreciation - GMBPHC,,Gain/Loss on Asset Disposal - GMBPHC,Main - GMBPHC,CWIP Account - GMBPHC,Asset Received But Not Billed - GMBPHC,0,Daily,0,,,495,496,,,,,,Gicumbi,HC
Gihara Health Center,2025-11-15 12:06:46.126749,2026-02-18 17:26:53.893279,Administrator,mararashema@gmail.com,0,0,Gihara Health Center,GIHRHC,0143,RWF,Rwanda,0,,,,,,,,,,,,,,,Standard Template,,Standard,,{},0.0,0.0,,,0.0,{},,Cash - GIHRHC,Debtors - GIHRHC,Round Off - GIHRHC,Main - GIHRHC,Write Off - GIHRHC,Exchange Gain/Loss - GIHRHC,,,0,Creditors - GIHRHC,Cost of Goods Sold - GIHRHC,Sales - GIHRHC,,,,,Main - GIHRHC,,1,0,Stock In Hand - GIHRHC,Stock Adjustment - GIHRHC,,Stock Received But Not Billed - GIHRHC,,Accumulated Depreciation - GIHRHC,Depreciation - GIHRHC,,Gain/Loss on Asset Disposal - GIHRHC,Main - GIHRHC,CWIP Account - GIHRHC,Asset Received But Not Billed - GIHRHC,0,Daily,0,,,557,558,,,,,,Kamonyi,HC
Gihinga Health Center,2025-01-21 18:08:26.979719,2026-04-27 08:26:44.887366,uwimana40del@gmail.com,info@spiderbit.rw,0,0,Gihinga Health Center,GIHHC,0448,RWF,Rwanda,0,,,,,,,,,,,,,,,Standard Template,,Standard,,{},0.0,25850.0,,,0.0,"{""1741046400.0"": 1, ""1742169600.0"": 1, ""1747958400.0"": 18, ""1748044800.0"": 6, ""1748131200.0"": 7, ""1758067200.0"": 1, ""1758844800.0"": 2, ""1761609600.0"": 7, ""1761696000.0"": 20, ""1761782400.0"": 19, ""1763424000.0"": 25, ""1763510400.0"": 50, ""1763596800.0"": 36, ""1763683200.0"": 30, ""1763942400.0"": 9, ""1764460800.0"": 2, ""1770768000.0"": 2, ""1771286400.0"": 5, ""1771372800.0"": 27}",,Cash - GIHHC,Debtors - GIHHC,Round Off - GIHHC,Main - GIHHC,Write Off - GIHHC,Exchange Gain/Loss - GIHHC,,,0,Creditors - GIHHC,Cost of Goods Sold - GIHHC,Sales - GIHHC,,,,,Main - GIHHC,,1,0,Stock In Hand - GIHHC,Stock Adjustment - GIHHC,,Stock Received But Not Billed - GIHHC,,Accumulated Depreciation - GIHHC,Depreciation - GIHHC,,Gain/Loss on Asset Disposal - GIHHC,Main - GIHHC,CWIP Account - GIHHC,Asset Received But Not Billed - GIHHC,0,Daily,0,,,113,114,,,,,,Bugesera,HC
Gihogwe HC,2025-04-01 10:08:48.611470,2026-02-18 17:26:53.834884,Administrator,florentin.ndabarasa@moh.gov.rw,0,0,Gihogwe HC,GIHOHC,0513,RWF,Rwanda,0,,,,,,,,,,,,,,,Standard Template,,Standard,,{},0.0,4082.0,,,0.0,"{""1748044800.0"": 22, ""1748131200.0"": 2, ""1761004800.0"": 3, ""1761091200.0"": 4, ""1761177600.0"": 58, ""1761264000.0"": 68, ""1761350400.0"": 6, ""1761523200.0"": 131, ""1761696000.0"": 29, ""1761782400.0"": 23, ""1762214400.0"": 4, ""1762560000.0"": 1}",,Cash - GIHOHC,Debtors - GIHOHC,Round Off - GIHOHC,Main - GIHOHC,Write Off - GIHOHC,Exchange Gain/Loss - GIHOHC,,,0,Creditors - GIHOHC,Cost of Goods Sold - GIHOHC,Sales - GIHOHC,,,,,Main - GIHOHC,,1,0,Stock In Hand - GIHOHC,Stock Adjustment - GIHOHC,,Stock Received But Not Billed - GIHOHC,,Accumulated Depreciation - GIHOHC,Depreciation - GIHOHC,,Gain/Loss on Asset Disposal - GIHOHC,Main - GIHOHC,CWIP Account - GIHOHC,Asset Received But Not Billed - GIHOHC,0,Daily,0,,,163,164,,,,,,Gasabo,HC
Gikomero (Kabgayi) Health Center,2025-08-12 16:20:16.438579,2026-04-28 14:29:38.649529,niyonkururachel951@gmail.com,ildephonse90@yahoo.com,0,0,Gikomero (Kabgayi) Health Center,GKMHC,1322,RWF,Rwanda,0,,,,,,,,,,,,,,,Standard Template,,Standard,,{},0.0,233460.0,,,0.0,"{""1763510400.0"": 36, ""1763596800.0"": 64, ""1763683200.0"": 38, ""1763769600.0"": 17, ""1763856000.0"": 8, ""1763942400.0"": 62, ""1764028800.0"": 66, ""1764115200.0"": 62, ""1764201600.0"": 52, ""1764288000.0"": 45, ""1764374400.0"": 28, ""1764460800.0"": 25, ""1764547200.0"": 65, ""1764633600.0"": 21, ""1764720000.0"": 43, ""1764806400.0"": 47, ""1764892800.0"": 50, ""1764979200.0"": 36, ""1765065600.0"": 32, ""1765152000.0"": 60, ""1765238400.0"": 70, ""1765324800.0"": 57, ""1765411200.0"": 48, ""1765497600.0"": 47, ""1765584000.0"": 38, ""1765670400.0"": 31, ""1765756800.0"": 54, ""1765843200.0"": 102, ""1765929600.0"": 49, ""1766016000.0"": 58, ""1766102400.0"": 41, ""1766188800.0"": 38, ""1766275200.0"": 37, ""1766361600.0"": 64, ""1766448000.0"": 59, ""1766534400.0"": 42, ""1766620800.0"": 20, ""1766707200.0"": 42, ""1766793600.0"": 35, ""1766880000.0"": 10, ""1766966400.0"": 21, ""1767052800.0"": 48, ""1767139200.0"": 63, ""1767225600.0"": 23, ""1767312000.0"": 50, ""1767398400.0"": 19, ""1767484800.0"": 19, ""1767571200.0"": 47, ""1767657600.0"": 71, ""1767744000.0"": 37, ""1767830400.0"": 14, ""1767916800.0"": 50, ""1768003200.0"": 17, ""1768089600.0"": 15, ""1768176000.0"": 50, ""1768262400.0"": 60, ""1768348800.0"": 51, ""1768435200.0"": 36, ""1768780800.0"": 64, ""1768867200.0"": 80, ""1768953600.0"": 41, ""1769040000.0"": 45, ""1769126400.0"": 32, ""1769212800.0"": 17, ""1769299200.0"": 17, ""1769385600.0"": 48, ""1769472000.0"": 45, ""1769558400.0"": 42, ""1769644800.0"": 49, ""1769731200.0"": 27, ""1769817600.0"": 13, ""1769904000.0"": 18, ""1770076800.0"": 49, ""1770163200.0"": 49, ""1770249600.0"": 41, ""1770336000.0"": 31, ""1770422400.0"": 22, ""1770508800.0"": 12, ""1770595200.0"": 17, ""1770681600.0"": 61, ""1770768000.0"": 38, ""1770854400.0"": 49, ""1770940800.0"": 37, ""1771027200.0"": 12, ""1771113600.0"": 25, ""1771200000.0"": 42, ""1771286400.0"": 83, ""1771372800.0"": 32}",,Cash - GKMHC,Debtors - GKMHC,Round Off - GKMHC,Main - GKMHC,Write Off - GKMHC,Exchange Gain/Loss - GKMHC,,,0,Creditors - GKMHC,Cost of Goods Sold - GKMHC,Sales - GKMHC,,,,,Main - GKMHC,,1,0,Stock In Hand - GKMHC,Stock Adjustment - GKMHC,,Stock Received But Not Billed - GKMHC,,Accumulated Depreciation - GKMHC,Depreciation - GKMHC,,Gain/Loss on Asset Disposal - GKMHC,Main - GKMHC,CWIP Account - GKMHC,Asset Received But Not Billed - GKMHC,0,Daily,0,,,503,504,,,,,,Muhanga,HC
Gikomero II Health Center,2024-08-16 10:31:11.732548,2026-03-25 16:30:42.333998,etuyishimire812@gmail.com,rukundojoe30@gmail.com,0,4,Gikomero II Health Center,G2HC,0654,RWF,Rwanda,0,,,,,,,,,,,,,,,Standard Template,,Standard,,{},0.0,200.0,,,0.0,"{""1762214400.0"": 2, ""1762387200.0"": 2}",,Cash - G2HC,Debtors - G2HC,Round Off - G2HC,Main - G2HC,Write Off - G2HC,Exchange Gain/Loss - G2HC,,,0,Creditors - G2HC,Cost of Goods Sold - G2HC,Sales - G2HC,,,,,Main - G2HC,,1,0,Stock In Hand - G2HC,Stock Adjustment - G2HC,,Stock Received But Not Billed - G2HC,,Accumulated Depreciation - G2HC,Depreciation - G2HC,,Gain/Loss on Asset Disposal - G2HC,Main - G2HC,CWIP Account - G2HC,Asset Received But Not Billed - G2HC,0,Daily,0,,,49,50,,,,,,Gasabo,HC
Gikondo Health Center,2024-06-10 23:49:00.814863,2026-04-28 16:53:18.741789,nishyiremberestephanie@gmail.com,rukundojoe30@gmail.com,0,1,Gikondo Health Center,GIHC,0032,RWF,Rwanda,0,,,,,,,,,,,,,,,Standard Template,,Standard,,{},0.0,821395.24,,,0.0,"{""1755820800.0"": 4, ""1758412800.0"": 9, ""1758931200.0"": 3, ""1759276800.0"": 4, ""1759795200.0"": 2, ""1759968000.0"": 1, ""1760140800.0"": 2, ""1760659200.0"": 1, ""1761609600.0"": 1, ""1761696000.0"": 18, ""1761868800.0"": 56, ""1761955200.0"": 26, ""1762041600.0"": 1, ""1762128000.0"": 30, ""1762214400.0"": 27, ""1762300800.0"": 18, ""1762387200.0"": 43, ""1762473600.0"": 46, ""1762560000.0"": 46, ""1762646400.0"": 50, ""1762732800.0"": 39, ""1762819200.0"": 132, ""1762905600.0"": 132, ""1762992000.0"": 121, ""1763078400.0"": 148, ""1763164800.0"": 88, ""1763251200.0"": 67, ""1763337600.0"": 151, ""1763424000.0"": 168, ""1763510400.0"": 172, ""1763683200.0"": 155, ""1763769600.0"": 94, ""1763856000.0"": 59, ""1763942400.0"": 105, ""1764028800.0"": 11, ""1764115200.0"": 157, ""1764201600.0"": 104, ""1764288000.0"": 123, ""1764374400.0"": 71, ""1764460800.0"": 66, ""1764547200.0"": 131, ""1764633600.0"": 103, ""1764720000.0"": 109, ""1764806400.0"": 98, ""1764892800.0"": 133, ""1764979200.0"": 89, ""1765065600.0"": 96, ""1765152000.0"": 182, ""1765238400.0"": 197, ""1765324800.0"": 176, ""1765411200.0"": 152, ""1765497600.0"": 174, ""1765584000.0"": 118, ""1765670400.0"": 106, ""1765756800.0"": 117, ""1765843200.0"": 177, ""1765929600.0"": 182, ""1766016000.0"": 160, ""1766102400.0"": 176, ""1766188800.0"": 64, ""1766275200.0"": 67, ""1766361600.0"": 159, ""1766448000.0"": 162, ""1766534400.0"": 200, ""1766620800.0"": 91, ""1766707200.0"": 83, ""1766793600.0"": 108, ""1766880000.0"": 63, ""1766966400.0"": 172, ""1767052800.0"": 221, ""1767139200.0"": 191, ""1767225600.0"": 108, ""1767312000.0"": 140, ""1767398400.0"": 82, ""1767484800.0"": 80, ""1767571200.0"": 167, ""1767657600.0"": 128, ""1767744000.0"": 29, ""1767830400.0"": 96, ""1767916800.0"": 76, ""1768003200.0"": 40, ""1768089600.0"": 26, ""1768176000.0"": 63, ""1768262400.0"": 67, ""1768348800.0"": 23, ""1768435200.0"": 85, ""1768521600.0"": 1, ""1768608000.0"": 58, ""1768694400.0"": 50, ""1768780800.0"": 101, ""1768867200.0"": 108, ""1768953600.0"": 55, ""1769040000.0"": 78, ""1769126400.0"": 98, ""1769299200.0"": 44, ""1769385600.0"": 118, ""1769472000.0"": 21, ""1769558400.0"": 199, ""1769644800.0"": 87, ""1769731200.0"": 114, ""1769817600.0"": 58, ""1769904000.0"": 49, ""1769990400.0"": 66, ""1770076800.0"": 128, ""1770163200.0"": 130, ""1770249600.0"": 88, ""1770336000.0"": 130, ""1770422400.0"": 49, ""1770508800.0"": 44, ""1770595200.0"": 114, ""1770681600.0"": 127, ""1770768000.0"": 136, ""1770854400.0"": 96, ""1770940800.0"": 32, ""1771027200.0"": 57, ""1771113600.0"": 54, ""1771200000.0"": 44, ""1771286400.0"": 106, ""1771372800.0"": 98}",,Cash - GIHC,Debtors - GIHC,Round Off - GIHC,Main - GIHC,Write Off - GIHC,Exchange Gain/Loss - GIHC,,,0,Creditors - GIHC,Cost of Goods Sold - GIHC,Sales - GIHC,,,,,Main - GIHC,,1,0,Stock In Hand - GIHC,Stock Adjustment - GIHC,,Stock Received But Not Billed - GIHC,,Accumulated Depreciation - GIHC,Depreciation - GIHC,,Gain/Loss on Asset Disposal - GIHC,Main - GIHC,CWIP Account - GIHC,Asset Received But Not Billed - GIHC,0,Daily,0,,,21,22,,,,,,Kicukiro,HC
Gisenyi HC,2025-04-02 00:25:16.434930,2026-02-18 17:26:53.709336,Administrator,florentin.ndabarasa@moh.gov.rw,0,0,Gisenyi HC,GISEHC,0198,RWF,Rwanda,0,,,,,,,,,,,,,,,Standard Template,,Standard,,{},0.0,11669616.0,,,0.0,"{""1759622400.0"": 1}",,Cash - GISEHC,Debtors - GISEHC,Round Off - GISEHC,Main - GISEHC,Write Off - GISEHC,Exchange Gain/Loss - GISEHC,,,0,Creditors - GISEHC,Cost of Goods Sold - GISEHC,Sales - GISEHC,,,,,Main - GISEHC,,1,0,Stock In Hand - GISEHC,Stock Adjustment - GISEHC,,Stock Received But Not Billed - GISEHC,,Accumulated Depreciation - GISEHC,Depreciation - GISEHC,,Gain/Loss on Asset Disposal - GISEHC,Main - GISEHC,CWIP Account - GISEHC,Asset Received But Not Billed - GISEHC,0,Daily,0,,,185,186,,,,,,Rubavu,HC
GISHARI HC,2025-03-31 16:00:58.287503,2026-04-28 09:10:20.053969,immaculeeimanishimwe4@gmail.com,mugipascal@gmail.com,0,0,GISHARI HC,GISHHC,0354,RWF,Rwanda,0,,,,,,,,,,,,,,,Standard Template,,Standard,,{},0.0,1551212.872,,,0.0,"{""1745020800.0"": 1, ""1746403200.0"": 1, ""1747958400.0"": 6, ""1748044800.0"": 102, ""1748131200.0"": 54, ""1754179200.0"": 2, ""1754870400.0"": 5, ""1756684800.0"": 1, ""1756944000.0"": 15, ""1757376000.0"": 2, ""1757462400.0"": 6, ""1757548800.0"": 38, ""1757635200.0"": 1, ""1757721600.0"": 21, ""1757808000.0"": 15, ""1757894400.0"": 1, ""1757980800.0"": 25, ""1758067200.0"": 14, ""1758153600.0"": 48, ""1758240000.0"": 41, ""1758326400.0"": 26, ""1758412800.0"": 9, ""1758499200.0"": 40, ""1758585600.0"": 68, ""1758672000.0"": 17, ""1758758400.0"": 49, ""1758844800.0"": 9, ""1758931200.0"": 20, ""1759017600.0"": 30, ""1759104000.0"": 41, ""1759190400.0"": 27, ""1759276800.0"": 37, ""1759363200.0"": 45, ""1759449600.0"": 55, ""1759536000.0"": 29, ""1759622400.0"": 14, ""1759708800.0"": 30, ""1759795200.0"": 37, ""1759881600.0"": 34, ""1759968000.0"": 52, ""1760054400.0"": 14, ""1760140800.0"": 16, ""1760227200.0"": 17, ""1760313600.0"": 8, ""1760400000.0"": 23, ""1760486400.0"": 30, ""1760572800.0"": 36, ""1760659200.0"": 19, ""1760745600.0"": 10, ""1760832000.0"": 17, ""1760918400.0"": 33, ""1761004800.0"": 24, ""1761091200.0"": 26, ""1761177600.0"": 47, ""1761264000.0"": 30, ""1761350400.0"": 23, ""1761436800.0"": 20, ""1761523200.0"": 49, ""1761609600.0"": 32, ""1761696000.0"": 30, ""1761782400.0"": 33, ""1761868800.0"": 21, ""1761955200.0"": 23, ""1762041600.0"": 13, ""1762128000.0"": 30, ""1762214400.0"": 27, ""1762300800.0"": 24, ""1762387200.0"": 34, ""1762473600.0"": 11, ""1762560000.0"": 1, ""1762646400.0"": 23, ""1762732800.0"": 16, ""1762819200.0"": 40, ""1762905600.0"": 9, ""1762992000.0"": 40, ""1763078400.0"": 14, ""1763164800.0"": 17, ""1763251200.0"": 27, ""1763337600.0"": 23, ""1763424000.0"": 22, ""1763510400.0"": 22, ""1763596800.0"": 2, ""1763683200.0"": 16, ""1763769600.0"": 1, ""1763942400.0"": 16, ""1764028800.0"": 13, ""1764115200.0"": 25, ""1764201600.0"": 16, ""1764288000.0"": 27, ""1764374400.0"": 17, ""1764460800.0"": 18, ""1764547200.0"": 25, ""1764633600.0"": 40, ""1764720000.0"": 29, ""1764806400.0"": 27, ""1764892800.0"": 18, ""1764979200.0"": 9, ""1765065600.0"": 6, ""1765152000.0"": 44, ""1765238400.0"": 46, ""1765324800.0"": 18, ""1765411200.0"": 62, ""1765497600.0"": 36, ""1765584000.0"": 24, ""1765670400.0"": 21, ""1765756800.0"": 61, ""1765843200.0"": 38, ""1765929600.0"": 24, ""1766016000.0"": 33, ""1766102400.0"": 8, ""1766188800.0"": 11, ""1766361600.0"": 23, ""1766448000.0"": 16, ""1766534400.0"": 29, ""1766620800.0"": 1, ""1766707200.0"": 5, ""1766793600.0"": 1, ""1766880000.0"": 1, ""1766966400.0"": 14, ""1767052800.0"": 23, ""1767139200.0"": 23, ""1767225600.0"": 1, ""1767312000.0"": 3, ""1767398400.0"": 1, ""1767484800.0"": 6, ""1767571200.0"": 6, ""1767657600.0"": 13, ""1767744000.0"": 3, ""1767830400.0"": 9, ""1767916800.0"": 4, ""1768003200.0"": 4, ""1768089600.0"": 2, ""1768176000.0"": 12, ""1768348800.0"": 8, ""1768435200.0"": 6, ""1768608000.0"": 1, ""1768780800.0"": 7, ""1768867200.0"": 10, ""1768953600.0"": 1, ""1769126400.0"": 5, ""1769212800.0"": 4, ""1769299200.0"": 3, ""1769385600.0"": 9, ""1769472000.0"": 14, ""1769558400.0"": 30, ""1769644800.0"": 41, ""1769731200.0"": 29, ""1769817600.0"": 9, ""1769904000.0"": 6, ""1769990400.0"": 4, ""1770076800.0"": 14, ""1770249600.0"": 28, ""1770336000.0"": 28, ""1770422400.0"": 4, ""1770508800.0"": 3, ""1770595200.0"": 21, ""1770681600.0"": 32, ""1770768000.0"": 33, ""1770854400.0"": 40, ""1770940800.0"": 27, ""1771027200.0"": 7, ""1771113600.0"": 8, ""1771200000.0"": 20, ""1771286400.0"": 31, ""1771372800.0"": 29}",,Cash - GISHHC,Debtors - GISHHC,Round Off - GISHHC,Main - GISHHC,Write Off - GISHHC,Exchange Gain/Loss - GISHHC,,,0,Creditors - GISHHC,Cost of Goods Sold - GISHHC,Sales - GISHHC,,,,,Main - GISHHC,,1,0,Stock In Hand - GISHHC,Stock Adjustment - GISHHC,,Stock Received But Not Billed - GISHHC,,Accumulated Depreciation - GISHHC,Depreciation - GISHHC,,Gain/Loss on Asset Disposal - GISHHC,Main - GISHHC,CWIP Account - GISHHC,Asset Received But Not Billed - GISHHC,0,Daily,0,,,151,152,,,,,,Rwamagana,HC
Gisiza Health Center,2025-07-24 00:55:21.641374,2026-04-28 11:58:29.316220,evelynetwizere@gmail.com,ildephonse90@yahoo.com,0,0,Gisiza Health Center,GISHC,0337,RWF,Rwanda,0,,,,,,,,,,,,,,,Standard Template,,Standard,,{},0.0,32198.565,,,0.0,"{""1753833600.0"": 1, ""1753920000.0"": 1, ""1754438400.0"": 1, ""1754524800.0"": 1, ""1754956800.0"": 1, ""1755043200.0"": 3, ""1755216000.0"": 1, ""1755561600.0"": 2, ""1757721600.0"": 1, ""1758067200.0"": 1, ""1758499200.0"": 1, ""1758758400.0"": 1, ""1758844800.0"": 1, ""1759104000.0"": 9, ""1759190400.0"": 1, ""1759276800.0"": 6, ""1759363200.0"": 6, ""1759449600.0"": 6, ""1760054400.0"": 1, ""1760140800.0"": 3, ""1760313600.0"": 1, ""1760400000.0"": 1, ""1760918400.0"": 4, ""1761177600.0"": 3, ""1762300800.0"": 4, ""1762387200.0"": 1, ""1762560000.0"": 2, ""1762646400.0"": 2, ""1763078400.0"": 2, ""1763337600.0"": 3, ""1763510400.0"": 3, ""1764201600.0"": 1, ""1764460800.0"": 4, ""1764547200.0"": 2, ""1764806400.0"": 1, ""1764892800.0"": 8, ""1764979200.0"": 10, ""1765065600.0"": 5, ""1765152000.0"": 1, ""1765324800.0"": 3, ""1765411200.0"": 3, ""1765497600.0"": 4, ""1765584000.0"": 1, ""1765929600.0"": 4, ""1766016000.0"": 4, ""1766102400.0"": 2, ""1766188800.0"": 1, ""1766275200.0"": 3, ""1766448000.0"": 1, ""1766534400.0"": 3, ""1766620800.0"": 32, ""1766966400.0"": 3, ""1767052800.0"": 1, ""1767571200.0"": 1, ""1767657600.0"": 2, ""1767744000.0"": 4, ""1767830400.0"": 2, ""1767916800.0"": 2, ""1768003200.0"": 2, ""1768176000.0"": 1, ""1768262400.0"": 1, ""1768348800.0"": 2, ""1768780800.0"": 1, ""1768867200.0"": 3, ""1768953600.0"": 1, ""1769040000.0"": 3, ""1769126400.0"": 4, ""1769212800.0"": 1, ""1769299200.0"": 3, ""1769472000.0"": 2, ""1770076800.0"": 1, ""1770422400.0"": 1, ""1770681600.0"": 4, ""1770768000.0"": 1, ""1770854400.0"": 1, ""1770940800.0"": 3, ""1771027200.0"": 2, ""1771113600.0"": 1, ""1771200000.0"": 1, ""1771286400.0"": 3, ""1771372800.0"": 1}",,Cash - GISHC,Debtors - GISHC,Round Off - GISHC,Main - GISHC,Write Off - GISHC,Exchange Gain/Loss - GISHC,,,0,Creditors - GISHC,Cost of Goods Sold - GISHC,Sales - GISHC,,,,,Main - GISHC,,1,0,Stock In Hand - GISHC,Stock Adjustment - GISHC,,Stock Received But Not Billed - GISHC,,Accumulated Depreciation - GISHC,Depreciation - GISHC,,Gain/Loss on Asset Disposal - GISHC,Main - GISHC,CWIP Account - GISHC,Asset Received But Not Billed - GISHC,0,Daily,0,,,483,484,,,,,,Gicumbi,HC
Gitarama Health Center,2025-04-23 19:15:38.729004,2026-04-28 16:42:57.780138,belisemurekatete7@gmail.com,florentin.ndabarasa@moh.gov.rw,0,0,Gitarama Health Center,GTRMHC,0130,RWF,Rwanda,0,,,,,,,,,,,,,,,Standard Template,,Standard,,{},0.0,869953.452,,,0.0,"{""1763424000.0"": 8, ""1763510400.0"": 10, ""1763596800.0"": 3, ""1763942400.0"": 6, ""1764028800.0"": 29, ""1764115200.0"": 76, ""1764201600.0"": 7, ""1764288000.0"": 30, ""1764460800.0"": 2, ""1764547200.0"": 33, ""1764633600.0"": 3, ""1764806400.0"": 2, ""1764892800.0"": 3, ""1765238400.0"": 6, ""1765324800.0"": 2, ""1765411200.0"": 6, ""1765756800.0"": 3, ""1765843200.0"": 3, ""1766275200.0"": 4, ""1766361600.0"": 2, ""1766448000.0"": 2, ""1766534400.0"": 1, ""1766620800.0"": 1, ""1766707200.0"": 4, ""1766793600.0"": 5, ""1766966400.0"": 3, ""1767052800.0"": 3, ""1767139200.0"": 6, ""1767312000.0"": 3, ""1767484800.0"": 5, ""1767571200.0"": 5, ""1767657600.0"": 14, ""1767744000.0"": 152, ""1767830400.0"": 123, ""1767916800.0"": 36, ""1768003200.0"": 91, ""1768089600.0"": 101, ""1768176000.0"": 74, ""1768262400.0"": 94, ""1768348800.0"": 88, ""1768435200.0"": 57, ""1768521600.0"": 41, ""1768608000.0"": 91, ""1768694400.0"": 113, ""1768780800.0"": 76, ""1768867200.0"": 90, ""1768953600.0"": 105, ""1769040000.0"": 166, ""1769126400.0"": 82, ""1769212800.0"": 98, ""1769299200.0"": 64, ""1769385600.0"": 93, ""1769472000.0"": 149, ""1769558400.0"": 169, ""1769644800.0"": 177, ""1769731200.0"": 110, ""1769817600.0"": 61, ""1769904000.0"": 96, ""1769990400.0"": 77, ""1770076800.0"": 149, ""1770163200.0"": 182, ""1770249600.0"": 143, ""1770336000.0"": 174, ""1770422400.0"": 94, ""1770508800.0"": 82, ""1770595200.0"": 121, ""1770681600.0"": 142, ""1770768000.0"": 168, ""1770854400.0"": 144, ""1770940800.0"": 133, ""1771027200.0"": 83, ""1771113600.0"": 88, ""1771200000.0"": 128, ""1771286400.0"": 140, ""1771372800.0"": 138}",,Cash - GTRMHC,Debtors - GTRMHC,Round Off - GTRMHC,Main - GTRMHC,Write Off - GTRMHC,Exchange Gain/Loss - GTRMHC,,,0,Creditors - GTRMHC,Cost of Goods Sold - GTRMHC,Sales - GTRMHC,,,,,Main - GTRMHC,,1,0,Stock In Hand - GTRMHC,Stock Adjustment - GTRMHC,,Stock Received But Not Billed - GTRMHC,,Accumulated Depreciation - GTRMHC,Depreciation - GTRMHC,,Gain/Loss on Asset Disposal - GTRMHC,Main - GTRMHC,CWIP Account - GTRMHC,Asset Received But Not Billed - GTRMHC,0,Daily,0,,,233,234,,,,,,Muhanga,HC
Gitega Health Center,2024-08-01 09:25:30.227275,2026-04-28 12:15:15.684574,tfabrice048@gmail.com,rukundojoe30@gmail.com,0,2384,Gitega Health Center,GITHC,0005,RWF,Rwanda,0,,,,,,,,,,,,,,,Standard Template,,Standard,,{},0.0,42100.0,,,0.0,"{""1739923200.0"": 1, ""1740096000.0"": 1, ""1740182400.0"": 2, ""1740355200.0"": 1, ""1740441600.0"": 2, ""1740528000.0"": 2, ""1740614400.0"": 3, ""1740700800.0"": 1, ""1740787200.0"": 1, ""1740873600.0"": 2, ""1740960000.0"": 1, ""1741132800.0"": 1, ""1741219200.0"": 1, ""1741305600.0"": 2, ""1741564800.0"": 1, ""1741651200.0"": 1, ""1741737600.0"": 2, ""1741824000.0"": 1, ""1742169600.0"": 2, ""1742256000.0"": 2, ""1742342400.0"": 1, ""1742428800.0"": 1, ""1742515200.0"": 1, ""1742774400.0"": 2, ""1742860800.0"": 1, ""1742947200.0"": 1, ""1743033600.0"": 1, ""1743120000.0"": 2, ""1743379200.0"": 3, ""1743465600.0"": 1, ""1743552000.0"": 5, ""1743724800.0"": 1, ""1744156800.0"": 1, ""1744243200.0"": 4, ""1744329600.0"": 1, ""1744588800.0"": 2, ""1744675200.0"": 2, ""1744761600.0"": 3, ""1744848000.0"": 1, ""1744934400.0"": 1, ""1745020800.0"": 1, ""1745193600.0"": 1, ""1745280000.0"": 7, ""1745366400.0"": 3, ""1745452800.0"": 5, ""1745539200.0"": 3, ""1745712000.0"": 1, ""1745798400.0"": 2, ""1745884800.0"": 3, ""1746057600.0"": 1, ""1746144000.0"": 4, ""1746230400.0"": 1, ""1746403200.0"": 2, ""1746489600.0"": 1, ""1746576000.0"": 1, ""1746662400.0"": 2, ""1746748800.0"": 2, ""1746921600.0"": 2, ""1747008000.0"": 3, ""1747094400.0"": 1, ""1747180800.0"": 4, ""1747267200.0"": 1, ""1747353600.0"": 1, ""1747440000.0"": 1, ""1747526400.0"": 3, ""1747612800.0"": 1, ""1747699200.0"": 1, ""1747958400.0"": 14, ""1748044800.0"": 78, ""1748131200.0"": 27, ""1748304000.0"": 3, ""1748476800.0"": 2, ""1748563200.0"": 4, ""1748649600.0"": 1, ""1748736000.0"": 3, ""1748822400.0"": 2, ""1748908800.0"": 6, ""1748995200.0"": 1, ""1749081600.0"": 8, ""1749168000.0"": 9, ""1749254400.0"": 2, ""1749427200.0"": 7, ""1749513600.0"": 3, ""1749600000.0"": 5, ""1749686400.0"": 6, ""1749772800.0"": 2, ""1749859200.0"": 1, ""1749945600.0"": 5, ""1750032000.0"": 5, ""1750118400.0"": 1, ""1750204800.0"": 2, ""1750291200.0"": 5, ""1750377600.0"": 5, ""1750464000.0"": 5, ""1750636800.0"": 6, ""1750723200.0"": 5, ""1750809600.0"": 2, ""1750896000.0"": 1, ""1750982400.0"": 1, ""1751068800.0"": 2, ""1751241600.0"": 3, ""1751414400.0"": 1, ""1751500800.0"": 3, ""1751673600.0"": 7, ""1751760000.0"": 2, ""1751846400.0"": 4, ""1751932800.0"": 5, ""1752105600.0"": 6, ""1752192000.0"": 2, ""1752364800.0"": 2, ""1752451200.0"": 6, ""1752624000.0"": 6, ""1752710400.0"": 4, ""1752883200.0"": 1, ""1752969600.0"": 6, ""1753056000.0"": 3, ""1753142400.0"": 2, ""1753228800.0"": 1, ""1753315200.0"": 3, ""1753401600.0"": 1, ""1753488000.0"": 1, ""1753747200.0"": 8, ""1753833600.0"": 2, ""1754006400.0"": 1, ""1754092800.0"": 1, ""1754784000.0"": 1, ""1755129600.0"": 1, ""1755302400.0"": 1, ""1755388800.0"": 2, ""1755648000.0"": 2, ""1756080000.0"": 1, ""1756166400.0"": 1, ""1756512000.0"": 1, ""1756771200.0"": 1, ""1757721600.0"": 1, ""1757980800.0"": 2, ""1758067200.0"": 1, ""1758844800.0"": 2, ""1759104000.0"": 3, ""1759190400.0"": 1, ""1759276800.0"": 1, ""1759363200.0"": 1, ""1762214400.0"": 1, ""1762300800.0"": 4, ""1762905600.0"": 2, ""1763424000.0"": 5, ""1763510400.0"": 34, ""1764115200.0"": 36, ""1764201600.0"": 44, ""1764288000.0"": 7, ""1764547200.0"": 69, ""1764633600.0"": 49, ""1764720000.0"": 42, ""1764806400.0"": 56, ""1764892800.0"": 26, ""1764979200.0"": 20, ""1765065600.0"": 9, ""1765152000.0"": 48, ""1765238400.0"": 61, ""1765324800.0"": 56, ""1765411200.0"": 68, ""1765497600.0"": 35, ""1765756800.0"": 40, ""1765843200.0"": 42, ""1765929600.0"": 30, ""1766016000.0"": 45, ""1766102400.0"": 14, ""1766361600.0"": 26, ""1766448000.0"": 35, ""1766534400.0"": 28, ""1766620800.0"": 18, ""1766707200.0"": 9, ""1766966400.0"": 47, ""1767052800.0"": 4, ""1767139200.0"": 29, ""1767225600.0"": 16, ""1767312000.0"": 2, ""1767571200.0"": 14, ""1767657600.0"": 13, ""1767916800.0"": 1, ""1768176000.0"": 2, ""1768348800.0"": 1, ""1768435200.0"": 6, ""1768953600.0"": 1, ""1769990400.0"": 1, ""1770076800.0"": 2, ""1770249600.0"": 12, ""1770336000.0"": 45, ""1770508800.0"": 5, ""1770595200.0"": 59, ""1770681600.0"": 36, ""1770768000.0"": 41, ""1770854400.0"": 20, ""1770940800.0"": 18, ""1771027200.0"": 4, ""1771200000.0"": 38, ""1771286400.0"": 54, ""1771372800.0"": 12}",,Cash - GITHC,Debtors - GITHC,Round Off - GITHC,Main - GITHC,Write Off - GITHC,Exchange Gain/Loss - GITHC,,,0,Creditors - GITHC,Cost of Goods Sold - GITHC,Sales - GITHC,,,,,Main - GITHC,,1,0,Stock In Hand - GITHC,Stock Adjustment - GITHC,,Stock Received But Not Billed - GITHC,,Accumulated Depreciation - GITHC,Depreciation - GITHC,,Gain/Loss on Asset Disposal - GITHC,Main - GITHC,CWIP Account - GITHC,Asset Received But Not Billed - GITHC,0,Daily,0,,,31,32,,,,,,Nyarugenge,HC
Gitega(Muhanga) Health Center,2025-11-15 17:22:32.917234,2026-04-28 18:06:43.026636,kinyamahangafred@gmail.com,mararashema@gmail.com,0,0,Gitega(Muhanga) Health Center,GTGMHC,0131,RWF,Rwanda,0,,,,,,,,,,,,,,,Standard Template,,Standard,,{},0.0,86865.4,,,0.0,"{""1763337600.0"": 11, ""1763424000.0"": 16, ""1763510400.0"": 23, ""1763596800.0"": 9, ""1763683200.0"": 21, ""1763769600.0"": 3, ""1763942400.0"": 26, ""1764028800.0"": 17, ""1764115200.0"": 37, ""1764201600.0"": 13, ""1764288000.0"": 13, ""1764374400.0"": 5, ""1764460800.0"": 6, ""1764547200.0"": 3, ""1764633600.0"": 36, ""1764892800.0"": 4, ""1764979200.0"": 16, ""1765065600.0"": 2, ""1765152000.0"": 7, ""1765238400.0"": 8, ""1765324800.0"": 6, ""1765411200.0"": 53, ""1765497600.0"": 47, ""1765584000.0"": 1, ""1765756800.0"": 27, ""1765843200.0"": 46, ""1765929600.0"": 10, ""1766016000.0"": 44, ""1766102400.0"": 42, ""1766188800.0"": 26, ""1766275200.0"": 36, ""1766361600.0"": 46, ""1766448000.0"": 48, ""1766534400.0"": 35, ""1766620800.0"": 33, ""1766966400.0"": 52, ""1767052800.0"": 47, ""1767139200.0"": 5, ""1767225600.0"": 14, ""1767571200.0"": 57, ""1767657600.0"": 46, ""1767744000.0"": 54, ""1767830400.0"": 35, ""1767916800.0"": 1, ""1768176000.0"": 20, ""1768262400.0"": 22, ""1768348800.0"": 31, ""1768435200.0"": 38, ""1768694400.0"": 1, ""1768780800.0"": 42, ""1768867200.0"": 10, ""1768953600.0"": 19, ""1769040000.0"": 44, ""1769126400.0"": 37, ""1769212800.0"": 26, ""1769299200.0"": 10, ""1769385600.0"": 26, ""1769472000.0"": 18, ""1769558400.0"": 17, ""1769644800.0"": 2, ""1769731200.0"": 41, ""1769817600.0"": 26, ""1770076800.0"": 43, ""1770163200.0"": 44, ""1770249600.0"": 13, ""1770336000.0"": 29, ""1770422400.0"": 22, ""1770508800.0"": 25, ""1770595200.0"": 27, ""1770768000.0"": 9, ""1770854400.0"": 47, ""1771113600.0"": 8, ""1771200000.0"": 34, ""1771286400.0"": 41, ""1771372800.0"": 26}",,Cash - GTGMHC,Debtors - GTGMHC,Round Off - GTGMHC,Main - GTGMHC,Write Off - GTGMHC,Exchange Gain/Loss - GTGMHC,,,0,Creditors - GTGMHC,Cost of Goods Sold - GTGMHC,Sales - GTGMHC,,,,,Main - GTGMHC,,1,0,Stock In Hand - GTGMHC,Stock Adjustment - GTGMHC,,Stock Received But Not Billed - GTGMHC,,Accumulated Depreciation - GTGMHC,Depreciation - GTGMHC,,Gain/Loss on Asset Disposal - GTGMHC,Main - GTGMHC,CWIP Account - GTGMHC,Asset Received But Not Billed - GTGMHC,0,Daily,0,,,597,598,,,,,,Muhanga,HC
Giti Health Center,2025-07-23 23:22:48.723732,2026-04-28 17:23:04.825393,jeromedusenge27@gmail.com,ildephonse90@yahoo.com,0,0,Giti Health Center,GTIHC,0338,RWF,Rwanda,0,,,,,,,,,,,,,,,Standard Template,,Standard,,{},0.0,421541.15,,,0.0,"{""1755302400.0"": 1, ""1758844800.0"": 1, ""1759017600.0"": 1, ""1761609600.0"": 2, ""1763251200.0"": 1, ""1763510400.0"": 1, ""1763596800.0"": 60, ""1763683200.0"": 65, ""1763769600.0"": 39, ""1763856000.0"": 27, ""1763942400.0"": 63, ""1764028800.0"": 63, ""1764115200.0"": 35, ""1764201600.0"": 48, ""1764288000.0"": 58, ""1764374400.0"": 35, ""1764460800.0"": 39, ""1764547200.0"": 83, ""1764633600.0"": 39, ""1764720000.0"": 69, ""1764806400.0"": 48, ""1764892800.0"": 45, ""1764979200.0"": 46, ""1765065600.0"": 34, ""1765152000.0"": 74, ""1765238400.0"": 67, ""1765324800.0"": 74, ""1765411200.0"": 14, ""1765497600.0"": 45, ""1765584000.0"": 12, ""1765670400.0"": 4, ""1765756800.0"": 84, ""1765843200.0"": 77, ""1765929600.0"": 58, ""1766016000.0"": 28, ""1766102400.0"": 27, ""1766188800.0"": 20, ""1766275200.0"": 31, ""1766361600.0"": 56, ""1766448000.0"": 39, ""1766534400.0"": 18, ""1766620800.0"": 5, ""1766707200.0"": 13, ""1766793600.0"": 10, ""1766880000.0"": 9, ""1767052800.0"": 27, ""1767139200.0"": 48, ""1767225600.0"": 3, ""1767312000.0"": 29, ""1767398400.0"": 8, ""1767484800.0"": 10, ""1767571200.0"": 16, ""1767657600.0"": 54, ""1767744000.0"": 18, ""1767830400.0"": 15, ""1767916800.0"": 29, ""1768003200.0"": 13, ""1768089600.0"": 6, ""1768176000.0"": 20, ""1768262400.0"": 9, ""1768348800.0"": 20, ""1768435200.0"": 16, ""1768521600.0"": 9, ""1768608000.0"": 6, ""1768694400.0"": 8, ""1768780800.0"": 10, ""1768867200.0"": 11, ""1768953600.0"": 12, ""1769040000.0"": 11, ""1769126400.0"": 9, ""1769212800.0"": 9, ""1769299200.0"": 7, ""1769385600.0"": 17, ""1769472000.0"": 7, ""1769558400.0"": 14, ""1769644800.0"": 4, ""1769731200.0"": 5, ""1769817600.0"": 2, ""1769904000.0"": 3, ""1769990400.0"": 3, ""1770076800.0"": 14, ""1770163200.0"": 14, ""1770249600.0"": 4, ""1770336000.0"": 16, ""1770422400.0"": 4, ""1770508800.0"": 11, ""1770595200.0"": 7, ""1770681600.0"": 13, ""1770768000.0"": 13, ""1770854400.0"": 7, ""1770940800.0"": 3, ""1771027200.0"": 5, ""1771113600.0"": 2, ""1771200000.0"": 7, ""1771286400.0"": 5, ""1771372800.0"": 6}",,Cash - GTIHC,Debtors - GTIHC,Round Off - GTIHC,Main - GTIHC,Write Off - GTIHC,Exchange Gain/Loss - GTIHC,,,0,Creditors - GTIHC,Cost of Goods Sold - GTIHC,Sales - GTIHC,,,,,Main - GTIHC,,1,0,Stock In Hand - GTIHC,Stock Adjustment - GTIHC,,Stock Received But Not Billed - GTIHC,,Accumulated Depreciation - GTIHC,Depreciation - GTIHC,,Gain/Loss on Asset Disposal - GTIHC,Main - GTIHC,CWIP Account - GTIHC,Asset Received But Not Billed - GTIHC,0,Daily,0,,,447,448,,,,,,Gicumbi,HC
Gitoki Health center,2025-04-26 18:22:16.813707,2026-02-18 17:26:53.479869,Administrator,florentin.ndabarasa@moh.gov.rw,0,0,Gitoki Health center,GITKHC,0561,RWF,Rwanda,0,,,,,,,,,,,,,,,Standard Template,,Standard,,{},0.0,400.0,,,0.0,"{""1745798400.0"": 1, ""1746403200.0"": 1, ""1747267200.0"": 2}",,Cash - GITKHC,Debtors - GITKHC,Round Off - GITKHC,Main - GITKHC,Write Off - GITKHC,Exchange Gain/Loss - GITKHC,,,0,Creditors - GITKHC,Cost of Goods Sold - GITKHC,Sales - GITKHC,,,,,Main - GITKHC,,1,0,Stock In Hand - GITKHC,Stock Adjustment - GITKHC,,Stock Received But Not Billed - GITKHC,,Accumulated Depreciation - GITKHC,Depreciation - GITKHC,,Gain/Loss on Asset Disposal - GITKHC,Main - GITKHC,CWIP Account - GITKHC,Asset Received But Not Billed - GITKHC,0,Daily,0,,,261,262,,,,,,Gatsibo,HC
Gitovu Health Center,2026-01-16 12:20:18.063773,2026-04-28 16:10:13.804409,jeanmarievianneymuganineza5@gmail.com,mararashema@gmail.com,0,0,Gitovu Health Center,GTVHC,3193,RWF,Rwanda,0,,Kinihira PH,,,,,,,,,,,,,Standard Template,,Standard,,{},0.0,92525.32,,,0.0,"{""1768780800.0"": 4, ""1768867200.0"": 18, ""1768953600.0"": 5, ""1769040000.0"": 63, ""1769126400.0"": 52, ""1769212800.0"": 26, ""1769385600.0"": 36, ""1769472000.0"": 26, ""1769558400.0"": 43, ""1769644800.0"": 50, ""1769731200.0"": 42, ""1769817600.0"": 41, ""1769904000.0"": 45, ""1769990400.0"": 41, ""1770076800.0"": 44, ""1770163200.0"": 42, ""1770249600.0"": 47, ""1770336000.0"": 46, ""1770422400.0"": 38, ""1770508800.0"": 35, ""1770595200.0"": 41, ""1770681600.0"": 61, ""1770768000.0"": 37, ""1770854400.0"": 66, ""1770940800.0"": 10, ""1771027200.0"": 25, ""1771113600.0"": 25, ""1771200000.0"": 28, ""1771286400.0"": 39, ""1771372800.0"": 18}",,Cash - GTVHC,Debtors - GTVHC,Round Off - GTVHC,Main - GTVHC,Write Off - GTVHC,Exchange Gain/Loss - GTVHC,,,0,Creditors - GTVHC,Cost of Goods Sold - GTVHC,Sales - GTVHC,,,,,Main - GTVHC,,1,0,Stock In Hand - GTVHC,Stock Adjustment - GTVHC,,Stock Received But Not Billed - GTVHC,,Accumulated Depreciation - GTVHC,Depreciation - GTVHC,,Gain/Loss on Asset Disposal - GTVHC,Main - GTVHC,CWIP Account - GTVHC,Asset Received But Not Billed - GTVHC,0,Daily,0,,,631,632,,,,,,Huye,HC
Gituku Health Center,2025-04-15 21:49:15.434030,2026-02-18 17:26:53.293381,Administrator,florentin.ndabarasa@moh.gov.rw,0,0,Gituku Health Center,GTKHC,0433,RWF,Rwanda,0,,,,,,,,,,,,,,,Standard Template,,Standard,,{},0.0,0.0,,,0.0,{},,Cash - GTKHC,Debtors - GTKHC,Round Off - GTKHC,Main - GTKHC,Write Off - GTKHC,Exchange Gain/Loss - GTKHC,,,0,Creditors - GTKHC,Cost of Goods Sold - GTKHC,Sales - GTKHC,,,,,Main - GTKHC,,1,0,Stock In Hand - GTKHC,Stock Adjustment - GTKHC,,Stock Received But Not Billed - GTKHC,,Accumulated Depreciation - GTKHC,Depreciation - GTKHC,,Gain/Loss on Asset Disposal - GTKHC,Main - GTKHC,CWIP Account - GTKHC,Asset Received But Not Billed - GTKHC,0,Daily,0,,,209,210,,,,,,Ngoma,HC
Hanika (Nyanza) Health Center,2025-11-15 12:20:13.248027,2026-04-07 10:41:53.638113,mukarutangamarie44@gmail.com,mararashema@gmail.com,0,0,Hanika (Nyanza) Health Center,HNKHC,0040,RWF,Rwanda,0,,,,,,,,,,,,,,,Standard Template,,Standard,,{},0.0,18220.0,,,0.0,"{""1763510400.0"": 1, ""1764288000.0"": 1, ""1766361600.0"": 1, ""1766448000.0"": 12, ""1766534400.0"": 15, ""1766620800.0"": 13, ""1766707200.0"": 20, ""1766880000.0"": 20, ""1766966400.0"": 4, ""1767052800.0"": 14, ""1767139200.0"": 2, ""1767225600.0"": 18, ""1767312000.0"": 7, ""1767398400.0"": 4, ""1767484800.0"": 11, ""1767571200.0"": 13, ""1767657600.0"": 6, ""1767744000.0"": 13, ""1767830400.0"": 14, ""1767916800.0"": 23, ""1768003200.0"": 29, ""1768089600.0"": 11, ""1768435200.0"": 7, ""1768608000.0"": 4, ""1769212800.0"": 1, ""1770422400.0"": 35, ""1770508800.0"": 30, ""1770940800.0"": 26}",,Cash - HNKHC,Debtors - HNKHC,Round Off - HNKHC,Main - HNKHC,Write Off - HNKHC,Exchange Gain/Loss - HNKHC,,,0,Creditors - HNKHC,Cost of Goods Sold - HNKHC,Sales - HNKHC,,,,,Main - HNKHC,,1,0,Stock In Hand - HNKHC,Stock Adjustment - HNKHC,,Stock Received But Not Billed - HNKHC,,Accumulated Depreciation - HNKHC,Depreciation - HNKHC,,Gain/Loss on Asset Disposal - HNKHC,Main - HNKHC,CWIP Account - HNKHC,Asset Received But Not Billed - HNKHC,0,Daily,0,,,559,560,,,,,,Nyanza,HC
Hanika HC,2025-03-27 22:16:43.926550,2026-02-18 17:26:53.244666,Administrator,florentin.ndabarasa@moh.gov.rw,0,0,Hanika HC,HANHC,0256,RWF,Rwanda,0,,,,,,,,,,,,,,,Standard Template,,Standard,,{},0.0,0.0,,,0.0,{},,Cash - HANHC,Debtors - HANHC,Round Off - HANHC,Main - HANHC,Write Off - HANHC,Exchange Gain/Loss - HANHC,,,0,Creditors - HANHC,Cost of Goods Sold - HANHC,Sales - HANHC,,,,,Main - HANHC,,1,0,Stock In Hand - HANHC,Stock Adjustment - HANHC,,Stock Received But Not Billed - HANHC,,Accumulated Depreciation - HANHC,Depreciation - HANHC,,Gain/Loss on Asset Disposal - HANHC,Main - HANHC,CWIP Account - HANHC,Asset Received But Not Billed - HANHC,0,Daily,0,,,147,148,,,,,,Nyamasheke,HC
Humure Health Center,2025-04-27 00:36:55.887748,2026-04-28 16:53:42.837440,fnyirahabimana1@gmail.com,florentin.ndabarasa@moh.gov.rw,0,0,Humure Health Center,HMREHC,0390,RWF,Rwanda,0,,,,,,,,,,,,,,,Standard Template,,Standard,,{},0.0,348496.0,,,0.0,"{""1746144000.0"": 5, ""1747353600.0"": 2, ""1748044800.0"": 44, ""1748131200.0"": 29, ""1749168000.0"": 2, ""1750204800.0"": 1, ""1750291200.0"": 1, ""1751500800.0"": 22, ""1751587200.0"": 72, ""1751673600.0"": 4, ""1751760000.0"": 1, ""1751932800.0"": 7, ""1752019200.0"": 11, ""1752105600.0"": 42, ""1752451200.0"": 18, ""1753142400.0"": 1, ""1754092800.0"": 2, ""1754179200.0"": 1, ""1754784000.0"": 1, ""1756857600.0"": 5, ""1756944000.0"": 4, ""1757116800.0"": 40, ""1757203200.0"": 31, ""1757289600.0"": 65, ""1757376000.0"": 8, ""1757462400.0"": 15, ""1757548800.0"": 54, ""1757635200.0"": 62, ""1757721600.0"": 37, ""1757808000.0"": 34, ""1757894400.0"": 46, ""1757980800.0"": 49, ""1758067200.0"": 48, ""1758153600.0"": 42, ""1758240000.0"": 76, ""1758326400.0"": 32, ""1758412800.0"": 31, ""1758499200.0"": 90, ""1758585600.0"": 58, ""1758672000.0"": 65, ""1758758400.0"": 59, ""1758844800.0"": 100, ""1758931200.0"": 40, ""1759017600.0"": 38, ""1759104000.0"": 96, ""1759190400.0"": 79, ""1759276800.0"": 46, ""1759363200.0"": 57, ""1759449600.0"": 66, ""1759536000.0"": 32, ""1759622400.0"": 27, ""1759708800.0"": 67, ""1759795200.0"": 55, ""1759881600.0"": 50, ""1759968000.0"": 58, ""1760054400.0"": 63, ""1760140800.0"": 43, ""1760227200.0"": 45, ""1760313600.0"": 88, ""1760400000.0"": 55, ""1760486400.0"": 58, ""1760572800.0"": 53, ""1760659200.0"": 72, ""1760745600.0"": 49, ""1760832000.0"": 21, ""1760918400.0"": 92, ""1761004800.0"": 73, ""1761091200.0"": 56, ""1761177600.0"": 50, ""1761264000.0"": 70, ""1761350400.0"": 42, ""1761436800.0"": 25, ""1761523200.0"": 77, ""1761609600.0"": 52, ""1761696000.0"": 59, ""1761782400.0"": 45, ""1761868800.0"": 90, ""1761955200.0"": 18, ""1762041600.0"": 29, ""1762128000.0"": 72, ""1762214400.0"": 57, ""1762300800.0"": 16, ""1762387200.0"": 58, ""1762473600.0"": 38, ""1762560000.0"": 40, ""1762646400.0"": 27, ""1762732800.0"": 82, ""1762819200.0"": 65, ""1762905600.0"": 76, ""1762992000.0"": 68, ""1763078400.0"": 48, ""1763164800.0"": 29, ""1763251200.0"": 26, ""1763337600.0"": 81, ""1763424000.0"": 69, ""1763510400.0"": 68, ""1763683200.0"": 45, ""1763769600.0"": 41, ""1763856000.0"": 40, ""1763942400.0"": 111, ""1764028800.0"": 71, ""1764115200.0"": 77, ""1764201600.0"": 78, ""1764288000.0"": 106, ""1764374400.0"": 37, ""1764460800.0"": 22, ""1764547200.0"": 100, ""1764633600.0"": 82, ""1764720000.0"": 68, ""1764806400.0"": 66, ""1764892800.0"": 48, ""1764979200.0"": 51, ""1765065600.0"": 41, ""1765152000.0"": 73, ""1765238400.0"": 83, ""1765324800.0"": 48, ""1765411200.0"": 71, ""1765497600.0"": 56, ""1765584000.0"": 26, ""1765670400.0"": 24, ""1765756800.0"": 84, ""1765843200.0"": 70, ""1765929600.0"": 72, ""1766016000.0"": 58, ""1766102400.0"": 87, ""1766188800.0"": 35, ""1766275200.0"": 37, ""1766361600.0"": 105, ""1766448000.0"": 96, ""1766534400.0"": 70, ""1766620800.0"": 20, ""1766707200.0"": 55, ""1766793600.0"": 33, ""1766880000.0"": 29, ""1766966400.0"": 88, ""1767052800.0"": 67, ""1767139200.0"": 70, ""1767225600.0"": 23, ""1767312000.0"": 68, ""1767398400.0"": 59, ""1767484800.0"": 46, ""1767571200.0"": 126, ""1767657600.0"": 90, ""1767744000.0"": 89, ""1767830400.0"": 67, ""1767916800.0"": 62, ""1768003200.0"": 7, ""1768089600.0"": 47, ""1768176000.0"": 89, ""1768262400.0"": 89, ""1768348800.0"": 80, ""1768435200.0"": 93, ""1768521600.0"": 12, ""1768608000.0"": 70, ""1768694400.0"": 44, ""1768780800.0"": 127, ""1768867200.0"": 105, ""1768953600.0"": 82, ""1769040000.0"": 84, ""1769126400.0"": 151, ""1769212800.0"": 61, ""1769299200.0"": 65, ""1769385600.0"": 139, ""1769472000.0"": 127, ""1769558400.0"": 72, ""1769644800.0"": 113, ""1769731200.0"": 132, ""1769817600.0"": 74, ""1769904000.0"": 51, ""1769990400.0"": 93, ""1770076800.0"": 94, ""1770163200.0"": 90, ""1770249600.0"": 76, ""1770336000.0"": 78, ""1770422400.0"": 57, ""1770508800.0"": 57, ""1770595200.0"": 113, ""1770681600.0"": 81, ""1770768000.0"": 90, ""1770854400.0"": 90, ""1770940800.0"": 94, ""1771027200.0"": 64, ""1771113600.0"": 80, ""1771200000.0"": 104, ""1771286400.0"": 97, ""1771372800.0"": 102}",,Cash - HMREHC,Debtors - HMREHC,Round Off - HMREHC,Main - HMREHC,Write Off - HMREHC,Exchange Gain/Loss - HMREHC,,,0,Creditors - HMREHC,Cost of Goods Sold - HMREHC,Sales - HMREHC,,,,,Main - HMREHC,,1,0,Stock In Hand - HMREHC,Stock Adjustment - HMREHC,,Stock Received But Not Billed - HMREHC,,Accumulated Depreciation - HMREHC,Depreciation - HMREHC,,Gain/Loss on Asset Disposal - HMREHC,Main - HMREHC,CWIP Account - HMREHC,Asset Received But Not Billed - HMREHC,0,Daily,0,,,297,298,,,,,,Gatsibo,HC
Huye Health Center,2026-01-14 10:23:52.196815,2026-04-28 16:50:53.125737,nyirahabimanaclarisse38@gmail.com,mararashema@gmail.com,0,0,Huye Health Center,HYHC,0084,RWF,Rwanda,0,,Kinihira PH,,,,,,,,,,,,,Standard Template,,Standard,,{},0.0,335887.92,,,0.0,"{""1768953600.0"": 7, ""1769040000.0"": 30, ""1769126400.0"": 53, ""1769212800.0"": 20, ""1769299200.0"": 28, ""1769385600.0"": 78, ""1769472000.0"": 115, ""1769558400.0"": 86, ""1769644800.0"": 92, ""1769731200.0"": 65, ""1769817600.0"": 32, ""1769904000.0"": 27, ""1769990400.0"": 56, ""1770076800.0"": 96, ""1770163200.0"": 79, ""1770249600.0"": 65, ""1770336000.0"": 72, ""1770422400.0"": 1, ""1770508800.0"": 25, ""1770595200.0"": 75, ""1770681600.0"": 70, ""1770768000.0"": 51, ""1770854400.0"": 56, ""1770940800.0"": 43, ""1771027200.0"": 21, ""1771113600.0"": 22, ""1771200000.0"": 53, ""1771286400.0"": 74, ""1771372800.0"": 44}",,Cash - HYHC,Debtors - HYHC,Round Off - HYHC,Main - HYHC,Write Off - HYHC,Exchange Gain/Loss - HYHC,,,0,Creditors - HYHC,Cost of Goods Sold - HYHC,Sales - HYHC,,,,,Main - HYHC,,1,0,Stock In Hand - HYHC,Stock Adjustment - HYHC,,Stock Received But Not Billed - HYHC,,Accumulated Depreciation - HYHC,Depreciation - HYHC,,Gain/Loss on Asset Disposal - HYHC,Main - HYHC,CWIP Account - HYHC,Asset Received But Not Billed - HYHC,0,Daily,0,,,609,610,,,,,,Huye,HC
Jali HC,2025-04-02 02:35:42.353517,2026-02-18 17:26:53.979028,Administrator,florentin.ndabarasa@moh.gov.rw,0,0,Jali HC,JALIHC,0016,RWF,Rwanda,0,,,,,,,,,,,,,,,Standard Template,,Standard,,{},0.0,575.0,,,0.0,"{""1762214400.0"": 2, ""1763510400.0"": 1}",,Cash - JALIHC,Debtors - JALIHC,Round Off - JALIHC,Main - JALIHC,Write Off - JALIHC,Exchange Gain/Loss - JALIHC,,,0,Creditors - JALIHC,Cost of Goods Sold - JALIHC,Sales - JALIHC,,,,,Main - JALIHC,,1,0,Stock In Hand - JALIHC,Stock Adjustment - JALIHC,,Stock Received But Not Billed - JALIHC,,Accumulated Depreciation - JALIHC,Depreciation - JALIHC,,Gain/Loss on Asset Disposal - JALIHC,Main - JALIHC,CWIP Account - JALIHC,Asset Received But Not Billed - JALIHC,0,Daily,0,,,189,190,,,,,,Gasabo,HC
Janja Health Center,2026-01-15 11:40:57.798102,2026-04-28 15:35:43.964707,uwiduhayefrancine5@gmail.com,mararashema@gmail.com,0,0,Janja Health Center,JJHC,0292,RWF,Rwanda,0,,Kinihira PH,,,,,,,,,,,,,Standard Template,,Standard,,{},0.0,144730.0,,,0.0,"{""1768780800.0"": 4, ""1768867200.0"": 3, ""1768953600.0"": 10, ""1769040000.0"": 35, ""1769126400.0"": 49, ""1769212800.0"": 34, ""1769299200.0"": 49, ""1769385600.0"": 61, ""1769472000.0"": 40, ""1769558400.0"": 30, ""1769644800.0"": 58, ""1769731200.0"": 41, ""1769817600.0"": 41, ""1769904000.0"": 44, ""1769990400.0"": 47, ""1770076800.0"": 73, ""1770163200.0"": 33, ""1770249600.0"": 36, ""1770336000.0"": 53, ""1770422400.0"": 29, ""1770508800.0"": 17, ""1770595200.0"": 55, ""1770681600.0"": 60, ""1770768000.0"": 42, ""1770854400.0"": 59, ""1771027200.0"": 32, ""1771113600.0"": 41, ""1771200000.0"": 46, ""1771286400.0"": 44, ""1771372800.0"": 19}",,Cash - JJHC,Debtors - JJHC,Round Off - JJHC,Main - JJHC,Write Off - JJHC,Exchange Gain/Loss - JJHC,,,0,Creditors - JJHC,Cost of Goods Sold - JJHC,Sales - JJHC,,,,,Main - JJHC,,1,0,Stock In Hand - JJHC,Stock Adjustment - JJHC,,Stock Received But Not Billed - JJHC,,Accumulated Depreciation - JJHC,Depreciation - JJHC,,Gain/Loss on Asset Disposal - JJHC,Main - JJHC,CWIP Account - JJHC,Asset Received But Not Billed - JJHC,0,Daily,0,,,627,628,,,,,,Gakenke,HC
Jarama Health Center,2025-04-21 23:54:31.858476,2026-02-18 17:26:53.798067,Administrator,florentin.ndabarasa@moh.gov.rw,0,0,Jarama Health Center,JRMHC,0434,RWF,Rwanda,0,,,,,,,,,,,,,,,Standard Template,,Standard,,{},0.0,400.0,,,0.0,"{""1757980800.0"": 1, ""1761868800.0"": 5, ""1762214400.0"": 1, ""1762387200.0"": 1}",,Cash - JRMHC,Debtors - JRMHC,Round Off - JRMHC,Main - JRMHC,Write Off - JRMHC,Exchange Gain/Loss - JRMHC,,,0,Creditors - JRMHC,Cost of Goods Sold - JRMHC,Sales - JRMHC,,,,,Main - JRMHC,,1,0,Stock In Hand - JRMHC,Stock Adjustment - JRMHC,,Stock Received But Not Billed - JRMHC,,Accumulated Depreciation - JRMHC,Depreciation - JRMHC,,Gain/Loss on Asset Disposal - JRMHC,Main - JRMHC,CWIP Account - JRMHC,Asset Received But Not Billed - JRMHC,0,Daily,0,,,229,230,,,,,,Ngoma,HC
Juru Health Center,2025-01-22 14:22:01.269835,2026-04-21 17:13:27.381408,emmanuelngira@gmail.com,info@spiderbit.rw,0,0,Juru Health Center,JHC,0603,RWF,Rwanda,0,,,,,,,,,,,,,,,Standard Template,,Standard,,{},0.0,5419.56,,,0.0,"{""1740700800.0"": 1, ""1748044800.0"": 21, ""1748131200.0"": 14, ""1760486400.0"": 4, ""1763337600.0"": 3, ""1763510400.0"": 8, ""1764115200.0"": 1, ""1764547200.0"": 1}",,Cash - JHC,Debtors - JHC,Round Off - JHC,Main - JHC,Write Off - JHC,Exchange Gain/Loss - JHC,,,0,Creditors - JHC,Cost of Goods Sold - JHC,Sales - JHC,,,,,Main - JHC,,1,0,Stock In Hand - JHC,Stock Adjustment - JHC,,Stock Received But Not Billed - JHC,,Accumulated Depreciation - JHC,Depreciation - JHC,,Gain/Loss on Asset Disposal - JHC,Main - JHC,CWIP Account - JHC,Asset Received But Not Billed - JHC,0,Daily,0,,,121,122,,,,,,Bugesera,HC
Kabari (Rubavu) Health Center,2025-05-14 20:50:03.688576,2026-04-02 16:00:14.005240,adelineniyonkuru50@gmail.com,florentin.ndabarasa@moh.gov.rw,0,0,Kabari (Rubavu) Health Center,KBRRBVHC,0647,RWF,Rwanda,0,,,,,,,,,,,,,,,Standard Template,,Standard,,{},0.0,1003.26,,,0.0,"{""1748908800.0"": 3, ""1749081600.0"": 2, ""1750118400.0"": 1, ""1750809600.0"": 2, ""1750982400.0"": 1, ""1751414400.0"": 1, ""1752710400.0"": 2, ""1755648000.0"": 1, ""1760313600.0"": 2, ""1760400000.0"": 6, ""1760486400.0"": 1, ""1761004800.0"": 1, ""1761091200.0"": 2, ""1761177600.0"": 4, ""1761264000.0"": 3, ""1761523200.0"": 2, ""1761696000.0"": 2, ""1762214400.0"": 5, ""1762300800.0"": 4, ""1762387200.0"": 1, ""1762473600.0"": 1, ""1762819200.0"": 1, ""1763078400.0"": 1, ""1764720000.0"": 2, ""1764806400.0"": 1, ""1765411200.0"": 3, ""1765584000.0"": 1, ""1765670400.0"": 1, ""1765929600.0"": 3, ""1767484800.0"": 1, ""1767744000.0"": 2, ""1767916800.0"": 2, ""1768608000.0"": 1}",,Cash - KBRRBVHC,Debtors - KBRRBVHC,Round Off - KBRRBVHC,Main - KBRRBVHC,Write Off - KBRRBVHC,Exchange Gain/Loss - KBRRBVHC,,,0,Creditors - KBRRBVHC,Cost of Goods Sold - KBRRBVHC,Sales - KBRRBVHC,,,,,Main - KBRRBVHC,,1,0,Stock In Hand - KBRRBVHC,Stock Adjustment - KBRRBVHC,,Stock Received But Not Billed - KBRRBVHC,,Accumulated Depreciation - KBRRBVHC,Depreciation - KBRRBVHC,,Gain/Loss on Asset Disposal - KBRRBVHC,Main - KBRRBVHC,CWIP Account - KBRRBVHC,Asset Received But Not Billed - KBRRBVHC,0,Daily,0,,,331,332,,,,,,Rubavu,HC
Kabarondo (Kayonza) Health Center,2025-04-26 22:58:53.714213,2026-04-09 14:27:31.263867,mujeanne001@gmail.com,florentin.ndabarasa@moh.gov.rw,0,0,Kabarondo (Kayonza) Health Center,KABRDHC,0407,RWF,Rwanda,0,,,,,,,,,,,,,,,Standard Template,,Standard,,{},0.0,2299.0,,,0.0,"{""1758758400.0"": 5, ""1759104000.0"": 1, ""1759363200.0"": 9, ""1759795200.0"": 13, ""1759968000.0"": 12, ""1760313600.0"": 5, ""1760400000.0"": 9, ""1770940800.0"": 2}",,Cash - KABRDHC,Debtors - KABRDHC,Round Off - KABRDHC,Main - KABRDHC,Write Off - KABRDHC,Exchange Gain/Loss - KABRDHC,,,0,Creditors - KABRDHC,Cost of Goods Sold - KABRDHC,Sales - KABRDHC,,,,,Main - KABRDHC,,1,0,Stock In Hand - KABRDHC,Stock Adjustment - KABRDHC,,Stock Received But Not Billed - KABRDHC,,Accumulated Depreciation - KABRDHC,Depreciation - KABRDHC,,Gain/Loss on Asset Disposal - KABRDHC,Main - KABRDHC,CWIP Account - KABRDHC,Asset Received But Not Billed - KABRDHC,0,Daily,0,,,269,270,,,,,,Kayonza,HC
Kabarore Health Center,2025-04-27 00:06:20.913971,2026-02-18 17:26:53.378829,Administrator,florentin.ndabarasa@moh.gov.rw,0,0,Kabarore Health Center,KBRORHC,0391,RWF,Rwanda,0,,,,,,,,,,,,,,,Standard Template,,Standard,,{},0.0,0.0,,,0.0,{},,Cash - KBRORHC,Debtors - KBRORHC,Round Off - KBRORHC,Main - KBRORHC,Write Off - KBRORHC,Exchange Gain/Loss - KBRORHC,,,0,Creditors - KBRORHC,Cost of Goods Sold - KBRORHC,Sales - KBRORHC,,,,,Main - KBRORHC,,1,0,Stock In Hand - KBRORHC,Stock Adjustment - KBRORHC,,Stock Received But Not Billed - KBRORHC,,Accumulated Depreciation - KBRORHC,Depreciation - KBRORHC,,Gain/Loss on Asset Disposal - KBRORHC,Main - KBRORHC,CWIP Account - KBRORHC,Asset Received But Not Billed - KBRORHC,0,Daily,0,,,289,290,,,,,,Gatsibo,HC
Kabere Health Center,2025-10-26 22:47:06.280470,2026-04-22 12:20:11.901808,nyiransabimanajulienne12@gmail.com,ildephonse90@yahoo.com,0,0,Kabere Health Center,KBRHC,0311,RWF,Rwanda,0,,,,,,,,,,,,,,,Standard Template,,Standard,,{},0.0,22250.0,,,0.0,"{""1761609600.0"": 2, ""1761696000.0"": 3, ""1761782400.0"": 3, ""1762300800.0"": 4, ""1762387200.0"": 3, ""1762732800.0"": 90, ""1762819200.0"": 54, ""1762905600.0"": 57, ""1762992000.0"": 82, ""1763078400.0"": 49, ""1763164800.0"": 19, ""1763337600.0"": 31, ""1763424000.0"": 22, ""1763510400.0"": 5, ""1763683200.0"": 29, ""1764115200.0"": 4, ""1764720000.0"": 25, ""1764806400.0"": 72, ""1764892800.0"": 60, ""1764979200.0"": 13, ""1765152000.0"": 23, ""1765324800.0"": 44, ""1765497600.0"": 54, ""1765584000.0"": 31, ""1765843200.0"": 2, ""1765929600.0"": 45, ""1766016000.0"": 76, ""1766102400.0"": 60, ""1766361600.0"": 42, ""1766448000.0"": 46, ""1766534400.0"": 57, ""1766620800.0"": 48, ""1766707200.0"": 43, ""1766793600.0"": 35, ""1766966400.0"": 52, ""1767052800.0"": 50, ""1767139200.0"": 34, ""1767225600.0"": 13, ""1767312000.0"": 30, ""1767398400.0"": 27, ""1767571200.0"": 34, ""1767657600.0"": 42, ""1767744000.0"": 41, ""1767830400.0"": 65, ""1767916800.0"": 60, ""1768003200.0"": 15, ""1768176000.0"": 49, ""1768262400.0"": 59, ""1768348800.0"": 41, ""1768435200.0"": 61, ""1768608000.0"": 24, ""1768780800.0"": 47, ""1768867200.0"": 36, ""1768953600.0"": 31, ""1769040000.0"": 61, ""1769126400.0"": 34, ""1769212800.0"": 29, ""1769385600.0"": 36, ""1769472000.0"": 44, ""1769558400.0"": 41, ""1769644800.0"": 43, ""1769731200.0"": 14, ""1769817600.0"": 17, ""1769990400.0"": 36, ""1770076800.0"": 9, ""1770163200.0"": 45, ""1770249600.0"": 1, ""1770336000.0"": 32, ""1770768000.0"": 29, ""1770854400.0"": 34, ""1770940800.0"": 50, ""1771027200.0"": 24, ""1771200000.0"": 22, ""1771286400.0"": 29, ""1771372800.0"": 19}",,Cash - KBRHC,Debtors - KBRHC,Round Off - KBRHC,Main - KBRHC,Write Off - KBRHC,Exchange Gain/Loss - KBRHC,,,0,Creditors - KBRHC,Cost of Goods Sold - KBRHC,Sales - KBRHC,,,,,Main - KBRHC,,1,0,Stock In Hand - KBRHC,Stock Adjustment - KBRHC,,Stock Received But Not Billed - KBRHC,,Accumulated Depreciation - KBRHC,Depreciation - KBRHC,,Gain/Loss on Asset Disposal - KBRHC,Main - KBRHC,CWIP Account - KBRHC,Asset Received But Not Billed - KBRHC,0,Daily,0,,,517,518,,,,,,Musanze,HC
Kabgayi Health Center,2025-04-23 20:57:34.586829,2026-04-28 18:19:11.585742,mukankusiresti@gmail.com,florentin.ndabarasa@moh.gov.rw,0,0,Kabgayi Health Center,KBGYHC,0132,RWF,Rwanda,0,,,,,,,,,,,,,,,Standard Template,,Standard,,{},0.0,1415059.494,,,0.0,"{""1763683200.0"": 4, ""1763942400.0"": 5, ""1764028800.0"": 20, ""1764115200.0"": 131, ""1764201600.0"": 92, ""1764288000.0"": 124, ""1764374400.0"": 55, ""1764460800.0"": 60, ""1764547200.0"": 84, ""1764633600.0"": 57, ""1764720000.0"": 117, ""1764806400.0"": 86, ""1764892800.0"": 86, ""1764979200.0"": 55, ""1765065600.0"": 61, ""1765152000.0"": 122, ""1765238400.0"": 122, ""1765324800.0"": 102, ""1765411200.0"": 97, ""1765497600.0"": 136, ""1765584000.0"": 73, ""1765670400.0"": 55, ""1765756800.0"": 134, ""1765843200.0"": 126, ""1765929600.0"": 73, ""1766016000.0"": 121, ""1766102400.0"": 109, ""1766188800.0"": 47, ""1766275200.0"": 45, ""1766361600.0"": 115, ""1766448000.0"": 103, ""1766534400.0"": 68, ""1766620800.0"": 56, ""1766707200.0"": 78, ""1766793600.0"": 58, ""1766880000.0"": 71, ""1766966400.0"": 144, ""1767052800.0"": 145, ""1767139200.0"": 99, ""1767225600.0"": 49, ""1767312000.0"": 74, ""1767398400.0"": 80, ""1767484800.0"": 77, ""1767571200.0"": 170, ""1767657600.0"": 196, ""1767744000.0"": 191, ""1767830400.0"": 166, ""1767916800.0"": 148, ""1768003200.0"": 78, ""1768089600.0"": 83, ""1768176000.0"": 100, ""1768262400.0"": 106, ""1768348800.0"": 152, ""1768435200.0"": 182, ""1768521600.0"": 73, ""1768608000.0"": 67, ""1768694400.0"": 75, ""1768780800.0"": 213, ""1768867200.0"": 219, ""1768953600.0"": 151, ""1769040000.0"": 173, ""1769126400.0"": 139, ""1769212800.0"": 84, ""1769299200.0"": 86, ""1769385600.0"": 167, ""1769472000.0"": 176, ""1769558400.0"": 145, ""1769644800.0"": 129, ""1769731200.0"": 117, ""1769817600.0"": 56, ""1769904000.0"": 75, ""1769990400.0"": 135, ""1770076800.0"": 171, ""1770163200.0"": 183, ""1770249600.0"": 152, ""1770336000.0"": 117, ""1770422400.0"": 83, ""1770508800.0"": 54, ""1770595200.0"": 156, ""1770681600.0"": 169, ""1770768000.0"": 186, ""1770854400.0"": 166, ""1770940800.0"": 118, ""1771027200.0"": 54, ""1771113600.0"": 91, ""1771200000.0"": 165, ""1771286400.0"": 177, ""1771372800.0"": 140}",,Cash - KBGYHC,Debtors - KBGYHC,Round Off - KBGYHC,Main - KBGYHC,Write Off - KBGYHC,Exchange Gain/Loss - KBGYHC,,,0,Creditors - KBGYHC,Cost of Goods Sold - KBGYHC,Sales - KBGYHC,,,,,Main - KBGYHC,,1,0,Stock In Hand - KBGYHC,Stock Adjustment - KBGYHC,,Stock Received But Not Billed - KBGYHC,,Accumulated Depreciation - KBGYHC,Depreciation - KBGYHC,,Gain/Loss on Asset Disposal - KBGYHC,Main - KBGYHC,CWIP Account - KBGYHC,Asset Received But Not Billed - KBGYHC,0,Daily,0,,,235,236,,,,,,Muhanga,HC
Kabuga (Kamonyi) Health Center,2025-11-15 10:59:55.276018,2026-04-28 16:19:53.333141,gentillenadine1@gmail.com,mararashema@gmail.com,0,0,Kabuga (Kamonyi) Health Center,KBUGHC,0144,RWF,Rwanda,0,,,,,,,,,,,,,,,Standard Template,,Standard,,{},0.0,100440.0,,,0.0,"{""1763337600.0"": 2, ""1763424000.0"": 38, ""1763510400.0"": 30, ""1763596800.0"": 18, ""1763683200.0"": 28, ""1763769600.0"": 19, ""1763856000.0"": 19, ""1763942400.0"": 34, ""1764028800.0"": 29, ""1764115200.0"": 33, ""1764201600.0"": 24, ""1764288000.0"": 30, ""1764374400.0"": 18, ""1764460800.0"": 11, ""1764547200.0"": 36, ""1764633600.0"": 40, ""1764720000.0"": 31, ""1764806400.0"": 18, ""1764892800.0"": 32, ""1764979200.0"": 30, ""1765065600.0"": 16, ""1765152000.0"": 37, ""1765238400.0"": 15, ""1765324800.0"": 30, ""1765411200.0"": 26, ""1765497600.0"": 60, ""1765584000.0"": 20, ""1765670400.0"": 16, ""1765756800.0"": 28, ""1765843200.0"": 42, ""1765929600.0"": 24, ""1766361600.0"": 2, ""1766448000.0"": 30, ""1766534400.0"": 33, ""1766620800.0"": 18, ""1766707200.0"": 33, ""1766793600.0"": 21, ""1766880000.0"": 27, ""1766966400.0"": 54, ""1767052800.0"": 34, ""1767139200.0"": 23, ""1767225600.0"": 21, ""1767312000.0"": 27, ""1767398400.0"": 27, ""1767484800.0"": 26, ""1767571200.0"": 48, ""1767657600.0"": 53, ""1767744000.0"": 37, ""1767830400.0"": 35, ""1767916800.0"": 72, ""1768003200.0"": 33, ""1768089600.0"": 22, ""1768176000.0"": 34, ""1768262400.0"": 24, ""1768348800.0"": 34, ""1768435200.0"": 30, ""1768521600.0"": 23, ""1768608000.0"": 37, ""1768694400.0"": 25, ""1768780800.0"": 55, ""1768867200.0"": 44, ""1768953600.0"": 26, ""1769040000.0"": 37, ""1769126400.0"": 55, ""1769212800.0"": 30, ""1769299200.0"": 20, ""1769385600.0"": 42, ""1769472000.0"": 22, ""1769558400.0"": 10, ""1769644800.0"": 51, ""1769731200.0"": 45, ""1769817600.0"": 24, ""1769904000.0"": 17, ""1769990400.0"": 28, ""1770076800.0"": 33, ""1770163200.0"": 26, ""1770249600.0"": 29, ""1770336000.0"": 33, ""1770422400.0"": 23, ""1770508800.0"": 12, ""1770595200.0"": 42, ""1770681600.0"": 52, ""1770768000.0"": 22, ""1770854400.0"": 35, ""1770940800.0"": 19, ""1771027200.0"": 25, ""1771113600.0"": 13, ""1771200000.0"": 41, ""1771286400.0"": 17, ""1771372800.0"": 8}",,Cash - KBUGHC,Debtors - KBUGHC,Round Off - KBUGHC,Main - KBUGHC,Write Off - KBUGHC,Exchange Gain/Loss - KBUGHC,,,0,Creditors - KBUGHC,Cost of Goods Sold - KBUGHC,Sales - KBUGHC,,,,,Main - KBUGHC,,1,0,Stock In Hand - KBUGHC,Stock Adjustment - KBUGHC,,Stock Received But Not Billed - KBUGHC,,Accumulated Depreciation - KBUGHC,Depreciation - KBUGHC,,Gain/Loss on Asset Disposal - KBUGHC,Main - KBUGHC,CWIP Account - KBUGHC,Asset Received But Not Billed - KBUGHC,0,Daily,0,,,545,546,,,,,,Kamonyi,HC
Kabuga (karama Nyagatare) Health Center,2025-05-15 20:30:54.495044,2026-04-28 19:02:27.487807,gclaver2018@gmail.com,ildephonse90@yahoo.com,0,0,Kabuga (karama Nyagatare) Health Center,K(NHC,0369,RWF,Rwanda,0,,,,,,,,,,,,,,,Standard Template,,Standard,,{},0.0,3558048.46,,,0.0,"{""1748131200.0"": 1, ""1750377600.0"": 1, ""1751587200.0"": 1, ""1762214400.0"": 1, ""1763424000.0"": 1, ""1766534400.0"": 61, ""1766620800.0"": 13, ""1766707200.0"": 72, ""1766793600.0"": 70, ""1766880000.0"": 48, ""1766966400.0"": 50, ""1767052800.0"": 21, ""1767225600.0"": 36, ""1767312000.0"": 39, ""1767398400.0"": 12, ""1767484800.0"": 18, ""1767571200.0"": 39, ""1767657600.0"": 31, ""1767744000.0"": 9, ""1767830400.0"": 42, ""1767916800.0"": 61, ""1768003200.0"": 36, ""1768089600.0"": 6, ""1768176000.0"": 23, ""1768262400.0"": 67, ""1768348800.0"": 77, ""1768435200.0"": 68, ""1768521600.0"": 59, ""1768608000.0"": 51, ""1768694400.0"": 37, ""1768780800.0"": 67, ""1768867200.0"": 26, ""1768953600.0"": 9, ""1769040000.0"": 71, ""1769126400.0"": 43, ""1769212800.0"": 42, ""1769299200.0"": 28, ""1769385600.0"": 89, ""1769472000.0"": 75, ""1769558400.0"": 108, ""1769644800.0"": 60, ""1769731200.0"": 66, ""1769817600.0"": 40, ""1769904000.0"": 25, ""1769990400.0"": 93, ""1770076800.0"": 73, ""1770163200.0"": 46, ""1770249600.0"": 95, ""1770336000.0"": 35, ""1770422400.0"": 38, ""1770508800.0"": 35, ""1770595200.0"": 66, ""1770681600.0"": 42, ""1770768000.0"": 87, ""1770854400.0"": 70, ""1770940800.0"": 60, ""1771027200.0"": 43, ""1771113600.0"": 31, ""1771200000.0"": 67, ""1771286400.0"": 68, ""1771372800.0"": 83}",,Cash - K(NHC,Debtors - K(NHC,Round Off - K(NHC,Main - K(NHC,Write Off - K(NHC,Exchange Gain/Loss - K(NHC,,,0,Creditors - K(NHC,Cost of Goods Sold - K(NHC,Sales - K(NHC,,,,,Main - K(NHC,,1,0,Stock In Hand - K(NHC,Stock Adjustment - K(NHC,,Stock Received But Not Billed - K(NHC,,Accumulated Depreciation - K(NHC,Depreciation - K(NHC,,Gain/Loss on Asset Disposal - K(NHC,Main - K(NHC,CWIP Account - K(NHC,Asset Received But Not Billed - K(NHC,0,Daily,0,,,359,360,,,,,,Nyagatare,HC
Kabuga Health Center,2024-06-11 00:24:40.257595,2026-02-18 17:26:53.429400,Administrator,rukundojoe30@gmail.com,0,0,Kabuga Health Center,KABHC,0033,RWF,Rwanda,0,,,,,,,,,,,,,,,Standard Template,,Standard,,{},0.0,0.0,,,0.0,{},,Cash - KABHC,Debtors - KABHC,Round Off - KABHC,Main - KABHC,Write Off - KABHC,Exchange Gain/Loss - KABHC,,,0,Creditors - KABHC,Cost of Goods Sold - KABHC,Sales - KABHC,,,,,Main - KABHC,,1,0,Stock In Hand - KABHC,Stock Adjustment - KABHC,,Stock Received But Not Billed - KABHC,,Accumulated Depreciation - KABHC,Depreciation - KABHC,,Gain/Loss on Asset Disposal - KABHC,Main - KABHC,CWIP Account - KABHC,Asset Received But Not Billed - KABHC,0,Daily,0,,,25,26,,,,,,Kicukiro,HC
Kabusunzu Health Center,2024-07-30 13:04:40.670155,2026-04-28 08:28:45.257162,mugishamala@gmail.com,rukundojoe30@gmail.com,0,58,Kabusunzu Health Center,KABUHC,0006,RWF,Rwanda,0,,,,,,,,,,,,,,,Standard Template,,Standard,,{},0.0,154660.05,,,0.0,"{""1743120000.0"": 5, ""1743552000.0"": 2, ""1744243200.0"": 1, ""1744329600.0"": 3, ""1744761600.0"": 2, ""1745798400.0"": 1, ""1747958400.0"": 4, ""1748044800.0"": 62, ""1748131200.0"": 28, ""1749168000.0"": 6}",,Cash - KABUHC,Debtors - KABUHC,Round Off - KABUHC,Main - KABUHC,Write Off - KABUHC,Exchange Gain/Loss - KABUHC,,,0,Creditors - KABUHC,Cost of Goods Sold - KABUHC,Sales - KABUHC,,,,,Main - KABUHC,,1,0,Stock In Hand - KABUHC,Stock Adjustment - KABUHC,,Stock Received But Not Billed - KABUHC,,Accumulated Depreciation - KABUHC,Depreciation - KABUHC,,Gain/Loss on Asset Disposal - KABUHC,Main - KABUHC,CWIP Account - KABUHC,Asset Received But Not Billed - KABUHC,0,Daily,0,,,29,30,,,,,,Nyarugenge,HC
Kabuye (Kirehe) Health Center,2025-07-23 19:35:58.678917,2026-04-28 17:14:56.872733,jmvtwagiramungu@yahoo.fr,mugipascal@gmail.com,0,875,Kabuye (Kirehe) Health Center,KBUYHC,0422,RWF,Rwanda,0,,,,,,,,,,,,,,,Standard Template,,Standard,,{},0.0,403237.13,,,0.0,"{""1754265600.0"": 10, ""1754352000.0"": 50, ""1754438400.0"": 16, ""1754524800.0"": 47, ""1754611200.0"": 8, ""1754697600.0"": 9, ""1754784000.0"": 37, ""1754870400.0"": 7, ""1754956800.0"": 58, ""1755043200.0"": 39, ""1755129600.0"": 3, ""1755216000.0"": 8, ""1755302400.0"": 26, ""1755475200.0"": 36, ""1755561600.0"": 44, ""1755648000.0"": 29, ""1755734400.0"": 30, ""1755820800.0"": 19, ""1755907200.0"": 39, ""1755993600.0"": 28, ""1756080000.0"": 48, ""1756166400.0"": 29, ""1756252800.0"": 32, ""1756339200.0"": 38, ""1756425600.0"": 34, ""1756512000.0"": 24, ""1756598400.0"": 37, ""1756684800.0"": 69, ""1756771200.0"": 69, ""1756857600.0"": 42, ""1756944000.0"": 41, ""1757030400.0"": 36, ""1757116800.0"": 33, ""1757203200.0"": 36, ""1757289600.0"": 29, ""1757376000.0"": 56, ""1757462400.0"": 36, ""1757548800.0"": 44, ""1757635200.0"": 38, ""1757721600.0"": 53, ""1757808000.0"": 44, ""1757894400.0"": 60, ""1757980800.0"": 56, ""1758067200.0"": 23, ""1758153600.0"": 31, ""1758240000.0"": 31, ""1758326400.0"": 52, ""1758412800.0"": 48, ""1758499200.0"": 15, ""1758585600.0"": 17, ""1758672000.0"": 1, ""1758758400.0"": 23, ""1758844800.0"": 24, ""1758931200.0"": 43, ""1759017600.0"": 47, ""1759104000.0"": 43, ""1759190400.0"": 51, ""1759276800.0"": 47, ""1759363200.0"": 20, ""1759449600.0"": 24, ""1759536000.0"": 33, ""1759622400.0"": 22, ""1759708800.0"": 26, ""1759795200.0"": 9, ""1759881600.0"": 15, ""1759968000.0"": 47, ""1760054400.0"": 25, ""1760140800.0"": 40, ""1760227200.0"": 16, ""1760313600.0"": 37, ""1760400000.0"": 44, ""1760486400.0"": 39, ""1760572800.0"": 34, ""1760659200.0"": 18, ""1760745600.0"": 26, ""1760832000.0"": 21, ""1760918400.0"": 16, ""1761004800.0"": 59, ""1761091200.0"": 17, ""1761177600.0"": 39, ""1761264000.0"": 33, ""1761350400.0"": 41, ""1761436800.0"": 35, ""1761523200.0"": 74, ""1761609600.0"": 13, ""1761696000.0"": 42, ""1761782400.0"": 31, ""1761868800.0"": 26, ""1761955200.0"": 51, ""1762041600.0"": 34, ""1762128000.0"": 65, ""1762214400.0"": 71, ""1762300800.0"": 56, ""1762387200.0"": 83, ""1762473600.0"": 36, ""1762560000.0"": 29, ""1762646400.0"": 40, ""1762732800.0"": 51, ""1762819200.0"": 13, ""1762905600.0"": 24, ""1762992000.0"": 13, ""1763078400.0"": 31, ""1763164800.0"": 48, ""1763251200.0"": 32, ""1763337600.0"": 24, ""1763424000.0"": 53, ""1763510400.0"": 19, ""1767139200.0"": 4, ""1767225600.0"": 54, ""1767312000.0"": 2, ""1767398400.0"": 34, ""1767484800.0"": 31, ""1767571200.0"": 57, ""1767657600.0"": 79, ""1767744000.0"": 18, ""1767830400.0"": 71, ""1767916800.0"": 37, ""1768003200.0"": 28, ""1768089600.0"": 31, ""1768176000.0"": 43, ""1768262400.0"": 6, ""1768348800.0"": 7, ""1768435200.0"": 72, ""1768521600.0"": 2, ""1768694400.0"": 61, ""1768780800.0"": 35, ""1768867200.0"": 61, ""1768953600.0"": 43, ""1769040000.0"": 83, ""1769126400.0"": 45, ""1769212800.0"": 47, ""1769299200.0"": 31, ""1769385600.0"": 77, ""1769472000.0"": 36, ""1769558400.0"": 42, ""1769644800.0"": 75, ""1769731200.0"": 31, ""1769817600.0"": 26, ""1769904000.0"": 18, ""1769990400.0"": 37, ""1770076800.0"": 85, ""1770163200.0"": 37, ""1770249600.0"": 58, ""1770336000.0"": 31, ""1770422400.0"": 18, ""1770508800.0"": 17, ""1770595200.0"": 7, ""1770681600.0"": 43, ""1770768000.0"": 25, ""1770854400.0"": 55, ""1770940800.0"": 26, ""1771027200.0"": 19, ""1771113600.0"": 26, ""1771200000.0"": 47, ""1771286400.0"": 56, ""1771372800.0"": 41}",,Cash - KBUYHC,Debtors - KBUYHC,Round Off - KBUYHC,Main - KBUYHC,Write Off - KBUYHC,Exchange Gain/Loss - KBUYHC,,,0,Creditors - KBUYHC,Cost of Goods Sold - KBUYHC,Sales - KBUYHC,,,,,Main - KBUYHC,,1,0,Stock In Hand - KBUYHC,Stock Adjustment - KBUYHC,,Stock Received But Not Billed - KBUYHC,,Accumulated Depreciation - KBUYHC,Depreciation - KBUYHC,,Gain/Loss on Asset Disposal - KBUYHC,Main - KBUYHC,CWIP Account - KBUYHC,Asset Received But Not Billed - KBUYHC,0,Daily,0,,,431,432,,,,,,Kirehe,HC
Kabuye Health Center,2024-08-01 11:22:08.445672,2026-04-28 13:10:35.111887,nzayisingizaemmanuel2@gmail.com,rukundojoe30@gmail.com,0,78,Kabuye Health Center,KBYHC,0017,RWF,Rwanda,0,,,,,,,,,,,,,,,Standard Template,,Standard,,{},0.0,44460.808,,,0.0,"{""1740355200.0"": 1, ""1740528000.0"": 2, ""1740614400.0"": 2, ""1740873600.0"": 2, ""1741046400.0"": 2, ""1741132800.0"": 1, ""1741305600.0"": 1, ""1741564800.0"": 1, ""1741737600.0"": 1, ""1742169600.0"": 2, ""1742428800.0"": 1, ""1742515200.0"": 5, ""1743206400.0"": 8, ""1743379200.0"": 1, ""1743638400.0"": 1, ""1743811200.0"": 3, ""1745020800.0"": 6, ""1745107200.0"": 1, ""1745539200.0"": 1, ""1745625600.0"": 1, ""1745884800.0"": 5, ""1746316800.0"": 2, ""1746403200.0"": 1, ""1746835200.0"": 1, ""1746921600.0"": 2, ""1747008000.0"": 2, ""1747612800.0"": 1, ""1747699200.0"": 1, ""1747872000.0"": 2, ""1747958400.0"": 6, ""1748044800.0"": 27, ""1748131200.0"": 26, ""1748217600.0"": 2, ""1748822400.0"": 2, ""1748908800.0"": 3, ""1749513600.0"": 1, ""1749859200.0"": 1, ""1750204800.0"": 1, ""1750464000.0"": 2, ""1751414400.0"": 2, ""1751846400.0"": 17, ""1751932800.0"": 6, ""1752537600.0"": 2, ""1753660800.0"": 2, ""1753920000.0"": 3, ""1754179200.0"": 5, ""1754265600.0"": 3, ""1754352000.0"": 1, ""1754438400.0"": 17, ""1754524800.0"": 2, ""1754870400.0"": 2, ""1755043200.0"": 20, ""1755302400.0"": 1, ""1755475200.0"": 2, ""1755907200.0"": 36, ""1756080000.0"": 3, ""1756166400.0"": 21, ""1756252800.0"": 7, ""1756512000.0"": 1, ""1756598400.0"": 7, ""1756771200.0"": 5, ""1756857600.0"": 23, ""1756944000.0"": 1, ""1757721600.0"": 27, ""1757808000.0"": 12, ""1758153600.0"": 4, ""1758240000.0"": 2, ""1758672000.0"": 1, ""1758758400.0"": 6, ""1759276800.0"": 1, ""1759363200.0"": 1, ""1759449600.0"": 14, ""1759708800.0"": 14, ""1759881600.0"": 2, ""1759968000.0"": 4, ""1760227200.0"": 29, ""1760313600.0"": 6, ""1760400000.0"": 5, ""1760486400.0"": 28, ""1760572800.0"": 3, ""1760659200.0"": 20, ""1760745600.0"": 2, ""1760832000.0"": 15, ""1760918400.0"": 4, ""1761004800.0"": 9, ""1761091200.0"": 2, ""1761177600.0"": 5, ""1761523200.0"": 1, ""1761696000.0"": 23, ""1761868800.0"": 3, ""1761955200.0"": 31, ""1762128000.0"": 1, ""1762214400.0"": 8, ""1762300800.0"": 4, ""1762732800.0"": 3, ""1762819200.0"": 1, ""1762905600.0"": 7, ""1762992000.0"": 3, ""1763251200.0"": 1, ""1763337600.0"": 4, ""1763424000.0"": 3, ""1763510400.0"": 6, ""1763683200.0"": 1, ""1763942400.0"": 3, ""1764028800.0"": 5, ""1764115200.0"": 2, ""1764201600.0"": 5, ""1764288000.0"": 1, ""1764374400.0"": 1, ""1764460800.0"": 6, ""1764547200.0"": 6, ""1764633600.0"": 2, ""1764892800.0"": 2, ""1765152000.0"": 5, ""1765238400.0"": 5, ""1765324800.0"": 1, ""1765497600.0"": 3, ""1765756800.0"": 3, ""1765843200.0"": 1, ""1765929600.0"": 4, ""1766016000.0"": 3, ""1766102400.0"": 3, ""1766188800.0"": 1, ""1766275200.0"": 3, ""1766448000.0"": 2, ""1766620800.0"": 1, ""1766707200.0"": 1, ""1766793600.0"": 1, ""1766880000.0"": 3, ""1766966400.0"": 5, ""1767052800.0"": 4, ""1767139200.0"": 2, ""1767225600.0"": 1, ""1767312000.0"": 1, ""1767398400.0"": 1, ""1767571200.0"": 1, ""1767744000.0"": 2, ""1767916800.0"": 2, ""1768089600.0"": 2, ""1768176000.0"": 2, ""1768262400.0"": 4, ""1768348800.0"": 4, ""1768435200.0"": 4, ""1768521600.0"": 1, ""1768780800.0"": 2, ""1768867200.0"": 4, ""1768953600.0"": 7, ""1769040000.0"": 1, ""1769126400.0"": 3, ""1769212800.0"": 1, ""1769299200.0"": 4, ""1769385600.0"": 3, ""1769472000.0"": 4, ""1769558400.0"": 23, ""1769644800.0"": 98, ""1769731200.0"": 132, ""1769817600.0"": 87, ""1769904000.0"": 37, ""1769990400.0"": 61, ""1770076800.0"": 106, ""1770163200.0"": 101, ""1770249600.0"": 91, ""1770336000.0"": 71, ""1770422400.0"": 64, ""1770508800.0"": 21, ""1770595200.0"": 75, ""1770681600.0"": 65, ""1770768000.0"": 72, ""1770854400.0"": 93, ""1770940800.0"": 57, ""1771027200.0"": 31, ""1771113600.0"": 24, ""1771200000.0"": 87, ""1771286400.0"": 74, ""1771372800.0"": 46}",,Cash - KBYHC,Debtors - KBYHC,Round Off - KBYHC,Main - KBYHC,Write Off - KBYHC,Exchange Gain/Loss - KBYHC,,,0,Creditors - KBYHC,Cost of Goods Sold - KBYHC,Sales - KBYHC,,,,,Main - KBYHC,,1,0,Stock In Hand - KBYHC,Stock Adjustment - KBYHC,,Stock Received But Not Billed - KBYHC,,Accumulated Depreciation - KBYHC,Depreciation - KBYHC,,Gain/Loss on Asset Disposal - KBYHC,Main - KBYHC,CWIP Account - KBYHC,Asset Received But Not Billed - KBYHC,0,Daily,0,,,43,44,,,,,,Gasabo,HC
Kacyiru Health Center,2024-06-10 11:09:11.827265,2026-04-28 17:07:13.845293,rukundotegerajules@gmail.com,Administrator,0,198,Kacyiru Health Center,KAHC,0018,RWF,Rwanda,0,,,,,,,,,,,,,,,Standard Template,,Standard,,{},0.0,2188668.0,,,0.0,"{""1741651200.0"": 1, ""1747267200.0"": 3, ""1747958400.0"": 52, ""1748044800.0"": 99, ""1748131200.0"": 47, ""1753747200.0"": 5, ""1754092800.0"": 1, ""1754784000.0"": 1, ""1755043200.0"": 2, ""1755129600.0"": 3, ""1756080000.0"": 2, ""1757980800.0"": 2, ""1761350400.0"": 2, ""1761696000.0"": 16, ""1762214400.0"": 2, ""1762300800.0"": 1, ""1762387200.0"": 1, ""1762905600.0"": 7, ""1762992000.0"": 1, ""1763337600.0"": 1, ""1764720000.0"": 3, ""1764806400.0"": 79, ""1764892800.0"": 97, ""1764979200.0"": 35, ""1765065600.0"": 65, ""1765152000.0"": 107, ""1765238400.0"": 98, ""1765324800.0"": 94, ""1765411200.0"": 101, ""1765497600.0"": 113, ""1765584000.0"": 65, ""1765670400.0"": 60, ""1765756800.0"": 167, ""1765843200.0"": 167, ""1765929600.0"": 158, ""1766016000.0"": 144, ""1766102400.0"": 89, ""1766188800.0"": 25, ""1766275200.0"": 59, ""1766361600.0"": 173, ""1766448000.0"": 151, ""1766534400.0"": 160, ""1766620800.0"": 54, ""1766707200.0"": 77, ""1766793600.0"": 42, ""1766880000.0"": 60, ""1766966400.0"": 207, ""1767052800.0"": 159, ""1767139200.0"": 153, ""1767225600.0"": 63, ""1767312000.0"": 86, ""1767398400.0"": 82, ""1767484800.0"": 65, ""1767571200.0"": 142, ""1767657600.0"": 206, ""1767744000.0"": 5, ""1767830400.0"": 3, ""1767916800.0"": 145, ""1768003200.0"": 58, ""1768176000.0"": 33, ""1768262400.0"": 55, ""1768348800.0"": 112, ""1768435200.0"": 148, ""1768608000.0"": 1, ""1768694400.0"": 14, ""1768780800.0"": 170, ""1768867200.0"": 23, ""1768953600.0"": 121, ""1769040000.0"": 102, ""1769126400.0"": 72, ""1769212800.0"": 20, ""1769299200.0"": 51, ""1769385600.0"": 175, ""1769472000.0"": 177, ""1769558400.0"": 166, ""1769644800.0"": 73, ""1769731200.0"": 136, ""1769817600.0"": 57, ""1769904000.0"": 47, ""1769990400.0"": 111, ""1770076800.0"": 201, ""1770163200.0"": 35, ""1770249600.0"": 71, ""1770336000.0"": 25, ""1770422400.0"": 58, ""1770508800.0"": 35, ""1770595200.0"": 85, ""1770681600.0"": 107, ""1770768000.0"": 62, ""1770854400.0"": 120, ""1770940800.0"": 90, ""1771027200.0"": 77, ""1771113600.0"": 44, ""1771200000.0"": 102, ""1771286400.0"": 138}",,Cash - KAHC,Debtors - KAHC,Round Off - KAHC,Main - KAHC,Write Off - KAHC,Exchange Gain/Loss - KAHC,,,0,Creditors - KAHC,Cost of Goods Sold - KAHC,Sales - KAHC,,,,,Main - KAHC,,1,0,Stock In Hand - KAHC,Stock Adjustment - KAHC,,Stock Received But Not Billed - KAHC,,Accumulated Depreciation - KAHC,Depreciation - KAHC,,Gain/Loss on Asset Disposal - KAHC,Main - KAHC,CWIP Account - KAHC,Asset Received But Not Billed - KAHC,0,Daily,0,,,9,10,,,,,,Gasabo,HC
Kageyo (Gatsibo) Health Center,2025-04-27 00:20:44.575738,2026-04-28 16:28:22.069906,gysleneirasubiza@gmail.com,florentin.ndabarasa@moh.gov.rw,0,0,Kageyo (Gatsibo) Health Center,KGYGTBHC,0392,RWF,Rwanda,0,,,,,,,,,,,,,,,Standard Template,,Standard,,{},0.0,186390.36,,,0.0,"{""1745884800.0"": 1, ""1746144000.0"": 1, ""1748044800.0"": 2}",,Cash - KGYGTBHC,Debtors - KGYGTBHC,Round Off - KGYGTBHC,Main - KGYGTBHC,Write Off - KGYGTBHC,Exchange Gain/Loss - KGYGTBHC,,,0,Creditors - KGYGTBHC,Cost of Goods Sold - KGYGTBHC,Sales - KGYGTBHC,,,,,Main - KGYGTBHC,,1,0,Stock In Hand - KGYGTBHC,Stock Adjustment - KGYGTBHC,,Stock Received But Not Billed - KGYGTBHC,,Accumulated Depreciation - KGYGTBHC,Depreciation - KGYGTBHC,,Gain/Loss on Asset Disposal - KGYGTBHC,Main - KGYGTBHC,CWIP Account - KGYGTBHC,Asset Received But Not Billed - KGYGTBHC,0,Daily,0,,,293,294,,,,,,Gatsibo,HC
Kagitumba Health Center,2024-11-03 23:48:17.485874,2026-04-28 16:29:39.021286,ntambaraeugene13@gmail.com,rukundojoe30@gmail.com,0,21,Kagitumba Health Center,KGTHC,0370,RWF,Rwanda,0,,,,,,,,,,,,,,,Standard Template,,Standard,,{},0.0,216699.0,,,0.0,"{""1747958400.0"": 7, ""1748044800.0"": 45, ""1748131200.0"": 18, ""1748217600.0"": 1, ""1748476800.0"": 6, ""1748649600.0"": 34, ""1748736000.0"": 23, ""1748822400.0"": 31, ""1748908800.0"": 44, ""1748995200.0"": 8, ""1749081600.0"": 3, ""1749254400.0"": 1, ""1749600000.0"": 1, ""1750291200.0"": 1, ""1751500800.0"": 1, ""1752192000.0"": 1, ""1758412800.0"": 1, ""1763078400.0"": 4, ""1763251200.0"": 17, ""1763337600.0"": 55, ""1763424000.0"": 46, ""1763510400.0"": 56, ""1763596800.0"": 66, ""1763683200.0"": 50, ""1763769600.0"": 28, ""1763856000.0"": 31, ""1763942400.0"": 33, ""1764028800.0"": 32, ""1764115200.0"": 24, ""1764201600.0"": 18, ""1764288000.0"": 31, ""1764374400.0"": 24, ""1764460800.0"": 27, ""1764547200.0"": 61, ""1764633600.0"": 57, ""1764720000.0"": 46, ""1764806400.0"": 26, ""1764892800.0"": 4, ""1764979200.0"": 20, ""1765065600.0"": 19, ""1765152000.0"": 24, ""1765238400.0"": 31, ""1765324800.0"": 15, ""1765411200.0"": 8, ""1765497600.0"": 15, ""1765584000.0"": 29, ""1765670400.0"": 24, ""1765756800.0"": 7, ""1765843200.0"": 4, ""1765929600.0"": 11, ""1766016000.0"": 31, ""1766102400.0"": 50, ""1766188800.0"": 12, ""1766275200.0"": 29, ""1766361600.0"": 58, ""1766448000.0"": 33, ""1766534400.0"": 3, ""1766620800.0"": 22, ""1766707200.0"": 42, ""1766793600.0"": 3, ""1766880000.0"": 38, ""1766966400.0"": 74, ""1767052800.0"": 53, ""1767139200.0"": 58, ""1767225600.0"": 17, ""1767312000.0"": 54, ""1767398400.0"": 64, ""1767484800.0"": 42, ""1767571200.0"": 48, ""1767657600.0"": 44, ""1767744000.0"": 10, ""1767830400.0"": 7, ""1767916800.0"": 4, ""1768003200.0"": 8, ""1768089600.0"": 1, ""1768176000.0"": 2, ""1768262400.0"": 3, ""1768348800.0"": 3, ""1768435200.0"": 45, ""1768521600.0"": 1, ""1768780800.0"": 86, ""1768867200.0"": 38, ""1768953600.0"": 37, ""1769040000.0"": 66, ""1769126400.0"": 53, ""1769212800.0"": 45, ""1769299200.0"": 41, ""1769385600.0"": 62, ""1769472000.0"": 52, ""1769558400.0"": 65, ""1769644800.0"": 35, ""1769731200.0"": 47, ""1769817600.0"": 36, ""1769904000.0"": 22, ""1769990400.0"": 57, ""1770076800.0"": 45, ""1770163200.0"": 63, ""1770249600.0"": 44, ""1770336000.0"": 36, ""1770422400.0"": 44, ""1770508800.0"": 28, ""1770595200.0"": 46, ""1770681600.0"": 38, ""1770768000.0"": 41, ""1770854400.0"": 38, ""1770940800.0"": 20, ""1771027200.0"": 22, ""1771113600.0"": 23, ""1771200000.0"": 30, ""1771286400.0"": 50, ""1771372800.0"": 40}",,Cash - KGTHC,Debtors - KGTHC,Round Off - KGTHC,Main - KGTHC,Write Off - KGTHC,Exchange Gain/Loss - KGTHC,,,0,Creditors - KGTHC,Cost of Goods Sold - KGTHC,Sales - KGTHC,,,,,Main - KGTHC,,1,0,Stock In Hand - KGTHC,Stock Adjustment - KGTHC,,Stock Received But Not Billed - KGTHC,,Accumulated Depreciation - KGTHC,Depreciation - KGTHC,,Gain/Loss on Asset Disposal - KGTHC,Main - KGTHC,CWIP Account - KGTHC,Asset Received But Not Billed - KGTHC,0,Daily,0,,,99,100,,,,,,Nyagatare,HC
Kagugu Health Center,2024-06-10 17:56:46.612967,2026-02-18 17:26:53.999747,Administrator,rukundojoe30@gmail.com,0,883,Kagugu Health Center,KAGHC,0020,RWF,Rwanda,0,,,,,,,,,,,,,,,Standard Template,,Standard,,{},0.0,2590.92,,,0.0,"{""1747958400.0"": 5, ""1748044800.0"": 71, ""1748131200.0"": 59, ""1759190400.0"": 3, ""1759276800.0"": 2, ""1760486400.0"": 1, ""1762300800.0"": 1, ""1763510400.0"": 2, ""1764633600.0"": 2}",,Cash - KAGHC,Debtors - KAGHC,Round Off - KAGHC,Main - KAGHC,Write Off - KAGHC,Exchange Gain/Loss - KAGHC,,,0,Creditors - KAGHC,Cost of Goods Sold - KAGHC,Sales - KAGHC,,,,,Main - KAGHC,,1,0,Stock In Hand - KAGHC,Stock Adjustment - KAGHC,,Stock Received But Not Billed - KAGHC,,Accumulated Depreciation - KAGHC,Depreciation - KAGHC,,Gain/Loss on Asset Disposal - KAGHC,Main - KAGHC,CWIP Account - KAGHC,Asset Received But Not Billed - KAGHC,0,Daily,0,,,19,20,,,,,,Gasabo,HC
Kairos Health Center,2024-08-01 09:27:43.294572,2026-04-28 16:52:43.768568,corettenyiramvuyekure@gmail.com,rukundojoe30@gmail.com,0,24,Kairos Health Center,KAIHC,1647,RWF,Rwanda,0,,,,,,,,,,,,,,,Standard Template,,Standard,,{},0.0,539550.0,,,0.0,"{""1747785600.0"": 5, ""1748044800.0"": 2, ""1748131200.0"": 6, ""1754092800.0"": 1, ""1754870400.0"": 11, ""1754956800.0"": 10, ""1755043200.0"": 26, ""1755129600.0"": 33, ""1755216000.0"": 22, ""1755302400.0"": 30, ""1755388800.0"": 23, ""1755475200.0"": 12, ""1755561600.0"": 34, ""1755648000.0"": 11, ""1755734400.0"": 26, ""1755820800.0"": 1, ""1755907200.0"": 4, ""1755993600.0"": 17, ""1756080000.0"": 22, ""1756166400.0"": 20, ""1756252800.0"": 26, ""1756339200.0"": 23, ""1756425600.0"": 41, ""1756512000.0"": 19, ""1756598400.0"": 9, ""1756684800.0"": 9, ""1756771200.0"": 9, ""1756857600.0"": 33, ""1756944000.0"": 6, ""1757030400.0"": 12, ""1757116800.0"": 15, ""1757203200.0"": 7, ""1757289600.0"": 9, ""1757376000.0"": 1, ""1757462400.0"": 10, ""1757635200.0"": 1, ""1757721600.0"": 24, ""1757808000.0"": 28, ""1758153600.0"": 1, ""1758240000.0"": 55, ""1758499200.0"": 35, ""1758672000.0"": 4, ""1758758400.0"": 1, ""1758931200.0"": 1, ""1759017600.0"": 21, ""1759190400.0"": 1, ""1759276800.0"": 1, ""1759363200.0"": 3, ""1759449600.0"": 36, ""1759536000.0"": 11, ""1759622400.0"": 13, ""1759708800.0"": 12, ""1759795200.0"": 3, ""1759881600.0"": 1, ""1759968000.0"": 56, ""1760054400.0"": 6, ""1760140800.0"": 41, ""1760227200.0"": 37, ""1760313600.0"": 3, ""1760486400.0"": 24, ""1760572800.0"": 52, ""1760745600.0"": 54, ""1760832000.0"": 7, ""1760918400.0"": 24, ""1761004800.0"": 8, ""1761091200.0"": 25, ""1761177600.0"": 4, ""1761350400.0"": 4, ""1761436800.0"": 3, ""1761609600.0"": 14, ""1761696000.0"": 17, ""1761782400.0"": 33, ""1761868800.0"": 65, ""1761955200.0"": 2, ""1762128000.0"": 62, ""1762214400.0"": 24, ""1762300800.0"": 41, ""1762387200.0"": 38, ""1762473600.0"": 5, ""1762560000.0"": 40, ""1762646400.0"": 37, ""1762819200.0"": 38, ""1762905600.0"": 35, ""1762992000.0"": 43, ""1763078400.0"": 38, ""1763164800.0"": 6, ""1763251200.0"": 34, ""1763337600.0"": 12, ""1763424000.0"": 31, ""1763510400.0"": 37, ""1767312000.0"": 1}",,Cash - KAIHC,Debtors - KAIHC,Round Off - KAIHC,Main - KAIHC,Write Off - KAIHC,Exchange Gain/Loss - KAIHC,,,0,Creditors - KAIHC,Cost of Goods Sold - KAIHC,Sales - KAIHC,,,,,Main - KAIHC,,1,0,Stock In Hand - KAIHC,Stock Adjustment - KAIHC,,Stock Received But Not Billed - KAIHC,,Accumulated Depreciation - KAIHC,Depreciation - KAIHC,,Gain/Loss on Asset Disposal - KAIHC,Main - KAIHC,CWIP Account - KAIHC,Asset Received But Not Billed - KAIHC,0,Daily,0,,,35,36,,,,,,Kicukiro,HC
Kajevuba Health Center,2024-09-30 19:56:24.955637,2026-04-28 15:58:33.925240,athimfura@yahoo.fr,rukundojoe30@gmail.com,0,103,Kajevuba Health Center,KAJHC,0272,RWF,Rwanda,0,,,,,,,,,,,,,,,Standard Template,,Standard,,{},0.0,92025.0,,,0.0,"{""1766448000.0"": 67, ""1766534400.0"": 48, ""1766620800.0"": 12, ""1766793600.0"": 55, ""1766880000.0"": 26, ""1766966400.0"": 44, ""1767052800.0"": 5, ""1767139200.0"": 128, ""1767225600.0"": 49, ""1767312000.0"": 75, ""1767398400.0"": 31, ""1767484800.0"": 18, ""1767571200.0"": 61, ""1767657600.0"": 98, ""1767744000.0"": 11, ""1767830400.0"": 3, ""1767916800.0"": 4, ""1768003200.0"": 34, ""1768089600.0"": 68, ""1768176000.0"": 6, ""1768262400.0"": 5, ""1768348800.0"": 67, ""1768435200.0"": 8, ""1768608000.0"": 10, ""1768780800.0"": 47, ""1768867200.0"": 36, ""1768953600.0"": 34, ""1769040000.0"": 38, ""1769126400.0"": 45, ""1769385600.0"": 36, ""1769472000.0"": 52, ""1769558400.0"": 36, ""1769644800.0"": 19, ""1769731200.0"": 93, ""1769817600.0"": 79, ""1769904000.0"": 38, ""1769990400.0"": 33, ""1770076800.0"": 72, ""1770163200.0"": 52, ""1770249600.0"": 44, ""1770336000.0"": 89, ""1770422400.0"": 24, ""1770508800.0"": 62, ""1770595200.0"": 33, ""1770681600.0"": 17, ""1770768000.0"": 5, ""1770854400.0"": 19, ""1770940800.0"": 18, ""1771027200.0"": 18, ""1771113600.0"": 6, ""1771200000.0"": 57, ""1771286400.0"": 56, ""1771372800.0"": 21}",,Cash - KAJHC,Debtors - KAJHC,Round Off - KAJHC,Main - KAJHC,Write Off - KAJHC,Exchange Gain/Loss - KAJHC,,,0,Creditors - KAJHC,Cost of Goods Sold - KAJHC,Sales - KAJHC,,,,,Main - KAJHC,,1,0,Stock In Hand - KAJHC,Stock Adjustment - KAJHC,,Stock Received But Not Billed - KAJHC,,Accumulated Depreciation - KAJHC,Depreciation - KAJHC,,Gain/Loss on Asset Disposal - KAJHC,Main - KAJHC,CWIP Account - KAJHC,Asset Received But Not Billed - KAJHC,0,Daily,0,,,79,80,,,,,,Rulindo,HC
Kamabuye Health Center,2025-01-23 17:02:44.571935,2026-04-26 08:28:10.242561,iloveniyonshuti1@gmail.com,info@spiderbit.rw,0,0,Kamabuye Health Center,KMBHC,0449,RWF,Rwanda,0,,,,,,,,,,,,,,,Standard Template,,Standard,,{},0.0,12600.0,,,0.0,"{""1740096000.0"": 2, ""1740614400.0"": 3, ""1748044800.0"": 34, ""1757462400.0"": 4, ""1760486400.0"": 12, ""1761004800.0"": 1, ""1761609600.0"": 1, ""1763424000.0"": 6, ""1763510400.0"": 63, ""1764115200.0"": 3, ""1764201600.0"": 2, ""1765324800.0"": 1, ""1766620800.0"": 23, ""1766707200.0"": 35, ""1766793600.0"": 19, ""1766880000.0"": 19, ""1766966400.0"": 47, ""1767052800.0"": 50, ""1767139200.0"": 41, ""1767225600.0"": 9, ""1767312000.0"": 37, ""1767398400.0"": 35, ""1767484800.0"": 26, ""1767571200.0"": 18, ""1767657600.0"": 52, ""1767744000.0"": 17, ""1767830400.0"": 27, ""1767916800.0"": 17, ""1768003200.0"": 25, ""1768089600.0"": 5, ""1768176000.0"": 4, ""1768262400.0"": 27, ""1768348800.0"": 13, ""1768435200.0"": 17, ""1768521600.0"": 1, ""1768608000.0"": 6, ""1768867200.0"": 12, ""1769040000.0"": 2, ""1770595200.0"": 2, ""1770854400.0"": 1, ""1771286400.0"": 4}",,Cash - KMBHC,Debtors - KMBHC,Round Off - KMBHC,Main - KMBHC,Write Off - KMBHC,Exchange Gain/Loss - KMBHC,,,0,Creditors - KMBHC,Cost of Goods Sold - KMBHC,Sales - KMBHC,,,,,Main - KMBHC,,1,0,Stock In Hand - KMBHC,Stock Adjustment - KMBHC,,Stock Received But Not Billed - KMBHC,,Accumulated Depreciation - KMBHC,Depreciation - KMBHC,,Gain/Loss on Asset Disposal - KMBHC,Main - KMBHC,CWIP Account - KMBHC,Asset Received But Not Billed - KMBHC,0,Daily,0,,,139,140,,,,,,Bugesera,HC
Kamonyi Health Center,2025-11-15 10:07:16.677665,2026-03-02 12:28:00.826554,maryuwera50@gmail.com,mararashema@gmail.com,0,0,Kamonyi Health Center,KMYHC,0145,RWF,Rwanda,0,,,,,,,,,,,,,,,Standard Template,,Standard,,{},0.0,1752.2,,,0.0,"{""1763337600.0"": 1}",,Cash - KMYHC,Debtors - KMYHC,Round Off - KMYHC,Main - KMYHC,Write Off - KMYHC,Exchange Gain/Loss - KMYHC,,,0,Creditors - KMYHC,Cost of Goods Sold - KMYHC,Sales - KMYHC,,,,,Main - KMYHC,,1,0,Stock In Hand - KMYHC,Stock Adjustment - KMYHC,,Stock Received But Not Billed - KMYHC,,Accumulated Depreciation - KMYHC,Depreciation - KMYHC,,Gain/Loss on Asset Disposal - KMYHC,Main - KMYHC,CWIP Account - KMYHC,Asset Received But Not Billed - KMYHC,0,Daily,0,,,533,534,,,,,,Kamonyi,HC
Kamubuga Health Center,2026-01-14 18:43:53.124675,2026-04-28 16:53:40.312564,uwingabired2024@gmail.com,mugipascal@gmail.com,0,0,Kamubuga Health Center,KMBGHC,0483,RWF,Rwanda,0,,Kinihira PH,,,,,,,,,,,,,Standard Template,,Standard,,{},0.0,239330.0,,,0.0,"{""1768780800.0"": 2, ""1768867200.0"": 6, ""1768953600.0"": 4, ""1769385600.0"": 1, ""1769472000.0"": 2, ""1769558400.0"": 1, ""1769644800.0"": 1, ""1770249600.0"": 1, ""1770681600.0"": 6, ""1771286400.0"": 11, ""1771372800.0"": 13}",,Cash - KMBGHC,Debtors - KMBGHC,Round Off - KMBGHC,Main - KMBGHC,Write Off - KMBGHC,Exchange Gain/Loss - KMBGHC,,,0,Creditors - KMBGHC,Cost of Goods Sold - KMBGHC,Sales - KMBGHC,,,,,Main - KMBGHC,,1,0,Stock In Hand - KMBGHC,Stock Adjustment - KMBGHC,,Stock Received But Not Billed - KMBGHC,,Accumulated Depreciation - KMBGHC,Depreciation - KMBGHC,,Gain/Loss on Asset Disposal - KMBGHC,Main - KMBGHC,CWIP Account - KMBGHC,Asset Received But Not Billed - KMBGHC,0,Daily,0,,,615,616,,,,,,Gakenke,HC
Kanyinya Health Center,2024-08-16 11:07:14.780113,2026-02-18 17:26:53.202451,Administrator,rukundojoe30@gmail.com,0,0,Kanyinya Health Center,KANHC,1337,RWF,Rwanda,0,,,,,,,,,,,,,,,Standard Template,,Standard,,{},0.0,0.0,,,0.0,{},,Cash - KANHC,Debtors - KANHC,Round Off - KANHC,Main - KANHC,Write Off - KANHC,Exchange Gain/Loss - KANHC,,,0,Creditors - KANHC,Cost of Goods Sold - KANHC,Sales - KANHC,,,,,Main - KANHC,,1,0,Stock In Hand - KANHC,Stock Adjustment - KANHC,,Stock Received But Not Billed - KANHC,,Accumulated Depreciation - KANHC,Depreciation - KANHC,,Gain/Loss on Asset Disposal - KANHC,Main - KANHC,CWIP Account - KANHC,Asset Received But Not Billed - KANHC,0,Daily,0,,,51,52,,,,,,Nyarugenge,HC
Karama (Huye) Health Center,2026-01-14 10:35:33.989938,2026-04-28 14:42:31.805621,tuyisingizedieudonne3316@gmail.com,mararashema@gmail.com,0,0,Karama (Huye) Health Center,KRMHHC,0086,RWF,Rwanda,0,,Kinihira PH,,,,,,,,,,,,,Standard Template,,Standard,,{},0.0,312101.27,,,0.0,"{""1769040000.0"": 3, ""1769385600.0"": 2, ""1769472000.0"": 26, ""1769558400.0"": 56, ""1769644800.0"": 49, ""1769731200.0"": 53, ""1769817600.0"": 2, ""1769904000.0"": 7, ""1769990400.0"": 1, ""1770076800.0"": 6, ""1770163200.0"": 14, ""1770249600.0"": 1, ""1771113600.0"": 32, ""1771286400.0"": 10, ""1771372800.0"": 6}",,Cash - KRMHHC,Debtors - KRMHHC,Round Off - KRMHHC,Main - KRMHHC,Write Off - KRMHHC,Exchange Gain/Loss - KRMHHC,,,0,Creditors - KRMHHC,Cost of Goods Sold - KRMHHC,Sales - KRMHHC,,,,,Main - KRMHHC,,1,0,Stock In Hand - KRMHHC,Stock Adjustment - KRMHHC,,Stock Received But Not Billed - KRMHHC,,Accumulated Depreciation - KRMHHC,Depreciation - KRMHHC,,Gain/Loss on Asset Disposal - KRMHHC,Main - KRMHHC,CWIP Account - KRMHHC,Asset Received But Not Billed - KRMHHC,0,Daily,0,,,611,612,,,,,,Huye,HC
Karama Health Center,2025-04-24 23:46:28.072417,2026-04-28 17:10:57.885675,musanganyap9@gmail.com,florentin.ndabarasa@moh.gov.rw,0,0,Karama Health Center,KRMAHC,0408,RWF,Rwanda,0,,,,,,,,,,,,,,,Standard Template,,Standard,,{},0.0,272332.0,,,0.0,"{""1746057600.0"": 1, ""1747180800.0"": 3, ""1748044800.0"": 41, ""1748131200.0"": 27, ""1766534400.0"": 2, ""1766880000.0"": 1, ""1767225600.0"": 1, ""1767571200.0"": 19, ""1767657600.0"": 92, ""1767744000.0"": 57, ""1767830400.0"": 121, ""1767916800.0"": 67, ""1768003200.0"": 29, ""1768089600.0"": 22, ""1768176000.0"": 47, ""1768262400.0"": 80, ""1768348800.0"": 73, ""1768435200.0"": 59, ""1768521600.0"": 1, ""1768608000.0"": 44, ""1768694400.0"": 15, ""1768780800.0"": 64, ""1768867200.0"": 79, ""1768953600.0"": 65, ""1769040000.0"": 89, ""1769126400.0"": 63, ""1769212800.0"": 32, ""1769299200.0"": 34, ""1769385600.0"": 71, ""1769472000.0"": 57, ""1769558400.0"": 68, ""1769644800.0"": 75, ""1769731200.0"": 58, ""1769817600.0"": 27, ""1769904000.0"": 23, ""1769990400.0"": 52, ""1770076800.0"": 78, ""1770163200.0"": 57, ""1770249600.0"": 95, ""1770336000.0"": 53, ""1770422400.0"": 18, ""1770508800.0"": 19, ""1770595200.0"": 30, ""1770681600.0"": 68, ""1770768000.0"": 38, ""1770854400.0"": 59, ""1770940800.0"": 55, ""1771027200.0"": 23, ""1771113600.0"": 17, ""1771200000.0"": 45, ""1771286400.0"": 68, ""1771372800.0"": 49}",,Cash - KRMAHC,Debtors - KRMAHC,Round Off - KRMAHC,Main - KRMAHC,Write Off - KRMAHC,Exchange Gain/Loss - KRMAHC,,,0,Creditors - KRMAHC,Cost of Goods Sold - KRMAHC,Sales - KRMAHC,,,,,Main - KRMAHC,,1,0,Stock In Hand - KRMAHC,Stock Adjustment - KRMAHC,,Stock Received But Not Billed - KRMAHC,,Accumulated Depreciation - KRMAHC,Depreciation - KRMAHC,,Gain/Loss on Asset Disposal - KRMAHC,Main - KRMAHC,CWIP Account - KRMAHC,Asset Received But Not Billed - KRMAHC,0,Daily,0,,,255,256,,,,,,Kayonza,HC
Karama(Kamonyi) Health Center,2025-11-15 10:15:41.905838,2026-04-27 14:22:00.192151,dano.df89@gmail.com,mararashema@gmail.com,0,0,Karama(Kamonyi) Health Center,KRMHC,1666,RWF,Rwanda,0,,,,,,,,,,,,,,,Standard Template,,Standard,,{},0.0,10260.0,,,0.0,"{""1763337600.0"": 2, ""1763424000.0"": 38, ""1763510400.0"": 62, ""1763596800.0"": 28, ""1763683200.0"": 14, ""1763769600.0"": 3, ""1763942400.0"": 17, ""1764028800.0"": 77, ""1764115200.0"": 24, ""1764201600.0"": 53, ""1764288000.0"": 21, ""1764374400.0"": 19, ""1764547200.0"": 49, ""1764633600.0"": 60, ""1764720000.0"": 42, ""1764806400.0"": 29, ""1764892800.0"": 14, ""1764979200.0"": 1, ""1765238400.0"": 2, ""1765324800.0"": 2, ""1765411200.0"": 42, ""1765497600.0"": 28, ""1765756800.0"": 40, ""1765843200.0"": 57, ""1765929600.0"": 28, ""1766016000.0"": 74, ""1766102400.0"": 33, ""1766188800.0"": 5, ""1766361600.0"": 14, ""1766448000.0"": 30, ""1766534400.0"": 22, ""1766620800.0"": 19, ""1766966400.0"": 1, ""1767139200.0"": 21, ""1767571200.0"": 10, ""1767657600.0"": 71, ""1767744000.0"": 12, ""1767830400.0"": 54, ""1767916800.0"": 13, ""1768176000.0"": 14, ""1768262400.0"": 25, ""1768348800.0"": 67, ""1768435200.0"": 82, ""1768608000.0"": 12, ""1768780800.0"": 24, ""1768867200.0"": 33, ""1768953600.0"": 25, ""1769040000.0"": 2, ""1769385600.0"": 38, ""1769472000.0"": 64, ""1769558400.0"": 64, ""1769644800.0"": 12, ""1769731200.0"": 27, ""1769817600.0"": 9, ""1770076800.0"": 61, ""1770163200.0"": 33, ""1770249600.0"": 59, ""1770336000.0"": 17, ""1770595200.0"": 37, ""1770681600.0"": 71, ""1770768000.0"": 36, ""1770854400.0"": 70, ""1771027200.0"": 20, ""1771200000.0"": 16, ""1771286400.0"": 1}",,Cash - KRMHC,Debtors - KRMHC,Round Off - KRMHC,Main - KRMHC,Write Off - KRMHC,Exchange Gain/Loss - KRMHC,,,0,Creditors - KRMHC,Cost of Goods Sold - KRMHC,Sales - KRMHC,,,,,Main - KRMHC,,1,0,Stock In Hand - KRMHC,Stock Adjustment - KRMHC,,Stock Received But Not Billed - KRMHC,,Accumulated Depreciation - KRMHC,Depreciation - KRMHC,,Gain/Loss on Asset Disposal - KRMHC,Main - KRMHC,CWIP Account - KRMHC,Asset Received But Not Billed - KRMHC,0,Daily,0,,,535,536,,,,,,Kamonyi,HC
Karambi Health Center,2025-04-23 21:12:35.247106,2026-02-18 17:26:53.333408,Administrator,ildephonse90@yahoo.com,0,0,Karambi Health Center,KRHC,1393,RWF,Rwanda,0,,,,,,,,,,,,,,,Standard Template,,Standard,,{},0.0,0.0,,,0.0,{},,Cash - KRHC,Debtors - KRHC,Round Off - KRHC,Main - KRHC,Write Off - KRHC,Exchange Gain/Loss - KRHC,,,0,Creditors - KRHC,Cost of Goods Sold - KRHC,Sales - KRHC,,,,,Main - KRHC,,1,0,Stock In Hand - KRHC,Stock Adjustment - KRHC,,Stock Received But Not Billed - KRHC,,Accumulated Depreciation - KRHC,Depreciation - KRHC,,Gain/Loss on Asset Disposal - KRHC,Main - KRHC,CWIP Account - KRHC,Asset Received But Not Billed - KRHC,0,Daily,0,,,239,240,,,,,,Nyamasheke,HC
Karambo (Gakenke) Health Center,2026-01-16 13:25:17.176774,2026-04-28 16:21:15.341724,byiringirojean30@gmail.com,mararashema@gmail.com,0,0,Karambo (Gakenke) Health Center,K(HC,0293,RWF,Rwanda,0,,Kinihira PH,,,,,,,,,,,,,Standard Template,,Standard,,{},0.0,310291.8,,,0.0,"{""1768780800.0"": 20, ""1768867200.0"": 50, ""1768953600.0"": 24, ""1769040000.0"": 71, ""1769126400.0"": 55, ""1769212800.0"": 33, ""1769299200.0"": 45, ""1769385600.0"": 73, ""1769472000.0"": 81, ""1769558400.0"": 45, ""1769644800.0"": 45, ""1769731200.0"": 47, ""1769817600.0"": 51, ""1769904000.0"": 31, ""1769990400.0"": 47, ""1770076800.0"": 102, ""1770163200.0"": 83, ""1770249600.0"": 92, ""1770336000.0"": 51, ""1770422400.0"": 34, ""1770508800.0"": 46, ""1770595200.0"": 66, ""1770681600.0"": 107, ""1770768000.0"": 70, ""1770854400.0"": 81, ""1770940800.0"": 45, ""1771027200.0"": 58, ""1771113600.0"": 48, ""1771200000.0"": 56, ""1771286400.0"": 85, ""1771372800.0"": 40}",,Cash - K(HC,Debtors - K(HC,Round Off - K(HC,Main - K(HC,Write Off - K(HC,Exchange Gain/Loss - K(HC,,,0,Creditors - K(HC,Cost of Goods Sold - K(HC,Sales - K(HC,,,,,Main - K(HC,,1,0,Stock In Hand - K(HC,Stock Adjustment - K(HC,,Stock Received But Not Billed - K(HC,,Accumulated Depreciation - K(HC,Depreciation - K(HC,,Gain/Loss on Asset Disposal - K(HC,Main - K(HC,CWIP Account - K(HC,Asset Received But Not Billed - K(HC,0,Daily,0,,,643,644,,,,,,Gakenke,HC
Karambo (Rubavu) Health Center,2025-05-14 20:57:01.070304,2026-02-18 17:26:53.443257,Administrator,florentin.ndabarasa@moh.gov.rw,0,0,Karambo (Rubavu) Health Center,KRBRBVHC,0200,RWF,Rwanda,0,,,,,,,,,,,,,,,Standard Template,,Standard,,{},0.0,0.0,,,0.0,{},,Cash - KRBRBVHC,Debtors - KRBRBVHC,Round Off - KRBRBVHC,Main - KRBRBVHC,Write Off - KRBRBVHC,Exchange Gain/Loss - KRBRBVHC,,,0,Creditors - KRBRBVHC,Cost of Goods Sold - KRBRBVHC,Sales - KRBRBVHC,,,,,Main - KRBRBVHC,,1,0,Stock In Hand - KRBRBVHC,Stock Adjustment - KRBRBVHC,,Stock Received But Not Billed - KRBRBVHC,,Accumulated Depreciation - KRBRBVHC,Depreciation - KRBRBVHC,,Gain/Loss on Asset Disposal - KRBRBVHC,Main - KRBRBVHC,CWIP Account - KRBRBVHC,Asset Received But Not Billed - KRBRBVHC,0,Daily,0,,,333,334,,,,,,Rubavu,HC
Karangara Health Center,2025-11-15 11:09:51.236879,2026-04-26 10:07:03.612446,uwapasie@yahoo.fr,mararashema@gmail.com,0,0,Karangara Health Center,KRNGHC,0146,RWF,Rwanda,0,,,,,,,,,,,,,,,Standard Template,,Standard,,{},0.0,1020.0,,,0.0,"{""1763337600.0"": 13, ""1763424000.0"": 5, ""1763510400.0"": 51, ""1763596800.0"": 25, ""1763683200.0"": 11, ""1763942400.0"": 27, ""1764028800.0"": 18, ""1764115200.0"": 55, ""1764201600.0"": 56, ""1764288000.0"": 46, ""1764374400.0"": 2, ""1764460800.0"": 3, ""1764547200.0"": 77, ""1764633600.0"": 57, ""1764720000.0"": 56, ""1764806400.0"": 70, ""1764892800.0"": 32, ""1764979200.0"": 4, ""1765065600.0"": 3, ""1765152000.0"": 34, ""1765238400.0"": 66, ""1765324800.0"": 1, ""1765411200.0"": 2, ""1765756800.0"": 1, ""1765929600.0"": 1, ""1766016000.0"": 12, ""1766102400.0"": 3, ""1766188800.0"": 25, ""1766275200.0"": 50, ""1766361600.0"": 7, ""1766448000.0"": 34, ""1766534400.0"": 11, ""1766966400.0"": 31, ""1767052800.0"": 5, ""1767139200.0"": 58, ""1767225600.0"": 10, ""1767312000.0"": 31, ""1767398400.0"": 1, ""1767484800.0"": 21, ""1767830400.0"": 7, ""1768176000.0"": 34, ""1768262400.0"": 36, ""1768348800.0"": 43, ""1768435200.0"": 4, ""1768608000.0"": 17, ""1768694400.0"": 2, ""1768780800.0"": 13, ""1768867200.0"": 40, ""1768953600.0"": 35, ""1769040000.0"": 12, ""1769126400.0"": 6, ""1769212800.0"": 18, ""1769299200.0"": 16, ""1769385600.0"": 18, ""1769644800.0"": 6, ""1769731200.0"": 1, ""1769817600.0"": 11, ""1769904000.0"": 7, ""1769990400.0"": 22, ""1770076800.0"": 3, ""1770163200.0"": 33, ""1770336000.0"": 10, ""1770595200.0"": 1, ""1770681600.0"": 24, ""1770768000.0"": 26, ""1770854400.0"": 27, ""1770940800.0"": 2, ""1771200000.0"": 6, ""1771286400.0"": 47, ""1771372800.0"": 13}",,Cash - KRNGHC,Debtors - KRNGHC,Round Off - KRNGHC,Main - KRNGHC,Write Off - KRNGHC,Exchange Gain/Loss - KRNGHC,,,0,Creditors - KRNGHC,Cost of Goods Sold - KRNGHC,Sales - KRNGHC,,,,,Main - KRNGHC,,1,0,Stock In Hand - KRNGHC,Stock Adjustment - KRNGHC,,Stock Received But Not Billed - KRNGHC,,Accumulated Depreciation - KRNGHC,Depreciation - KRNGHC,,Gain/Loss on Asset Disposal - KRNGHC,Main - KRNGHC,CWIP Account - KRNGHC,Asset Received But Not Billed - KRNGHC,0,Daily,0,,,547,548,,,,,,Kamonyi,HC
Karangazi Health Center,2025-05-15 20:09:18.830238,2026-04-28 13:21:51.971660,busingaregine3@gmail.com,ildephonse90@yahoo.com,0,0,Karangazi Health Center,KRGZHC,0371,RWF,Rwanda,0,,,,,,,,,,,,,,,Standard Template,,Standard,,{},0.0,350003.933,,,0.0,"{""1747785600.0"": 1, ""1747958400.0"": 12, ""1748044800.0"": 4, ""1748563200.0"": 1, ""1748736000.0"": 1, ""1748822400.0"": 3, ""1748908800.0"": 2, ""1748995200.0"": 2, ""1749081600.0"": 4, ""1749168000.0"": 4, ""1749427200.0"": 2, ""1749513600.0"": 1, ""1750809600.0"": 2, ""1751241600.0"": 2, ""1751328000.0"": 1, ""1751414400.0"": 1, ""1751500800.0"": 2, ""1751846400.0"": 2, ""1752019200.0"": 1, ""1752451200.0"": 3, ""1752537600.0"": 1, ""1753142400.0"": 3, ""1753660800.0"": 1, ""1759363200.0"": 1, ""1763078400.0"": 4, ""1763337600.0"": 3, ""1763510400.0"": 28, ""1763596800.0"": 1, ""1764806400.0"": 16, ""1765238400.0"": 86, ""1765324800.0"": 39, ""1765411200.0"": 56, ""1765497600.0"": 71, ""1765584000.0"": 13, ""1765670400.0"": 43, ""1765756800.0"": 111, ""1765843200.0"": 104, ""1765929600.0"": 54, ""1766016000.0"": 111, ""1766102400.0"": 150, ""1766188800.0"": 2, ""1766275200.0"": 37, ""1766361600.0"": 130, ""1766448000.0"": 97, ""1766534400.0"": 107, ""1766620800.0"": 59, ""1766707200.0"": 117, ""1766793600.0"": 57, ""1766880000.0"": 57, ""1766966400.0"": 138, ""1767052800.0"": 16, ""1767139200.0"": 94, ""1767225600.0"": 21, ""1767312000.0"": 90, ""1767484800.0"": 58, ""1767571200.0"": 113, ""1767657600.0"": 80, ""1767744000.0"": 14, ""1767830400.0"": 6, ""1767916800.0"": 9, ""1768003200.0"": 3, ""1768176000.0"": 4, ""1768262400.0"": 5, ""1768348800.0"": 72, ""1768435200.0"": 70, ""1768521600.0"": 4, ""1768608000.0"": 42, ""1768780800.0"": 114, ""1768867200.0"": 91, ""1768953600.0"": 76, ""1769040000.0"": 130, ""1769126400.0"": 45, ""1769212800.0"": 51, ""1769299200.0"": 48, ""1769385600.0"": 80, ""1769472000.0"": 29, ""1769558400.0"": 11, ""1769644800.0"": 96, ""1769731200.0"": 80, ""1769817600.0"": 50, ""1769904000.0"": 32, ""1769990400.0"": 75, ""1770076800.0"": 82, ""1770163200.0"": 88, ""1770249600.0"": 46, ""1770336000.0"": 75, ""1770422400.0"": 42, ""1770508800.0"": 26, ""1770595200.0"": 78, ""1770681600.0"": 43, ""1770768000.0"": 53, ""1770854400.0"": 71, ""1770940800.0"": 107, ""1771027200.0"": 23, ""1771113600.0"": 26, ""1771200000.0"": 75, ""1771286400.0"": 69, ""1771372800.0"": 81}",,Cash - KRGZHC,Debtors - KRGZHC,Round Off - KRGZHC,Main - KRGZHC,Write Off - KRGZHC,Exchange Gain/Loss - KRGZHC,,,0,Creditors - KRGZHC,Cost of Goods Sold - KRGZHC,Sales - KRGZHC,,,,,Main - KRGZHC,,1,0,Stock In Hand - KRGZHC,Stock Adjustment - KRGZHC,,Stock Received But Not Billed - KRGZHC,,Accumulated Depreciation - KRGZHC,Depreciation - KRGZHC,,Gain/Loss on Asset Disposal - KRGZHC,Main - KRGZHC,CWIP Account - KRGZHC,Asset Received But Not Billed - KRGZHC,0,Daily,0,,,355,356,,,,,,Nyagatare,HC
Karembo Health Center,2025-06-07 18:32:02.776701,2026-02-18 17:26:53.820738,Administrator,mugipascal@gmail.com,0,0,Karembo Health Center,KRMBHC,3272,RWF,Rwanda,0,,,,,,,,,,,,,,,Standard Template,,Standard,,{},0.0,7290.0,,,0.0,"{""1749600000.0"": 2, ""1750118400.0"": 1, ""1761782400.0"": 13, ""1761868800.0"": 9, ""1761955200.0"": 3, ""1762128000.0"": 1, ""1762300800.0"": 1, ""1762387200.0"": 16, ""1762473600.0"": 16}",,Cash - KRMBHC,Debtors - KRMBHC,Round Off - KRMBHC,Main - KRMBHC,Write Off - KRMBHC,Exchange Gain/Loss - KRMBHC,,,0,Creditors - KRMBHC,Cost of Goods Sold - KRMBHC,Sales - KRMBHC,,,,,Main - KRMBHC,,1,0,Stock In Hand - KRMBHC,Stock Adjustment - KRMBHC,,Stock Received But Not Billed - KRMBHC,,Accumulated Depreciation - KRMBHC,Depreciation - KRMBHC,,Gain/Loss on Asset Disposal - KRMBHC,Main - KRMBHC,CWIP Account - KRMBHC,Asset Received But Not Billed - KRMBHC,0,Daily,0,,,397,398,,,,,,Ngoma,HC
KARENGE HC,2025-03-31 16:19:24.720100,2026-04-22 16:04:03.215889,dufitumukizaruth@gmail.com,mugipascal@gmail.com,0,0,KARENGE HC,KH,0355,RWF,Rwanda,0,,,,,,,,,,,,,,,Standard Template,,Standard,,{},0.0,1600.0,,,0.0,"{""1747958400.0"": 9, ""1748044800.0"": 28, ""1748131200.0"": 25}",,Cash - KH,Debtors - KH,Round Off - KH,Main - KH,Write Off - KH,Exchange Gain/Loss - KH,,,0,Creditors - KH,Cost of Goods Sold - KH,Sales - KH,,,,,Main - KH,,1,0,Stock In Hand - KH,Stock Adjustment - KH,,Stock Received But Not Billed - KH,,Accumulated Depreciation - KH,Depreciation - KH,,Gain/Loss on Asset Disposal - KH,Main - KH,CWIP Account - KH,Asset Received But Not Billed - KH,0,Daily,0,,,159,160,,,,,,Rwamagana,HC
Karengera HC,2025-03-20 23:20:45.962631,2026-02-18 17:26:53.237247,Administrator,florentin.ndabarasa@moh.gov.rw,0,0,Karengera HC,KARHC,0259,RWF,Rwanda,0,,,,,,,,,,,,,,,Standard Template,,Standard,,{},0.0,200.0,,,0.0,"{""1742774400.0"": 1}",,Cash - KARHC,Debtors - KARHC,Round Off - KARHC,Main - KARHC,Write Off - KARHC,Exchange Gain/Loss - KARHC,,,0,Creditors - KARHC,Cost of Goods Sold - KARHC,Sales - KARHC,,,,,Main - KARHC,,1,0,Stock In Hand - KARHC,Stock Adjustment - KARHC,,Stock Received But Not Billed - KARHC,,Accumulated Depreciation - KARHC,Depreciation - KARHC,,Gain/Loss on Asset Disposal - KARHC,Main - KARHC,CWIP Account - KARHC,Asset Received But Not Billed - KARHC,0,Daily,0,,,145,146,,,,,,Nyamasheke,HC
Karwasa Health Center,2025-05-03 22:23:59.580177,2026-04-28 16:47:04.573929,nhonorine10@gmail.com,florentin.ndabarasa@moh.gov.rw,0,0,Karwasa Health Center,KRWSHC,0312,RWF,Rwanda,0,,,,,,,,,,,,,,,Standard Template,,Standard,,{},0.0,2085027.155,,,0.0,"{""1761523200.0"": 13, ""1761609600.0"": 29, ""1761696000.0"": 59, ""1761782400.0"": 85, ""1761868800.0"": 40, ""1762128000.0"": 36, ""1762214400.0"": 86, ""1762300800.0"": 90, ""1762387200.0"": 75, ""1762473600.0"": 77, ""1762560000.0"": 38, ""1762646400.0"": 55, ""1762732800.0"": 99, ""1762819200.0"": 89, ""1762905600.0"": 110, ""1762992000.0"": 61, ""1763078400.0"": 68, ""1763164800.0"": 27, ""1763337600.0"": 78, ""1763424000.0"": 71, ""1763510400.0"": 58, ""1763596800.0"": 107, ""1763683200.0"": 79, ""1763769600.0"": 36, ""1763856000.0"": 28, ""1763942400.0"": 85, ""1764028800.0"": 104, ""1764115200.0"": 66, ""1764201600.0"": 67, ""1764288000.0"": 67, ""1764374400.0"": 26, ""1764460800.0"": 40, ""1764547200.0"": 91, ""1764633600.0"": 78, ""1764720000.0"": 57, ""1764806400.0"": 61, ""1764892800.0"": 72, ""1764979200.0"": 36, ""1765065600.0"": 26, ""1765152000.0"": 55, ""1765238400.0"": 69, ""1765324800.0"": 51, ""1765411200.0"": 70, ""1765497600.0"": 72, ""1765584000.0"": 25, ""1765670400.0"": 22, ""1765756800.0"": 79, ""1765843200.0"": 69, ""1765929600.0"": 48, ""1766016000.0"": 58, ""1766102400.0"": 63, ""1766275200.0"": 26, ""1766361600.0"": 55, ""1766448000.0"": 89, ""1766534400.0"": 57, ""1766620800.0"": 24, ""1766707200.0"": 30, ""1766793600.0"": 30, ""1766880000.0"": 27, ""1766966400.0"": 77, ""1767052800.0"": 89, ""1767139200.0"": 43, ""1767225600.0"": 21, ""1767312000.0"": 42, ""1767398400.0"": 30, ""1767484800.0"": 18, ""1767571200.0"": 83, ""1767657600.0"": 92, ""1767744000.0"": 77, ""1767830400.0"": 61, ""1767916800.0"": 78, ""1768003200.0"": 23, ""1768176000.0"": 80, ""1768262400.0"": 76, ""1768348800.0"": 52, ""1768435200.0"": 61, ""1768521600.0"": 10, ""1768608000.0"": 22, ""1768694400.0"": 31, ""1768780800.0"": 73, ""1768867200.0"": 74, ""1768953600.0"": 63, ""1769040000.0"": 70, ""1769126400.0"": 82, ""1769212800.0"": 37, ""1769299200.0"": 32, ""1769385600.0"": 77, ""1769472000.0"": 94, ""1769558400.0"": 53, ""1769644800.0"": 64, ""1769731200.0"": 59, ""1769817600.0"": 35, ""1769904000.0"": 29, ""1769990400.0"": 53, ""1770076800.0"": 95, ""1770163200.0"": 64, ""1770249600.0"": 77, ""1770336000.0"": 61, ""1770422400.0"": 29, ""1770508800.0"": 21, ""1770595200.0"": 77, ""1770681600.0"": 81, ""1770768000.0"": 52, ""1770854400.0"": 62, ""1770940800.0"": 72, ""1771027200.0"": 28, ""1771113600.0"": 33, ""1771200000.0"": 74, ""1771286400.0"": 93, ""1771372800.0"": 87}",,Cash - KRWSHC,Debtors - KRWSHC,Round Off - KRWSHC,Main - KRWSHC,Write Off - KRWSHC,Exchange Gain/Loss - KRWSHC,,,0,Creditors - KRWSHC,Cost of Goods Sold - KRWSHC,Sales - KRWSHC,,,,,Main - KRWSHC,,1,0,Stock In Hand - KRWSHC,Stock Adjustment - KRWSHC,,Stock Received But Not Billed - KRWSHC,,Accumulated Depreciation - KRWSHC,Depreciation - KRWSHC,,Gain/Loss on Asset Disposal - KRWSHC,Main - KRWSHC,CWIP Account - KRWSHC,Asset Received But Not Billed - KRWSHC,0,Daily,0,,,315,316,,,,,,Musanze,HC
Katabagemu Health Center,2025-05-15 20:46:02.800162,2026-04-28 17:08:55.130195,tuyishhimirerosine@gmail.com,ildephonse90@yahoo.com,0,0,Katabagemu Health Center,KATBHC,0372,RWF,Rwanda,0,,,,,,,,,,,,,,,Standard Template,,Standard,,{},0.0,258094.3,,,0.0,"{""1747958400.0"": 11, ""1748044800.0"": 57, ""1748131200.0"": 19, ""1748217600.0"": 1, ""1748822400.0"": 1, ""1748995200.0"": 1, ""1751414400.0"": 1, ""1753488000.0"": 1, ""1758844800.0"": 1, ""1760227200.0"": 1, ""1761523200.0"": 2, ""1761609600.0"": 68, ""1761696000.0"": 89, ""1761782400.0"": 53, ""1761868800.0"": 34, ""1761955200.0"": 25, ""1762041600.0"": 20, ""1762128000.0"": 56, ""1762214400.0"": 54, ""1762300800.0"": 45, ""1762387200.0"": 40, ""1762473600.0"": 30, ""1762560000.0"": 19, ""1762646400.0"": 15, ""1762819200.0"": 12, ""1762905600.0"": 37, ""1762992000.0"": 56, ""1763078400.0"": 2, ""1763251200.0"": 6, ""1763337600.0"": 67, ""1763424000.0"": 5, ""1763510400.0"": 57, ""1763596800.0"": 41, ""1763683200.0"": 30, ""1763769600.0"": 25, ""1763856000.0"": 28, ""1763942400.0"": 48, ""1764028800.0"": 47, ""1764115200.0"": 83, ""1764288000.0"": 12, ""1764374400.0"": 27, ""1764460800.0"": 33, ""1764547200.0"": 59, ""1764633600.0"": 51, ""1764720000.0"": 38, ""1764806400.0"": 62, ""1764892800.0"": 33, ""1764979200.0"": 39, ""1765065600.0"": 28, ""1765152000.0"": 43, ""1765238400.0"": 46, ""1765324800.0"": 50, ""1765411200.0"": 45, ""1765497600.0"": 56, ""1765584000.0"": 26, ""1765670400.0"": 27, ""1765756800.0"": 69, ""1765843200.0"": 54, ""1765929600.0"": 51, ""1766016000.0"": 68, ""1766102400.0"": 33, ""1766275200.0"": 28, ""1766361600.0"": 14, ""1766448000.0"": 58, ""1766534400.0"": 71, ""1766620800.0"": 12, ""1766707200.0"": 48, ""1766793600.0"": 1, ""1766880000.0"": 16, ""1766966400.0"": 20, ""1767052800.0"": 15, ""1767139200.0"": 2, ""1767225600.0"": 27, ""1767312000.0"": 60, ""1767398400.0"": 37, ""1767484800.0"": 28, ""1767571200.0"": 20, ""1767657600.0"": 21, ""1767744000.0"": 1, ""1767830400.0"": 1, ""1767916800.0"": 1, ""1768262400.0"": 1, ""1768435200.0"": 2, ""1768521600.0"": 2, ""1768780800.0"": 1, ""1768953600.0"": 11, ""1769040000.0"": 38, ""1769126400.0"": 45, ""1769472000.0"": 20, ""1769558400.0"": 50, ""1769644800.0"": 58, ""1769731200.0"": 26, ""1769817600.0"": 42, ""1769904000.0"": 35, ""1769990400.0"": 29, ""1770076800.0"": 33, ""1770163200.0"": 15, ""1770249600.0"": 38, ""1770336000.0"": 23, ""1770422400.0"": 13, ""1770508800.0"": 15, ""1770595200.0"": 35, ""1770681600.0"": 32, ""1770768000.0"": 49, ""1770854400.0"": 43, ""1770940800.0"": 1, ""1771113600.0"": 24, ""1771200000.0"": 8, ""1771286400.0"": 5, ""1771372800.0"": 3}",,Cash - KATBHC,Debtors - KATBHC,Round Off - KATBHC,Main - KATBHC,Write Off - KATBHC,Exchange Gain/Loss - KATBHC,,,0,Creditors - KATBHC,Cost of Goods Sold - KATBHC,Sales - KATBHC,,,,,Main - KATBHC,,1,0,Stock In Hand - KATBHC,Stock Adjustment - KATBHC,,Stock Received But Not Billed - KATBHC,,Accumulated Depreciation - KATBHC,Depreciation - KATBHC,,Gain/Loss on Asset Disposal - KATBHC,Main - KATBHC,CWIP Account - KATBHC,Asset Received But Not Billed - KATBHC,0,Daily,0,,,365,366,,,,,,Nyagatare,HC
Kayenzi Health Center,2025-11-15 10:23:29.665018,2026-04-13 13:38:01.090648,iradukundaliliose9@gmail.com,mararashema@gmail.com,0,0,Kayenzi Health Center,KYZHC,0147,RWF,Rwanda,0,,,,,,,,,,,,,,,Standard Template,,Standard,,{},0.0,880.0,,,0.0,"{""1763424000.0"": 1, ""1763510400.0"": 45, ""1763596800.0"": 31, ""1763683200.0"": 14, ""1763769600.0"": 28, ""1763856000.0"": 9, ""1763942400.0"": 43, ""1764028800.0"": 12, ""1764201600.0"": 2, ""1764288000.0"": 9, ""1764374400.0"": 16, ""1764460800.0"": 34, ""1764547200.0"": 41, ""1764720000.0"": 6, ""1764806400.0"": 4, ""1765065600.0"": 13, ""1765152000.0"": 1, ""1765411200.0"": 5, ""1766102400.0"": 11, ""1766275200.0"": 15, ""1766361600.0"": 7, ""1766534400.0"": 8, ""1766620800.0"": 15, ""1766966400.0"": 9, ""1767398400.0"": 3, ""1767657600.0"": 48, ""1767744000.0"": 6, ""1767916800.0"": 1, ""1768262400.0"": 39, ""1768348800.0"": 6, ""1768435200.0"": 1, ""1768867200.0"": 1, ""1770163200.0"": 1, ""1770336000.0"": 1}",,Cash - KYZHC,Debtors - KYZHC,Round Off - KYZHC,Main - KYZHC,Write Off - KYZHC,Exchange Gain/Loss - KYZHC,,,0,Creditors - KYZHC,Cost of Goods Sold - KYZHC,Sales - KYZHC,,,,,Main - KYZHC,,1,0,Stock In Hand - KYZHC,Stock Adjustment - KYZHC,,Stock Received But Not Billed - KYZHC,,Accumulated Depreciation - KYZHC,Depreciation - KYZHC,,Gain/Loss on Asset Disposal - KYZHC,Main - KYZHC,CWIP Account - KYZHC,Asset Received But Not Billed - KYZHC,0,Daily,0,,,537,538,,,,,,Kamonyi,HC
Kayumbu Heatlh Center,2025-11-15 09:47:10.356051,2026-02-18 17:26:53.937562,Administrator,mararashema@gmail.com,0,0,Kayumbu Heatlh Center,KYBHC,2845,RWF,Rwanda,0,,,,,,,,,,,,,,,Standard Template,,Standard,,{},0.0,326.8,,,0.0,"{""1763337600.0"": 3}",,Cash - KYBHC,Debtors - KYBHC,Round Off - KYBHC,Main - KYBHC,Write Off - KYBHC,Exchange Gain/Loss - KYBHC,,,0,Creditors - KYBHC,Cost of Goods Sold - KYBHC,Sales - KYBHC,,,,,Main - KYBHC,,1,0,Stock In Hand - KYBHC,Stock Adjustment - KYBHC,,Stock Received But Not Billed - KYBHC,,Accumulated Depreciation - KYBHC,Depreciation - KYBHC,,Gain/Loss on Asset Disposal - KYBHC,Main - KYBHC,CWIP Account - KYBHC,Asset Received But Not Billed - KYBHC,0,Daily,0,,,531,532,,,,,,Kamonyi,HC
Kazo Health Center,2025-06-07 18:19:31.695508,2026-02-18 17:26:53.954825,Administrator,mugipascal@gmail.com,0,0,Kazo Health Center,KZOHC,3271,RWF,Rwanda,0,,,,,,,,,,,,,,,Standard Template,,Standard,,{},0.0,8406.0,,,0.0,"{""1749772800.0"": 3, ""1750723200.0"": 2, ""1761782400.0"": 1, ""1762128000.0"": 4, ""1762214400.0"": 9, ""1762300800.0"": 6, ""1762473600.0"": 3, ""1762732800.0"": 7, ""1762819200.0"": 5, ""1763337600.0"": 2, ""1763510400.0"": 6}",,Cash - KZOHC,Debtors - KZOHC,Round Off - KZOHC,Main - KZOHC,Write Off - KZOHC,Exchange Gain/Loss - KZOHC,,,0,Creditors - KZOHC,Cost of Goods Sold - KZOHC,Sales - KZOHC,,,,,Main - KZOHC,,1,0,Stock In Hand - KZOHC,Stock Adjustment - KZOHC,,Stock Received But Not Billed - KZOHC,,Accumulated Depreciation - KZOHC,Depreciation - KZOHC,,Gain/Loss on Asset Disposal - KZOHC,Main - KZOHC,CWIP Account - KZOHC,Asset Received But Not Billed - KZOHC,0,Daily,0,,,393,394,,,,,,Ngoma,HC
Kibagabaga Level Two Teaching Hospital,2025-08-04 13:04:59.960844,2026-02-18 17:26:53.639164,Administrator,info@spiderbit.rw,0,0,Kibagabaga Level Two Teaching Hospital,KLTTH,0022,RWF,Rwanda,0,,,,,,,,,,,,,,,Standard Template,,Standard,,{},0.0,0.0,,,0.0,{},,Cash - KLTTH,Debtors - KLTTH,Round Off - KLTTH,Main - KLTTH,Write Off - KLTTH,Exchange Gain/Loss - KLTTH,,,0,Creditors - KLTTH,Cost of Goods Sold - KLTTH,Sales - KLTTH,,,,,Main - KLTTH,,1,0,Stock In Hand - KLTTH,Stock Adjustment - KLTTH,,Stock Received But Not Billed - KLTTH,,Accumulated Depreciation - KLTTH,Depreciation - KLTTH,,Gain/Loss on Asset Disposal - KLTTH,Main - KLTTH,CWIP Account - KLTTH,Asset Received But Not Billed - KLTTH,0,Daily,0,,,497,498,,,,,,Gasabo,DH
Kibilizi(Nyanza) Health Center,2025-11-15 13:10:07.174464,2026-04-28 15:59:56.007172,manirarebaprotais@gmail.com,mararashema@gmail.com,0,0,Kibilizi(Nyanza) Health Center,KBLHC,0041,RWF,Rwanda,0,,,,,,,,,,,,,,,Standard Template,,Standard,,{},0.0,303390.3,,,0.0,"{""1763337600.0"": 64, ""1763424000.0"": 54, ""1763510400.0"": 37, ""1763596800.0"": 66, ""1763683200.0"": 63, ""1763769600.0"": 46, ""1763856000.0"": 13, ""1763942400.0"": 55, ""1764028800.0"": 62, ""1764115200.0"": 61, ""1764201600.0"": 64, ""1764288000.0"": 65, ""1764374400.0"": 30, ""1764460800.0"": 34, ""1764547200.0"": 89, ""1764633600.0"": 72, ""1764720000.0"": 53, ""1764806400.0"": 59, ""1764892800.0"": 45, ""1764979200.0"": 21, ""1765065600.0"": 37, ""1765152000.0"": 88, ""1765238400.0"": 79, ""1765324800.0"": 77, ""1765411200.0"": 72, ""1765497600.0"": 76, ""1765584000.0"": 34, ""1765670400.0"": 7, ""1765756800.0"": 94, ""1765843200.0"": 88, ""1765929600.0"": 59, ""1766016000.0"": 44, ""1766102400.0"": 64, ""1766188800.0"": 33, ""1766275200.0"": 32, ""1766361600.0"": 89, ""1766448000.0"": 53, ""1766534400.0"": 46, ""1766620800.0"": 34, ""1766707200.0"": 61, ""1766793600.0"": 29, ""1766880000.0"": 24, ""1766966400.0"": 83, ""1767052800.0"": 78, ""1767139200.0"": 65, ""1767225600.0"": 41, ""1767312000.0"": 41, ""1767398400.0"": 41, ""1767484800.0"": 41, ""1767571200.0"": 130, ""1767657600.0"": 95, ""1767744000.0"": 94, ""1767830400.0"": 89, ""1767916800.0"": 104, ""1768003200.0"": 51, ""1768089600.0"": 46, ""1768176000.0"": 112, ""1768262400.0"": 104, ""1768348800.0"": 62, ""1768435200.0"": 101, ""1768521600.0"": 39, ""1768608000.0"": 78, ""1768694400.0"": 26, ""1768780800.0"": 145, ""1768867200.0"": 89, ""1768953600.0"": 67, ""1769040000.0"": 77, ""1769126400.0"": 95, ""1769212800.0"": 62, ""1769299200.0"": 64, ""1769385600.0"": 120, ""1769472000.0"": 78, ""1769558400.0"": 73, ""1769644800.0"": 77, ""1769731200.0"": 69, ""1769817600.0"": 37, ""1769904000.0"": 49, ""1769990400.0"": 115, ""1770076800.0"": 137, ""1770163200.0"": 86, ""1770249600.0"": 74, ""1770336000.0"": 130, ""1770422400.0"": 54, ""1770508800.0"": 44, ""1770595200.0"": 104, ""1770681600.0"": 96, ""1770768000.0"": 66, ""1770854400.0"": 98, ""1770940800.0"": 92, ""1771027200.0"": 25, ""1771113600.0"": 27, ""1771200000.0"": 84, ""1771286400.0"": 61, ""1771372800.0"": 56}",,Cash - KBLHC,Debtors - KBLHC,Round Off - KBLHC,Main - KBLHC,Write Off - KBLHC,Exchange Gain/Loss - KBLHC,,,0,Creditors - KBLHC,Cost of Goods Sold - KBLHC,Sales - KBLHC,,,,,Main - KBLHC,,1,0,Stock In Hand - KBLHC,Stock Adjustment - KBLHC,,Stock Received But Not Billed - KBLHC,,Accumulated Depreciation - KBLHC,Depreciation - KBLHC,,Gain/Loss on Asset Disposal - KBLHC,Main - KBLHC,CWIP Account - KBLHC,Asset Received But Not Billed - KBLHC,0,Daily,0,,,569,570,,,,,,Nyanza,HC
Kibingo,2025-04-03 19:46:15.644288,2026-02-18 17:26:53.268400,Administrator,info@spiderbit.rw,0,0,Kibingo,KBHC,260,RWF,Rwanda,0,,,,,,,,,,,,,,,Standard Template,,Standard,,{},0.0,0.0,,,0.0,{},,Cash - KBHC,Debtors - KBHC,Round Off - KBHC,Main - KBHC,Write Off - KBHC,Exchange Gain/Loss - KBHC,,,0,Creditors - KBHC,Cost of Goods Sold - KBHC,Sales - KBHC,,,,,Main - KBHC,,1,0,Stock In Hand - KBHC,Stock Adjustment - KBHC,,Stock Received But Not Billed - KBHC,,Accumulated Depreciation - KBHC,Depreciation - KBHC,,Gain/Loss on Asset Disposal - KBHC,Main - KBHC,CWIP Account - KBHC,Asset Received But Not Billed - KBHC,0,Daily,0,,,193,194,,,,,,Nyamasheke,HC
Kibingo HC,2025-04-03 21:07:24.266421,2026-02-18 17:26:53.277674,Administrator,florentin.ndabarasa@moh.gov.rw,0,0,Kibingo HC,KIBGHC,0260,RWF,Rwanda,0,,,,,,,,,,,,,,,Standard Template,,Standard,,{},0.0,0.0,,,0.0,{},,Cash - KIBGHC,Debtors - KIBGHC,Round Off - KIBGHC,Main - KIBGHC,Write Off - KIBGHC,Exchange Gain/Loss - KIBGHC,,,0,Creditors - KIBGHC,Cost of Goods Sold - KIBGHC,Sales - KIBGHC,,,,,Main - KIBGHC,,1,0,Stock In Hand - KIBGHC,Stock Adjustment - KIBGHC,,Stock Received But Not Billed - KIBGHC,,Accumulated Depreciation - KIBGHC,Depreciation - KIBGHC,,Gain/Loss on Asset Disposal - KIBGHC,Main - KIBGHC,CWIP Account - KIBGHC,Asset Received But Not Billed - KIBGHC,0,Daily,0,,,195,196,,,,,,Nyamasheke,HC
Kibogora Health Center,2025-04-23 21:08:03.690250,2026-02-18 17:26:54.014798,Administrator,ildephonse90@yahoo.com,0,0,Kibogora Health Center,KBGHC,0261,RWF,Rwanda,0,,,,,,,,,,,,,,,Standard Template,,Standard,,{},0.0,0.0,,,0.0,{},,Cash - KBGHC,Debtors - KBGHC,Round Off - KBGHC,Main - KBGHC,Write Off - KBGHC,Exchange Gain/Loss - KBGHC,,,0,Creditors - KBGHC,Cost of Goods Sold - KBGHC,Sales - KBGHC,,,,,Main - KBGHC,,1,0,Stock In Hand - KBGHC,Stock Adjustment - KBGHC,,Stock Received But Not Billed - KBGHC,,Accumulated Depreciation - KBGHC,Depreciation - KBGHC,,Gain/Loss on Asset Disposal - KBGHC,Main - KBGHC,CWIP Account - KBGHC,Asset Received But Not Billed - KBGHC,0,Daily,0,,,237,238,,,,,,Nyamasheke,HC
Kibondo Health Center,2025-04-27 00:10:35.878983,2026-04-28 15:57:58.970253,umuhozawasejosiane8@gmail.com,florentin.ndabarasa@moh.gov.rw,0,0,Kibondo Health Center,KIBNDHC,0393,RWF,Rwanda,0,,,,,,,,,,,,,,,Standard Template,,Standard,,{},0.0,304693.0,,,0.0,"{""1746057600.0"": 1, ""1748044800.0"": 34, ""1748131200.0"": 30, ""1754352000.0"": 92, ""1754438400.0"": 69, ""1754524800.0"": 55, ""1754611200.0"": 32, ""1754784000.0"": 91, ""1754870400.0"": 50, ""1754956800.0"": 81, ""1755043200.0"": 59, ""1755129600.0"": 60, ""1755475200.0"": 30, ""1755561600.0"": 65, ""1755648000.0"": 62, ""1755734400.0"": 56, ""1755820800.0"": 47, ""1755907200.0"": 41, ""1755993600.0"": 35, ""1756080000.0"": 33, ""1756166400.0"": 46, ""1756252800.0"": 19, ""1756339200.0"": 28, ""1756425600.0"": 40, ""1756684800.0"": 24, ""1756771200.0"": 19, ""1756857600.0"": 18, ""1756944000.0"": 13, ""1757030400.0"": 9, ""1757116800.0"": 8, ""1757289600.0"": 10, ""1757462400.0"": 7, ""1757548800.0"": 12, ""1757635200.0"": 21, ""1757721600.0"": 1, ""1757894400.0"": 27, ""1757980800.0"": 35, ""1758067200.0"": 26, ""1758153600.0"": 31, ""1758240000.0"": 1, ""1758326400.0"": 2, ""1758412800.0"": 36, ""1758499200.0"": 56, ""1758585600.0"": 61, ""1758672000.0"": 32, ""1758758400.0"": 34, ""1758844800.0"": 39, ""1758931200.0"": 35, ""1759017600.0"": 30, ""1759104000.0"": 64, ""1759190400.0"": 35, ""1759276800.0"": 16, ""1759363200.0"": 33, ""1759449600.0"": 3, ""1759536000.0"": 16, ""1759622400.0"": 12, ""1759708800.0"": 1, ""1759795200.0"": 10, ""1759881600.0"": 3, ""1760400000.0"": 12, ""1760659200.0"": 1, ""1760918400.0"": 8, ""1761004800.0"": 2, ""1761091200.0"": 3, ""1761177600.0"": 24, ""1761264000.0"": 19, ""1761350400.0"": 31, ""1761436800.0"": 38, ""1761523200.0"": 33, ""1761609600.0"": 13, ""1761782400.0"": 17, ""1762560000.0"": 16, ""1762646400.0"": 19, ""1762732800.0"": 3, ""1762819200.0"": 11, ""1764720000.0"": 8, ""1764979200.0"": 22, ""1765065600.0"": 28, ""1765324800.0"": 4, ""1765756800.0"": 4, ""1765843200.0"": 4, ""1765929600.0"": 13, ""1766102400.0"": 14, ""1766188800.0"": 44, ""1766275200.0"": 18, ""1766361600.0"": 8, ""1766534400.0"": 47, ""1766966400.0"": 1, ""1767225600.0"": 46, ""1767312000.0"": 58, ""1767398400.0"": 49, ""1767484800.0"": 43, ""1767744000.0"": 4, ""1767830400.0"": 15, ""1767916800.0"": 119, ""1768003200.0"": 59, ""1768089600.0"": 54, ""1768176000.0"": 54, ""1768262400.0"": 106, ""1768348800.0"": 68, ""1768435200.0"": 79, ""1768521600.0"": 85, ""1768608000.0"": 84, ""1768694400.0"": 56, ""1768780800.0"": 97, ""1768867200.0"": 101, ""1768953600.0"": 81, ""1769040000.0"": 84, ""1769126400.0"": 82, ""1769212800.0"": 65, ""1769299200.0"": 65, ""1769385600.0"": 107, ""1769472000.0"": 67, ""1769558400.0"": 86, ""1769644800.0"": 85, ""1769731200.0"": 78, ""1769817600.0"": 60, ""1769904000.0"": 56, ""1769990400.0"": 51, ""1770076800.0"": 95, ""1770163200.0"": 80, ""1770249600.0"": 82, ""1770336000.0"": 125, ""1770422400.0"": 41, ""1770508800.0"": 35, ""1770595200.0"": 68, ""1770681600.0"": 61, ""1770768000.0"": 65, ""1770854400.0"": 52, ""1770940800.0"": 69, ""1771027200.0"": 48, ""1771113600.0"": 32, ""1771200000.0"": 64, ""1771286400.0"": 92, ""1771372800.0"": 68}",,Cash - KIBNDHC,Debtors - KIBNDHC,Round Off - KIBNDHC,Main - KIBNDHC,Write Off - KIBNDHC,Exchange Gain/Loss - KIBNDHC,,,0,Creditors - KIBNDHC,Cost of Goods Sold - KIBNDHC,Sales - KIBNDHC,,,,,Main - KIBNDHC,,1,0,Stock In Hand - KIBNDHC,Stock Adjustment - KIBNDHC,,Stock Received But Not Billed - KIBNDHC,,Accumulated Depreciation - KIBNDHC,Depreciation - KIBNDHC,,Gain/Loss on Asset Disposal - KIBNDHC,Main - KIBNDHC,CWIP Account - KIBNDHC,Asset Received But Not Billed - KIBNDHC,0,Daily,0,,,291,292,,,,,,Gatsibo,HC
Kibungo Health Center,2025-05-14 20:36:31.960939,2026-02-18 17:26:53.435767,Administrator,florentin.ndabarasa@moh.gov.rw,0,0,Kibungo Health Center,KBNGOHC,0435,RWF,Rwanda,0,,,,,,,,,,,,,,,Standard Template,,Standard,,{},0.0,0.0,,,0.0,{},,Cash - KBNGOHC,Debtors - KBNGOHC,Round Off - KBNGOHC,Main - KBNGOHC,Write Off - KBNGOHC,Exchange Gain/Loss - KBNGOHC,,,0,Creditors - KBNGOHC,Cost of Goods Sold - KBNGOHC,Sales - KBNGOHC,,,,,Main - KBNGOHC,,1,0,Stock In Hand - KBNGOHC,Stock Adjustment - KBNGOHC,,Stock Received But Not Billed - KBNGOHC,,Accumulated Depreciation - KBNGOHC,Depreciation - KBNGOHC,,Gain/Loss on Asset Disposal - KBNGOHC,Main - KBNGOHC,CWIP Account - KBNGOHC,Asset Received But Not Billed - KBNGOHC,0,Daily,0,,,327,328,,,,,,Ngoma,HC
Kicukiro Health Center,2024-05-09 00:27:44.747181,2026-04-28 16:55:14.081184,neponiyo@gmail.com,Administrator,0,256,Kicukiro Health Center,KHC,0035,RWF,Rwanda,0,,,,,,,,,,,,,,,Standard Template,,Standard,,{},0.0,1930592.532,,,0.0,"{""1739923200.0"": 3, ""1740009600.0"": 31, ""1740096000.0"": 17, ""1740182400.0"": 28, ""1740268800.0"": 19, ""1740355200.0"": 33, ""1740441600.0"": 46, ""1740528000.0"": 36, ""1740614400.0"": 8, ""1740700800.0"": 42, ""1740787200.0"": 45, ""1740873600.0"": 4, ""1740960000.0"": 54, ""1741046400.0"": 42, ""1741132800.0"": 20, ""1741219200.0"": 3, ""1741305600.0"": 32, ""1741478400.0"": 2, ""1741564800.0"": 59, ""1741651200.0"": 38, ""1741737600.0"": 12, ""1741824000.0"": 25, ""1741910400.0"": 58, ""1741996800.0"": 45, ""1742083200.0"": 36, ""1742169600.0"": 32, ""1742256000.0"": 29, ""1742342400.0"": 43, ""1742428800.0"": 25, ""1742515200.0"": 32, ""1742601600.0"": 4, ""1742688000.0"": 1, ""1742774400.0"": 24, ""1742860800.0"": 7, ""1742947200.0"": 18, ""1743033600.0"": 6, ""1743120000.0"": 3, ""1743206400.0"": 26, ""1743292800.0"": 12, ""1743379200.0"": 1, ""1743465600.0"": 40, ""1743552000.0"": 9, ""1743638400.0"": 20, ""1743724800.0"": 2, ""1743811200.0"": 8, ""1743897600.0"": 4, ""1743984000.0"": 3, ""1744070400.0"": 11, ""1744156800.0"": 9, ""1744243200.0"": 20, ""1744329600.0"": 2, ""1744502400.0"": 5, ""1744588800.0"": 14, ""1744675200.0"": 8, ""1744761600.0"": 5, ""1744848000.0"": 4, ""1744934400.0"": 4, ""1745020800.0"": 2, ""1745107200.0"": 5, ""1745193600.0"": 6, ""1745280000.0"": 9, ""1745366400.0"": 5, ""1745452800.0"": 5, ""1745539200.0"": 5, ""1745712000.0"": 3, ""1745798400.0"": 5, ""1745884800.0"": 4, ""1745971200.0"": 10, ""1746057600.0"": 7, ""1746144000.0"": 4, ""1746230400.0"": 5, ""1746316800.0"": 3, ""1746403200.0"": 10, ""1746489600.0"": 5, ""1746576000.0"": 43, ""1746662400.0"": 42, ""1746748800.0"": 14, ""1746835200.0"": 3, ""1746921600.0"": 4, ""1747008000.0"": 5, ""1747094400.0"": 4, ""1747180800.0"": 6, ""1747267200.0"": 5, ""1747353600.0"": 6, ""1747526400.0"": 7, ""1747612800.0"": 6, ""1747699200.0"": 6, ""1747785600.0"": 5, ""1747872000.0"": 4, ""1747958400.0"": 16, ""1748044800.0"": 76, ""1748131200.0"": 38, ""1748217600.0"": 3, ""1748304000.0"": 4, ""1748390400.0"": 6, ""1748476800.0"": 6, ""1748563200.0"": 7, ""1748649600.0"": 6, ""1748736000.0"": 5, ""1748822400.0"": 4, ""1748908800.0"": 13, ""1748995200.0"": 3, ""1749081600.0"": 5, ""1749168000.0"": 10, ""1749254400.0"": 3, ""1749340800.0"": 2, ""1749427200.0"": 3, ""1749513600.0"": 9, ""1749600000.0"": 20, ""1749686400.0"": 8, ""1749772800.0"": 4, ""1749859200.0"": 2, ""1749945600.0"": 4, ""1750032000.0"": 8, ""1750118400.0"": 5, ""1750204800.0"": 4, ""1750291200.0"": 3, ""1750377600.0"": 3, ""1750464000.0"": 13, ""1750550400.0"": 10, ""1750636800.0"": 6, ""1750723200.0"": 2, ""1750809600.0"": 7, ""1750896000.0"": 4, ""1750982400.0"": 2, ""1751068800.0"": 6, ""1751155200.0"": 1, ""1751241600.0"": 3, ""1751328000.0"": 3, ""1751414400.0"": 5, ""1751500800.0"": 4, ""1751587200.0"": 9, ""1751673600.0"": 6, ""1751760000.0"": 4, ""1751846400.0"": 19, ""1751932800.0"": 8, ""1752019200.0"": 8, ""1752105600.0"": 7, ""1752192000.0"": 9, ""1752278400.0"": 2, ""1752364800.0"": 5, ""1752451200.0"": 8, ""1752537600.0"": 5, ""1752624000.0"": 54, ""1752710400.0"": 162, ""1752796800.0"": 163, ""1752883200.0"": 82, ""1752969600.0"": 73, ""1753056000.0"": 161, ""1753142400.0"": 172, ""1753228800.0"": 130, ""1753315200.0"": 165, ""1753401600.0"": 147, ""1753488000.0"": 83, ""1753574400.0"": 67, ""1753660800.0"": 175, ""1753747200.0"": 125, ""1753833600.0"": 144, ""1753920000.0"": 117, ""1754006400.0"": 103, ""1754092800.0"": 83, ""1754179200.0"": 60, ""1754265600.0"": 164, ""1754352000.0"": 118, ""1754438400.0"": 112, ""1754524800.0"": 116, ""1754611200.0"": 55, ""1754697600.0"": 25, ""1754784000.0"": 49, ""1754870400.0"": 31, ""1754956800.0"": 1, ""1755043200.0"": 8, ""1755129600.0"": 9, ""1755216000.0"": 7, ""1755302400.0"": 3, ""1755388800.0"": 3, ""1755475200.0"": 2, ""1755561600.0"": 43, ""1755648000.0"": 58, ""1755734400.0"": 43, ""1755820800.0"": 40, ""1755907200.0"": 58, ""1755993600.0"": 27, ""1756080000.0"": 70, ""1756166400.0"": 78, ""1756252800.0"": 102, ""1756339200.0"": 139, ""1756425600.0"": 117, ""1756512000.0"": 81, ""1756598400.0"": 78, ""1756684800.0"": 179, ""1756771200.0"": 140, ""1756857600.0"": 142, ""1756944000.0"": 131, ""1757030400.0"": 129, ""1757116800.0"": 62, ""1757203200.0"": 55, ""1757289600.0"": 86, ""1757376000.0"": 2, ""1757462400.0"": 9, ""1757548800.0"": 10, ""1757635200.0"": 5, ""1757721600.0"": 1, ""1757808000.0"": 2, ""1757894400.0"": 4, ""1757980800.0"": 34, ""1758067200.0"": 73, ""1758153600.0"": 71, ""1758240000.0"": 163, ""1758326400.0"": 87, ""1758412800.0"": 66, ""1758499200.0"": 157, ""1758585600.0"": 140, ""1758672000.0"": 99, ""1758758400.0"": 73, ""1758844800.0"": 165, ""1758931200.0"": 74, ""1759017600.0"": 93, ""1759104000.0"": 171, ""1759190400.0"": 151, ""1759276800.0"": 177, ""1759363200.0"": 127, ""1759449600.0"": 170, ""1759536000.0"": 71, ""1759622400.0"": 35, ""1759708800.0"": 146, ""1759795200.0"": 65, ""1759881600.0"": 76, ""1759968000.0"": 169, ""1760054400.0"": 131, ""1760140800.0"": 83, ""1760227200.0"": 71, ""1760313600.0"": 155, ""1760400000.0"": 171, ""1760486400.0"": 156, ""1760572800.0"": 188, ""1760659200.0"": 200, ""1760745600.0"": 69, ""1760832000.0"": 62, ""1760918400.0"": 170, ""1761004800.0"": 172, ""1761091200.0"": 162, ""1761177600.0"": 173, ""1761264000.0"": 175, ""1761350400.0"": 111, ""1761436800.0"": 99, ""1761523200.0"": 171, ""1761609600.0"": 175, ""1761696000.0"": 155, ""1761782400.0"": 162, ""1761868800.0"": 145, ""1761955200.0"": 78, ""1762041600.0"": 74, ""1762128000.0"": 157, ""1762214400.0"": 143, ""1762300800.0"": 166, ""1762387200.0"": 184, ""1762473600.0"": 126, ""1762560000.0"": 112, ""1762646400.0"": 97, ""1762732800.0"": 214, ""1762819200.0"": 192, ""1762905600.0"": 181, ""1762992000.0"": 194, ""1763078400.0"": 204, ""1763164800.0"": 116, ""1763251200.0"": 103, ""1763337600.0"": 212, ""1763424000.0"": 205, ""1763510400.0"": 169, ""1763596800.0"": 172, ""1763683200.0"": 146, ""1763769600.0"": 105, ""1763856000.0"": 86, ""1763942400.0"": 174, ""1764028800.0"": 151, ""1764115200.0"": 182, ""1764201600.0"": 194, ""1764288000.0"": 152, ""1764374400.0"": 123, ""1764460800.0"": 120, ""1764547200.0"": 209, ""1764633600.0"": 181, ""1764720000.0"": 194, ""1764806400.0"": 221, ""1764892800.0"": 182, ""1764979200.0"": 94, ""1765065600.0"": 86, ""1765152000.0"": 159, ""1765238400.0"": 171, ""1765324800.0"": 175, ""1765411200.0"": 157, ""1765497600.0"": 197, ""1765584000.0"": 95, ""1765670400.0"": 96, ""1765756800.0"": 201, ""1765843200.0"": 182, ""1765929600.0"": 133, ""1766016000.0"": 108, ""1766102400.0"": 158, ""1766188800.0"": 45, ""1766275200.0"": 66, ""1766361600.0"": 83, ""1766448000.0"": 160, ""1766534400.0"": 114, ""1766620800.0"": 75, ""1766707200.0"": 97, ""1766793600.0"": 96, ""1766880000.0"": 75, ""1766966400.0"": 131, ""1767052800.0"": 108, ""1767139200.0"": 100, ""1767225600.0"": 68, ""1767312000.0"": 92, ""1767398400.0"": 70, ""1767484800.0"": 67, ""1767571200.0"": 122, ""1767657600.0"": 102, ""1767744000.0"": 27, ""1767830400.0"": 18, ""1767916800.0"": 14, ""1768003200.0"": 9, ""1768089600.0"": 68, ""1768176000.0"": 84, ""1768262400.0"": 101, ""1768348800.0"": 130, ""1768435200.0"": 146, ""1768521600.0"": 47, ""1768608000.0"": 84, ""1768694400.0"": 59, ""1768780800.0"": 174, ""1768867200.0"": 148, ""1768953600.0"": 111, ""1769040000.0"": 137, ""1769126400.0"": 127, ""1769212800.0"": 81, ""1769299200.0"": 47, ""1769385600.0"": 186, ""1769472000.0"": 123, ""1769558400.0"": 135, ""1769644800.0"": 145, ""1769731200.0"": 105, ""1769817600.0"": 55, ""1769904000.0"": 60, ""1769990400.0"": 155, ""1770076800.0"": 162, ""1770163200.0"": 160, ""1770249600.0"": 167, ""1770336000.0"": 158, ""1770422400.0"": 76, ""1770508800.0"": 50, ""1770595200.0"": 154, ""1770681600.0"": 152, ""1770768000.0"": 118, ""1770854400.0"": 149, ""1770940800.0"": 85, ""1771027200.0"": 77, ""1771113600.0"": 51, ""1771200000.0"": 113, ""1771286400.0"": 106, ""1771372800.0"": 92}",,Cash - KHC,Debtors - KHC,Round Off - KHC,Main - KHC,Write Off - KHC,Exchange Gain/Loss - KHC,,,0,Creditors - KHC,Cost of Goods Sold - KHC,Sales - KHC,,,,,Main - KHC,,1,0,Stock In Hand - KHC,Stock Adjustment - KHC,,Stock Received But Not Billed - KHC,,Accumulated Depreciation - KHC,Depreciation - KHC,,Gain/Loss on Asset Disposal - KHC,Main - KHC,CWIP Account - KHC,Asset Received But Not Billed - KHC,0,Daily,0,,,3,4,,,,,,Kicukiro,HC
Kigarama Health Center (Kirehe),2025-07-23 17:40:24.863646,2026-04-28 15:33:17.767228,irafashaful263@gmail.com,mugipascal@gmail.com,0,0,Kigarama Health Center (Kirehe),KHC(,1460,RWF,Rwanda,0,,,,,,,,,,,,,,,Standard Template,,Standard,,{},0.0,97020.0,,,0.0,"{""1755820800.0"": 1, ""1759795200.0"": 1, ""1761782400.0"": 4, ""1761868800.0"": 21, ""1762128000.0"": 3, ""1762214400.0"": 10, ""1762560000.0"": 3, ""1765324800.0"": 4, ""1765411200.0"": 49, ""1765497600.0"": 46, ""1765584000.0"": 34, ""1765670400.0"": 35, ""1765756800.0"": 86, ""1765843200.0"": 42, ""1765929600.0"": 27, ""1766016000.0"": 61, ""1766102400.0"": 54, ""1766361600.0"": 61, ""1766448000.0"": 51, ""1766534400.0"": 74, ""1766707200.0"": 41, ""1766793600.0"": 31, ""1766880000.0"": 30, ""1766966400.0"": 76, ""1767139200.0"": 81, ""1767225600.0"": 40, ""1767312000.0"": 18, ""1767398400.0"": 20, ""1767484800.0"": 38, ""1767571200.0"": 59, ""1767657600.0"": 82, ""1767744000.0"": 14, ""1767830400.0"": 12, ""1767916800.0"": 11, ""1768003200.0"": 12, ""1768089600.0"": 45, ""1768176000.0"": 9, ""1768348800.0"": 10, ""1768435200.0"": 1, ""1768608000.0"": 2, ""1768694400.0"": 3, ""1768780800.0"": 4, ""1768867200.0"": 3, ""1768953600.0"": 3, ""1769040000.0"": 2, ""1769126400.0"": 21, ""1769212800.0"": 32, ""1769299200.0"": 48, ""1769385600.0"": 3, ""1769472000.0"": 46, ""1769558400.0"": 78, ""1769644800.0"": 57, ""1769731200.0"": 61, ""1769817600.0"": 37, ""1769904000.0"": 39, ""1769990400.0"": 18, ""1770076800.0"": 24, ""1770163200.0"": 48, ""1770249600.0"": 39, ""1770336000.0"": 51, ""1770422400.0"": 31, ""1770508800.0"": 2, ""1770595200.0"": 83, ""1770681600.0"": 7, ""1770768000.0"": 51, ""1770854400.0"": 49, ""1770940800.0"": 30, ""1771027200.0"": 32, ""1771113600.0"": 25, ""1771200000.0"": 54, ""1771286400.0"": 30, ""1771372800.0"": 47}",,Cash - KHC(,Debtors - KHC(,Round Off - KHC(,Main - KHC(,Write Off - KHC(,Exchange Gain/Loss - KHC(,,,0,Creditors - KHC(,Cost of Goods Sold - KHC(,Sales - KHC(,,,,,Main - KHC(,,1,0,Stock In Hand - KHC(,Stock Adjustment - KHC(,,Stock Received But Not Billed - KHC(,,Accumulated Depreciation - KHC(,Depreciation - KHC(,,Gain/Loss on Asset Disposal - KHC(,Main - KHC(,CWIP Account - KHC(,Asset Received But Not Billed - KHC(,0,Daily,0,,,415,416,,,,,,Kirehe,HC
Kigese Health Center,2025-11-15 11:36:11.946496,2026-03-31 08:21:51.839048,isingizwesolange3@gmail.com,mararashema@gmail.com,0,0,Kigese Health Center,KISHC,0148,RWF,Rwanda,0,,,,,,,,,,,,,,,Standard Template,,Standard,,{},0.0,1640.0,,,0.0,"{""1763856000.0"": 1, ""1764028800.0"": 6, ""1764115200.0"": 40, ""1764201600.0"": 36, ""1764288000.0"": 8, ""1764374400.0"": 1, ""1764633600.0"": 11, ""1764720000.0"": 2, ""1764806400.0"": 2, ""1765756800.0"": 8, ""1765929600.0"": 26, ""1766016000.0"": 10, ""1766102400.0"": 1, ""1766448000.0"": 2, ""1768867200.0"": 1}",,Cash - KISHC,Debtors - KISHC,Round Off - KISHC,Main - KISHC,Write Off - KISHC,Exchange Gain/Loss - KISHC,,,0,Creditors - KISHC,Cost of Goods Sold - KISHC,Sales - KISHC,,,,,Main - KISHC,,1,0,Stock In Hand - KISHC,Stock Adjustment - KISHC,,Stock Received But Not Billed - KISHC,,Accumulated Depreciation - KISHC,Depreciation - KISHC,,Gain/Loss on Asset Disposal - KISHC,Main - KISHC,CWIP Account - KISHC,Asset Received But Not Billed - KISHC,0,Daily,0,,,553,554,,,,,,Kamonyi,HC
Kigina Health Center,2025-07-23 19:21:16.529416,2026-04-10 11:25:37.631279,francoisruzibiza@gmail.com,mugipascal@gmail.com,0,0,Kigina Health Center,KGNHC,2555,RWF,Rwanda,0,,,,,,,,,,,,,,,Standard Template,,Standard,,{},0.0,2440.76,,,0.0,"{""1754179200.0"": 3, ""1754352000.0"": 9, ""1754438400.0"": 9, ""1754524800.0"": 11, ""1754611200.0"": 5, ""1754697600.0"": 11, ""1754784000.0"": 28, ""1754870400.0"": 1, ""1754956800.0"": 55, ""1755043200.0"": 29, ""1755129600.0"": 30, ""1755302400.0"": 23, ""1755388800.0"": 3, ""1755475200.0"": 55, ""1755561600.0"": 9, ""1755648000.0"": 58, ""1755734400.0"": 55, ""1755820800.0"": 54, ""1755907200.0"": 37, ""1755993600.0"": 26, ""1756080000.0"": 13, ""1756166400.0"": 36, ""1756252800.0"": 49, ""1756425600.0"": 11, ""1756512000.0"": 28, ""1756684800.0"": 1, ""1756771200.0"": 3, ""1756857600.0"": 5, ""1757376000.0"": 50, ""1757462400.0"": 49, ""1757548800.0"": 27, ""1757635200.0"": 38, ""1757721600.0"": 19, ""1757808000.0"": 17, ""1757894400.0"": 38, ""1757980800.0"": 12, ""1758067200.0"": 2, ""1758240000.0"": 5, ""1758326400.0"": 1, ""1758499200.0"": 1, ""1758758400.0"": 1, ""1758931200.0"": 4, ""1759017600.0"": 8, ""1761868800.0"": 1, ""1767916800.0"": 37, ""1768003200.0"": 20, ""1768089600.0"": 38, ""1768262400.0"": 2, ""1768348800.0"": 2}",,Cash - KGNHC,Debtors - KGNHC,Round Off - KGNHC,Main - KGNHC,Write Off - KGNHC,Exchange Gain/Loss - KGNHC,,,0,Creditors - KGNHC,Cost of Goods Sold - KGNHC,Sales - KGNHC,,,,,Main - KGNHC,,1,0,Stock In Hand - KGNHC,Stock Adjustment - KGNHC,,Stock Received But Not Billed - KGNHC,,Accumulated Depreciation - KGNHC,Depreciation - KGNHC,,Gain/Loss on Asset Disposal - KGNHC,Main - KGNHC,CWIP Account - KGNHC,Asset Received But Not Billed - KGNHC,0,Daily,0,,,421,422,,,,,,Kirehe,HC
Kigogo Health Center,2025-07-24 00:43:18.918418,2026-04-28 12:27:43.383355,nyirategibanzemadeleine@gmail.com,ildephonse90@yahoo.com,0,0,Kigogo Health Center,KIGHC,0339,RWF,Rwanda,0,,,,,,,,,,,,,,,Standard Template,,Standard,,{},0.0,87228.0,,,0.0,"{""1754265600.0"": 1, ""1754352000.0"": 1, ""1754784000.0"": 1, ""1754956800.0"": 1, ""1758585600.0"": 2}",,Cash - KIGHC,Debtors - KIGHC,Round Off - KIGHC,Main - KIGHC,Write Off - KIGHC,Exchange Gain/Loss - KIGHC,,,0,Creditors - KIGHC,Cost of Goods Sold - KIGHC,Sales - KIGHC,,,,,Main - KIGHC,,1,0,Stock In Hand - KIGHC,Stock Adjustment - KIGHC,,Stock Received But Not Billed - KIGHC,,Accumulated Depreciation - KIGHC,Depreciation - KIGHC,,Gain/Loss on Asset Disposal - KIGHC,Main - KIGHC,CWIP Account - KIGHC,Asset Received But Not Billed - KIGHC,0,Daily,0,,,477,478,,,,,,Gicumbi,HC
Kigufi Health Center,2025-05-14 21:39:21.939866,2026-02-18 17:26:53.457163,Administrator,florentin.ndabarasa@moh.gov.rw,0,0,Kigufi Health Center,KGFIHC,0201,RWF,Rwanda,0,,,,,,,,,,,,,,,Standard Template,,Standard,,{},0.0,0.0,,,0.0,{},,Cash - KGFIHC,Debtors - KGFIHC,Round Off - KGFIHC,Main - KGFIHC,Write Off - KGFIHC,Exchange Gain/Loss - KGFIHC,,,0,Creditors - KGFIHC,Cost of Goods Sold - KGFIHC,Sales - KGFIHC,,,,,Main - KGFIHC,,1,0,Stock In Hand - KGFIHC,Stock Adjustment - KGFIHC,,Stock Received But Not Billed - KGFIHC,,Accumulated Depreciation - KGFIHC,Depreciation - KGFIHC,,Gain/Loss on Asset Disposal - KGFIHC,Main - KGFIHC,CWIP Account - KGFIHC,Asset Received But Not Billed - KGFIHC,0,Daily,0,,,339,340,,,,,,Rubavu,HC
Kimonyi Health Center,2025-09-15 21:15:47.760721,2026-04-28 12:35:56.521286,mugijpierre@gmail.com,ildephonse90@yahoo.com,0,0,Kimonyi Health Center,KMNYHC,0622,RWF,Rwanda,0,,,,,,,,,,,,,,,Standard Template,,Standard,,{},0.0,1987071.345,,,0.0,"{""1761609600.0"": 4, ""1761696000.0"": 5, ""1761782400.0"": 3, ""1761868800.0"": 1, ""1762300800.0"": 2, ""1762387200.0"": 1, ""1762732800.0"": 2, ""1762819200.0"": 4, ""1763078400.0"": 2, ""1763164800.0"": 3, ""1763251200.0"": 4, ""1763337600.0"": 1, ""1763510400.0"": 3, ""1763683200.0"": 7, ""1763942400.0"": 1, ""1764115200.0"": 2, ""1764201600.0"": 8, ""1764547200.0"": 3, ""1764633600.0"": 1, ""1764720000.0"": 14, ""1764806400.0"": 5, ""1764892800.0"": 3, ""1764979200.0"": 4, ""1765065600.0"": 8, ""1765152000.0"": 1, ""1765238400.0"": 7, ""1765324800.0"": 2, ""1765497600.0"": 9, ""1765584000.0"": 3, ""1765670400.0"": 1, ""1765843200.0"": 1, ""1765929600.0"": 3, ""1766016000.0"": 1, ""1766102400.0"": 3, ""1766361600.0"": 3, ""1766448000.0"": 4, ""1766966400.0"": 2, ""1767052800.0"": 4, ""1767139200.0"": 1, ""1767398400.0"": 1, ""1767484800.0"": 2, ""1767657600.0"": 6, ""1767744000.0"": 3, ""1767916800.0"": 2, ""1768089600.0"": 1, ""1768262400.0"": 1, ""1768780800.0"": 4, ""1768867200.0"": 3, ""1768953600.0"": 1, ""1769212800.0"": 4, ""1769299200.0"": 1, ""1770681600.0"": 1, ""1770940800.0"": 1, ""1771286400.0"": 1}",,Cash - KMNYHC,Debtors - KMNYHC,Round Off - KMNYHC,Main - KMNYHC,Write Off - KMNYHC,Exchange Gain/Loss - KMNYHC,,,0,Creditors - KMNYHC,Cost of Goods Sold - KMNYHC,Sales - KMNYHC,,,,,Main - KMNYHC,,1,0,Stock In Hand - KMNYHC,Stock Adjustment - KMNYHC,,Stock Received But Not Billed - KMNYHC,,Accumulated Depreciation - KMNYHC,Depreciation - KMNYHC,,Gain/Loss on Asset Disposal - KMNYHC,Main - KMNYHC,CWIP Account - KMNYHC,Asset Received But Not Billed - KMNYHC,0,Daily,0,,,509,510,,,,,,Musanze,HC
kinazi provincial hospital,2025-10-29 14:43:59.474457,2026-02-18 17:26:53.744224,Administrator,mugipascal@gmail.com,0,0,kinazi provincial hospital,kph,,RWF,Rwanda,0,,,,,,,,,,,,,,,Standard Template,,Standard,,{},0.0,0.0,,,0.0,{},,Cash - kph,Debtors - kph,Round Off - kph,Main - kph,Write Off - kph,Exchange Gain/Loss - kph,,,0,Creditors - kph,Cost of Goods Sold - kph,Sales - kph,,,,,Main - kph,,1,0,Stock In Hand - kph,Stock Adjustment - kph,,Stock Received But Not Billed - kph,,Accumulated Depreciation - kph,Depreciation - kph,,Gain/Loss on Asset Disposal - kph,Main - kph,CWIP Account - kph,Asset Received But Not Billed - kph,0,Daily,0,,,523,524,,,,,,Ruhango,HP
Kinigi Health Center,2025-05-03 22:21:15.340164,2026-04-28 14:23:13.838533,justinndiyunze@gmail.com,florentin.ndabarasa@moh.gov.rw,0,0,Kinigi Health Center,KINGHC,0313,RWF,Rwanda,0,,,,,,,,,,,,,,,Standard Template,,Standard,,{},0.0,162450.0,,,0.0,"{""1761609600.0"": 2, ""1761868800.0"": 7, ""1762128000.0"": 3, ""1762214400.0"": 17, ""1762300800.0"": 45, ""1762387200.0"": 9, ""1762473600.0"": 3, ""1762732800.0"": 6, ""1762819200.0"": 2, ""1762905600.0"": 1, ""1762992000.0"": 49, ""1763164800.0"": 18, ""1763251200.0"": 35, ""1763424000.0"": 15, ""1763510400.0"": 14, ""1763596800.0"": 27, ""1763769600.0"": 20, ""1763856000.0"": 36, ""1763942400.0"": 36, ""1764028800.0"": 61, ""1764115200.0"": 47, ""1764201600.0"": 66, ""1764288000.0"": 1, ""1764374400.0"": 45, ""1764460800.0"": 41, ""1764547200.0"": 19, ""1764633600.0"": 14, ""1764720000.0"": 98, ""1764806400.0"": 19, ""1764892800.0"": 55, ""1764979200.0"": 26, ""1765065600.0"": 38, ""1765152000.0"": 50, ""1765238400.0"": 37, ""1765324800.0"": 50, ""1765411200.0"": 49, ""1765497600.0"": 59, ""1765584000.0"": 35, ""1765670400.0"": 41, ""1765756800.0"": 77, ""1765843200.0"": 62, ""1765929600.0"": 11, ""1766016000.0"": 79, ""1766102400.0"": 55, ""1766188800.0"": 5, ""1766275200.0"": 52, ""1766361600.0"": 32, ""1766448000.0"": 44, ""1766534400.0"": 69, ""1766620800.0"": 40, ""1766707200.0"": 51, ""1766793600.0"": 56, ""1766880000.0"": 25, ""1766966400.0"": 73, ""1767052800.0"": 48, ""1767139200.0"": 49, ""1767225600.0"": 29, ""1767312000.0"": 55, ""1767398400.0"": 13, ""1767484800.0"": 43, ""1767571200.0"": 73, ""1767657600.0"": 79, ""1767744000.0"": 44, ""1767830400.0"": 59, ""1767916800.0"": 78, ""1768003200.0"": 41, ""1768089600.0"": 39, ""1768176000.0"": 80, ""1768262400.0"": 56, ""1768348800.0"": 26, ""1768435200.0"": 74, ""1768521600.0"": 37, ""1768608000.0"": 44, ""1768694400.0"": 41, ""1768780800.0"": 82, ""1768867200.0"": 77, ""1768953600.0"": 35, ""1769040000.0"": 17, ""1769126400.0"": 30, ""1769212800.0"": 39, ""1769299200.0"": 35, ""1769385600.0"": 103, ""1769472000.0"": 68, ""1769558400.0"": 80, ""1769644800.0"": 52, ""1769731200.0"": 41, ""1769817600.0"": 27, ""1769904000.0"": 41, ""1769990400.0"": 75, ""1770076800.0"": 83, ""1770249600.0"": 80, ""1770336000.0"": 59, ""1770422400.0"": 42, ""1770508800.0"": 35, ""1770595200.0"": 63, ""1770681600.0"": 55, ""1770768000.0"": 42, ""1770854400.0"": 77, ""1770940800.0"": 46, ""1771027200.0"": 37, ""1771113600.0"": 37, ""1771200000.0"": 49, ""1771286400.0"": 52, ""1771372800.0"": 59}",,Cash - KINGHC,Debtors - KINGHC,Round Off - KINGHC,Main - KINGHC,Write Off - KINGHC,Exchange Gain/Loss - KINGHC,,,0,Creditors - KINGHC,Cost of Goods Sold - KINGHC,Sales - KINGHC,,,,,Main - KINGHC,,1,0,Stock In Hand - KINGHC,Stock Adjustment - KINGHC,,Stock Received But Not Billed - KINGHC,,Accumulated Depreciation - KINGHC,Depreciation - KINGHC,,Gain/Loss on Asset Disposal - KINGHC,Main - KINGHC,CWIP Account - KINGHC,Asset Received But Not Billed - KINGHC,0,Daily,0,,,313,314,,,,,,Musanze,HC
Kinihira (Rutsiro) Health Center,2024-11-04 10:31:08.455058,2026-02-18 17:26:53.219140,Administrator,rukundojoe30@gmail.com,0,0,Kinihira (Rutsiro) Health Center,KINRHC,0185,RWF,Rwanda,0,,,,,,,,,,,,,,,Standard Template,,Standard,,{},0.0,200.0,,,0.0,{},,Cash - KINRHC,Debtors - KINRHC,Round Off - KINRHC,Main - KINRHC,Write Off - KINRHC,Exchange Gain/Loss - KINRHC,,,0,Creditors - KINRHC,Cost of Goods Sold - KINRHC,Sales - KINRHC,,,,,Main - KINRHC,,1,0,Stock In Hand - KINRHC,Stock Adjustment - KINRHC,,Stock Received But Not Billed - KINRHC,,Accumulated Depreciation - KINRHC,Depreciation - KINRHC,,Gain/Loss on Asset Disposal - KINRHC,Main - KINRHC,CWIP Account - KINRHC,Asset Received But Not Billed - KINRHC,0,Daily,0,,,101,102,,,,,,Rutsiro,HC
Kinihira Health Center,2024-09-30 15:16:02.727759,2026-04-28 17:03:49.884368,dntibayoberana@gmail.com,rukundojoe30@gmail.com,0,7,Kinihira Health Center,KINHC,0273,RWF,Rwanda,0,,,,,,,,,,,,,,,Standard Template,,Standard,,{},0.0,63762.31,,,0.0,"{""1742774400.0"": 2, ""1742860800.0"": 1, ""1743033600.0"": 25, ""1743465600.0"": 1, ""1744243200.0"": 1, ""1744329600.0"": 5, ""1745884800.0"": 1, ""1746489600.0"": 5, ""1746662400.0"": 1, ""1747267200.0"": 1, ""1747785600.0"": 1, ""1748044800.0"": 1, ""1748304000.0"": 2, ""1751932800.0"": 1, ""1752278400.0"": 1, ""1754265600.0"": 1, ""1754956800.0"": 1, ""1755388800.0"": 1, ""1755648000.0"": 1, ""1756252800.0"": 1, ""1770854400.0"": 1}",,Cash - KINHC,Debtors - KINHC,Round Off - KINHC,Main - KINHC,Write Off - KINHC,Exchange Gain/Loss - KINHC,,,0,Creditors - KINHC,Cost of Goods Sold - KINHC,Sales - KINHC,,,,,Main - KINHC,,1,0,Stock In Hand - KINHC,Stock Adjustment - KINHC,,Stock Received But Not Billed - KINHC,,Accumulated Depreciation - KINHC,Depreciation - KINHC,,Gain/Loss on Asset Disposal - KINHC,Main - KINHC,CWIP Account - KINHC,Asset Received But Not Billed - KINHC,0,Daily,0,,,61,62,,,,,,Rulindo,HC
Kinihira PH,2025-09-10 19:54:37.762085,2026-02-18 17:26:55.588788,Administrator,info@spiderbit.rw,0,0,Kinihira PH,KP,1313,RWF,Rwanda,0,,,,,,,,,,,,,,,Standard Template,,Standard,,{},0.0,200.0,,,0.0,"{""1762905600.0"": 29, ""1762992000.0"": 61, ""1763078400.0"": 121, ""1763164800.0"": 3, ""1763251200.0"": 17, ""1763337600.0"": 73, ""1763424000.0"": 140, ""1763510400.0"": 107, ""1763596800.0"": 122, ""1763683200.0"": 79, ""1763769600.0"": 20, ""1763856000.0"": 11, ""1763942400.0"": 82, ""1764028800.0"": 18, ""1764115200.0"": 2, ""1764201600.0"": 1, ""1764288000.0"": 1, ""1764547200.0"": 4, ""1764806400.0"": 1, ""1765238400.0"": 1, ""1765756800.0"": 100, ""1765843200.0"": 48, ""1767571200.0"": 1, ""1770940800.0"": 1}",,Cash - KP,Debtors - KP,Round Off - KP,Main - KP,Write Off - KP,Exchange Gain/Loss - KP,,,0,Creditors - KP,Cost of Goods Sold - KP,Sales - KP,,,,,Main - KP,,1,0,Stock In Hand - KP,Stock Adjustment - KP,,Stock Received But Not Billed - KP,,Accumulated Depreciation - KP,Depreciation - KP,,Gain/Loss on Asset Disposal - KP,Main - KP,CWIP Account - KP,Asset Received But Not Billed - KP,0,Daily,0,,,507,508,,,,,,Rulindo,DH
Kinyamakara Health Center,2026-01-16 12:45:24.023580,2026-04-08 15:35:37.502758,kayitaradfat@gmail.com,mararashema@gmail.com,0,0,Kinyamakara Health Center,KNYKRHC,0087,RWF,Rwanda,0,,Kinihira PH,,,,,,,,,,,,,Standard Template,,Standard,,{},0.0,5952.8,,,0.0,"{""1768867200.0"": 1, ""1768953600.0"": 3, ""1769040000.0"": 34, ""1769126400.0"": 15, ""1769385600.0"": 2, ""1769472000.0"": 8, ""1769558400.0"": 16, ""1769644800.0"": 9, ""1769731200.0"": 9, ""1770163200.0"": 4, ""1770249600.0"": 30, ""1770336000.0"": 4, ""1770595200.0"": 1, ""1770681600.0"": 1, ""1771027200.0"": 2}",,Cash - KNYKRHC,Debtors - KNYKRHC,Round Off - KNYKRHC,Main - KNYKRHC,Write Off - KNYKRHC,Exchange Gain/Loss - KNYKRHC,,,0,Creditors - KNYKRHC,Cost of Goods Sold - KNYKRHC,Sales - KNYKRHC,,,,,Main - KNYKRHC,,1,0,Stock In Hand - KNYKRHC,Stock Adjustment - KNYKRHC,,Stock Received But Not Billed - KNYKRHC,,Accumulated Depreciation - KNYKRHC,Depreciation - KNYKRHC,,Gain/Loss on Asset Disposal - KNYKRHC,Main - KNYKRHC,CWIP Account - KNYKRHC,Asset Received But Not Billed - KNYKRHC,0,Daily,0,,,637,638,,,,,,Huye,HC
Kirambi Health Center,2025-11-15 15:48:50.446348,2026-04-26 11:44:23.810748,uwambajimanava5@gmail.com,mararashema@gmail.com,0,0,Kirambi Health Center,KRAMBHC,0042,RWF,Rwanda,0,,,,,,,,,,,,,,,Standard Template,,Standard,,{},0.0,218706.54,,,0.0,"{""1763683200.0"": 3, ""1763942400.0"": 1, ""1764028800.0"": 2, ""1764115200.0"": 3, ""1764201600.0"": 23, ""1764288000.0"": 3, ""1764374400.0"": 1, ""1764720000.0"": 1, ""1765152000.0"": 1, ""1765411200.0"": 6, ""1765584000.0"": 29, ""1765670400.0"": 25, ""1765756800.0"": 46, ""1765843200.0"": 4, ""1766016000.0"": 9, ""1766102400.0"": 1, ""1766361600.0"": 7, ""1766448000.0"": 10, ""1766793600.0"": 2, ""1767052800.0"": 2, ""1767139200.0"": 2, ""1767484800.0"": 4, ""1769212800.0"": 3, ""1769299200.0"": 1, ""1770336000.0"": 2, ""1770768000.0"": 3, ""1770940800.0"": 2, ""1771027200.0"": 27, ""1771113600.0"": 11}",,Cash - KRAMBHC,Debtors - KRAMBHC,Round Off - KRAMBHC,Main - KRAMBHC,Write Off - KRAMBHC,Exchange Gain/Loss - KRAMBHC,,,0,Creditors - KRAMBHC,Cost of Goods Sold - KRAMBHC,Sales - KRAMBHC,,,,,Main - KRAMBHC,,1,0,Stock In Hand - KRAMBHC,Stock Adjustment - KRAMBHC,,Stock Received But Not Billed - KRAMBHC,,Accumulated Depreciation - KRAMBHC,Depreciation - KRAMBHC,,Gain/Loss on Asset Disposal - KRAMBHC,Main - KRAMBHC,CWIP Account - KRAMBHC,Asset Received But Not Billed - KRAMBHC,0,Daily,0,,,585,586,,,,,,Nyanza,HC
Kirehe Health Center,2025-07-23 19:17:51.302838,2026-04-02 07:20:01.501190,nkunzimanaanastase08@gmail.com,mugipascal@gmail.com,0,0,Kirehe Health Center,KRHHC,0423,RWF,Rwanda,0,,,,,,,,,,,,,,,Standard Template,,Standard,,{},0.0,600.0,,,0.0,"{""1754438400.0"": 1, ""1754524800.0"": 1, ""1758067200.0"": 3, ""1761868800.0"": 5, ""1765152000.0"": 2, ""1765324800.0"": 1, ""1765497600.0"": 1, ""1765756800.0"": 3, ""1766016000.0"": 5, ""1766102400.0"": 2, ""1767657600.0"": 1, ""1767830400.0"": 11, ""1767916800.0"": 5, ""1768176000.0"": 1, ""1768262400.0"": 2, ""1768348800.0"": 4, ""1768435200.0"": 1, ""1769385600.0"": 2, ""1769472000.0"": 4, ""1769644800.0"": 6, ""1770681600.0"": 1, ""1770768000.0"": 1, ""1770940800.0"": 14, ""1771200000.0"": 5}",,Cash - KRHHC,Debtors - KRHHC,Round Off - KRHHC,Main - KRHHC,Write Off - KRHHC,Exchange Gain/Loss - KRHHC,,,0,Creditors - KRHHC,Cost of Goods Sold - KRHHC,Sales - KRHHC,,,,,Main - KRHHC,,1,0,Stock In Hand - KRHHC,Stock Adjustment - KRHHC,,Stock Received But Not Billed - KRHHC,,Accumulated Depreciation - KRHHC,Depreciation - KRHHC,,Gain/Loss on Asset Disposal - KRHHC,Main - KRHHC,CWIP Account - KRHHC,Asset Received But Not Billed - KRHHC,0,Daily,0,,,419,420,,,,,,Kirehe,HC
Kirwa HC,2025-04-03 22:57:03.878187,2026-02-18 17:26:54.154438,Administrator,florentin.ndabarasa@moh.gov.rw,0,0,Kirwa HC,KIRWHC,0437,RWF,Rwanda,0,,,,,,,,,,,,,,,Standard Template,,Standard,,{},0.0,25980.0,,,0.0,"{""1749513600.0"": 3, ""1749600000.0"": 8, ""1762387200.0"": 4, ""1762473600.0"": 41, ""1762560000.0"": 33, ""1762646400.0"": 37, ""1762732800.0"": 65, ""1762819200.0"": 56, ""1762905600.0"": 43, ""1762992000.0"": 35, ""1763078400.0"": 38, ""1763164800.0"": 37, ""1763251200.0"": 28, ""1763337600.0"": 54, ""1763424000.0"": 45, ""1763510400.0"": 50, ""1767398400.0"": 67, ""1767484800.0"": 57}",,Cash - KIRWHC,Debtors - KIRWHC,Round Off - KIRWHC,Main - KIRWHC,Write Off - KIRWHC,Exchange Gain/Loss - KIRWHC,,,0,Creditors - KIRWHC,Cost of Goods Sold - KIRWHC,Sales - KIRWHC,,,,,Main - KIRWHC,,1,0,Stock In Hand - KIRWHC,Stock Adjustment - KIRWHC,,Stock Received But Not Billed - KIRWHC,,Accumulated Depreciation - KIRWHC,Depreciation - KIRWHC,,Gain/Loss on Asset Disposal - KIRWHC,Main - KIRWHC,CWIP Account - KIRWHC,Asset Received But Not Billed - KIRWHC,0,Daily,0,,,197,198,,,,,,Ngoma,HC
Kisaro Health Center,2024-10-29 13:42:26.999750,2026-04-21 16:50:57.934924,kwizeradelphine03@gmail.com,rukundojoe30@gmail.com,0,0,Kisaro Health Center,KIHC,0516,RWF,Rwanda,0,,,,,,,,,,,,,,,Standard Template,,Standard,,{},0.0,500.0,,,0.0,"{""1745366400.0"": 2, ""1745798400.0"": 2, ""1748044800.0"": 43, ""1748131200.0"": 32, ""1751587200.0"": 2, ""1754352000.0"": 2, ""1761004800.0"": 6, ""1767052800.0"": 9, ""1767484800.0"": 1, ""1770854400.0"": 1}",,Cash - KIHC,Debtors - KIHC,Round Off - KIHC,Main - KIHC,Write Off - KIHC,Exchange Gain/Loss - KIHC,,,0,Creditors - KIHC,Cost of Goods Sold - KIHC,Sales - KIHC,,,,,Main - KIHC,,1,0,Stock In Hand - KIHC,Stock Adjustment - KIHC,,Stock Received But Not Billed - KIHC,,Accumulated Depreciation - KIHC,Depreciation - KIHC,,Gain/Loss on Asset Disposal - KIHC,Main - KIHC,CWIP Account - KIHC,Asset Received But Not Billed - KIHC,0,Daily,0,,,93,94,,,,,,Rulindo,HC
Kivumu (Muhanga) Health Center,2025-04-08 01:20:10.648573,2026-04-28 15:58:47.298795,nishimweyvette1996@gmail.com,florentin.ndabarasa@moh.gov.rw,0,0,Kivumu (Muhanga) Health Center,KVMMUHC,0134,RWF,Rwanda,0,,,,,,,,,,,,,,,Standard Template,,Standard,,{},0.0,316400.0,,,0.0,"{""1763596800.0"": 12, ""1763683200.0"": 1, ""1763942400.0"": 1, ""1764115200.0"": 1, ""1764288000.0"": 106, ""1764374400.0"": 36, ""1764460800.0"": 20, ""1764547200.0"": 66, ""1764633600.0"": 97, ""1764720000.0"": 69, ""1764806400.0"": 56, ""1764892800.0"": 79, ""1764979200.0"": 44, ""1765065600.0"": 35, ""1765152000.0"": 64, ""1765238400.0"": 94, ""1765324800.0"": 52, ""1765411200.0"": 55, ""1765497600.0"": 68, ""1765670400.0"": 16, ""1765756800.0"": 77, ""1765843200.0"": 95, ""1765929600.0"": 22, ""1766016000.0"": 82, ""1766102400.0"": 92, ""1766188800.0"": 15, ""1766275200.0"": 27, ""1766361600.0"": 80, ""1766448000.0"": 63, ""1766534400.0"": 38, ""1766620800.0"": 24, ""1766707200.0"": 59, ""1766793600.0"": 40, ""1766880000.0"": 31, ""1766966400.0"": 83, ""1767052800.0"": 70, ""1767139200.0"": 68, ""1767225600.0"": 37, ""1767312000.0"": 67, ""1767398400.0"": 44, ""1767484800.0"": 26, ""1767571200.0"": 82, ""1767657600.0"": 137, ""1767744000.0"": 50, ""1767830400.0"": 74, ""1767916800.0"": 80, ""1768003200.0"": 36, ""1768089600.0"": 42, ""1768176000.0"": 76, ""1768262400.0"": 69, ""1768348800.0"": 76, ""1768435200.0"": 63, ""1768521600.0"": 59, ""1768608000.0"": 56, ""1768694400.0"": 27, ""1768780800.0"": 83, ""1768867200.0"": 98, ""1768953600.0"": 57, ""1769040000.0"": 81, ""1769126400.0"": 92, ""1769212800.0"": 27, ""1769299200.0"": 33, ""1769385600.0"": 85, ""1769472000.0"": 62, ""1769558400.0"": 57, ""1769644800.0"": 30, ""1769731200.0"": 100, ""1769817600.0"": 9, ""1769904000.0"": 27, ""1769990400.0"": 47, ""1770076800.0"": 104, ""1770163200.0"": 54, ""1770249600.0"": 70, ""1770336000.0"": 72, ""1770422400.0"": 35, ""1770508800.0"": 27, ""1770595200.0"": 79, ""1770681600.0"": 68, ""1770768000.0"": 37, ""1770854400.0"": 52, ""1770940800.0"": 47, ""1771027200.0"": 25, ""1771113600.0"": 28, ""1771200000.0"": 69, ""1771286400.0"": 84, ""1771372800.0"": 51}",,Cash - KVMMUHC,Debtors - KVMMUHC,Round Off - KVMMUHC,Main - KVMMUHC,Write Off - KVMMUHC,Exchange Gain/Loss - KVMMUHC,,,0,Creditors - KVMMUHC,Cost of Goods Sold - KVMMUHC,Sales - KVMMUHC,,,,,Main - KVMMUHC,,1,0,Stock In Hand - KVMMUHC,Stock Adjustment - KVMMUHC,,Stock Received But Not Billed - KVMMUHC,,Accumulated Depreciation - KVMMUHC,Depreciation - KVMMUHC,,Gain/Loss on Asset Disposal - KVMMUHC,Main - KVMMUHC,CWIP Account - KVMMUHC,Asset Received But Not Billed - KVMMUHC,0,Daily,0,,,207,208,,,,,,Muhanga,HC
Kiyanza Health Center,2024-09-30 17:35:14.644883,2026-04-02 15:56:28.649923,uzgrace1@gmail.com,rukundojoe30@gmail.com,0,37,Kiyanza Health Center,KIYHC,0274,RWF,Rwanda,0,,,,,,,,,,,,,,,Standard Template,,Standard,,{},0.0,200.0,,,0.0,"{""1741737600.0"": 1, ""1747958400.0"": 6, ""1748044800.0"": 46, ""1748131200.0"": 11, ""1766966400.0"": 2, ""1770854400.0"": 1}",,Cash - KIYHC,Debtors - KIYHC,Round Off - KIYHC,Main - KIYHC,Write Off - KIYHC,Exchange Gain/Loss - KIYHC,,,0,Creditors - KIYHC,Cost of Goods Sold - KIYHC,Sales - KIYHC,,,,,Main - KIYHC,,1,0,Stock In Hand - KIYHC,Stock Adjustment - KIYHC,,Stock Received But Not Billed - KIYHC,,Accumulated Depreciation - KIYHC,Depreciation - KIYHC,,Gain/Loss on Asset Disposal - KIYHC,Main - KIYHC,CWIP Account - KIYHC,Asset Received But Not Billed - KIYHC,0,Daily,0,,,75,76,,,,,,Rulindo,HC
KIZIGURO(Gatsibo)Health Center,2025-04-27 20:58:36.988499,2026-04-13 08:49:06.753658,mukayirangasolange@gmail.com,mugipascal@gmail.com,0,0,KIZIGURO(Gatsibo)Health Center,KIZIGUROHC,0394,RWF,Rwanda,0,,,,,,,,,,,,,,,Standard Template,,Standard,,{},0.0,2534.58,,,0.0,"{""1746316800.0"": 1, ""1746403200.0"": 1, ""1747267200.0"": 1, ""1747353600.0"": 2, ""1747958400.0"": 2, ""1748044800.0"": 31, ""1749686400.0"": 1, ""1751846400.0"": 1, ""1754784000.0"": 1}",,Cash - KIZIGUROHC,Debtors - KIZIGUROHC,Round Off - KIZIGUROHC,Main - KIZIGUROHC,Write Off - KIZIGUROHC,Exchange Gain/Loss - KIZIGUROHC,,,0,Creditors - KIZIGUROHC,Cost of Goods Sold - KIZIGUROHC,Sales - KIZIGUROHC,,,,,Main - KIZIGUROHC,,1,0,Stock In Hand - KIZIGUROHC,Stock Adjustment - KIZIGUROHC,,Stock Received But Not Billed - KIZIGUROHC,,Accumulated Depreciation - KIZIGUROHC,Depreciation - KIZIGUROHC,,Gain/Loss on Asset Disposal - KIZIGUROHC,Main - KIZIGUROHC,CWIP Account - KIZIGUROHC,Asset Received But Not Billed - KIZIGUROHC,0,Daily,0,,,301,302,,,,,,Gatsibo,HC
Mahama Health Center,2025-07-23 19:26:20.636581,2026-04-28 16:33:36.883457,edouardmbonyinshuti4@gmail.com,mugipascal@gmail.com,0,0,Mahama Health Center,MHMHC,1320,RWF,Rwanda,0,,,,,,,,,,,,,,,Standard Template,,Standard,,{},0.0,472547.5,,,0.0,"{""1769817600.0"": 1, ""1769990400.0"": 2, ""1770076800.0"": 99, ""1770163200.0"": 74, ""1770249600.0"": 40, ""1770336000.0"": 58, ""1770422400.0"": 47, ""1770508800.0"": 26, ""1770595200.0"": 35, ""1770681600.0"": 62, ""1770768000.0"": 55, ""1770854400.0"": 55, ""1770940800.0"": 18, ""1771027200.0"": 27, ""1771113600.0"": 30, ""1771200000.0"": 84, ""1771286400.0"": 84, ""1771372800.0"": 66}",,Cash - MHMHC,Debtors - MHMHC,Round Off - MHMHC,Main - MHMHC,Write Off - MHMHC,Exchange Gain/Loss - MHMHC,,,0,Creditors - MHMHC,Cost of Goods Sold - MHMHC,Sales - MHMHC,,,,,Main - MHMHC,,1,0,Stock In Hand - MHMHC,Stock Adjustment - MHMHC,,Stock Received But Not Billed - MHMHC,,Accumulated Depreciation - MHMHC,Depreciation - MHMHC,,Gain/Loss on Asset Disposal - MHMHC,Main - MHMHC,CWIP Account - MHMHC,Asset Received But Not Billed - MHMHC,0,Daily,0,,,425,426,,,,,,Kirehe,HC
Mahama Refugee Camp Health Center,2025-07-23 19:57:37.039934,2026-04-10 17:26:26.136808,athanase.co.uk@gmail.com,mugipascal@gmail.com,0,0,Mahama Refugee Camp Health Center,MRCIHC,1646,RWF,Rwanda,0,,,,,,,,,,,,,,,Standard Template,,Standard,,{},0.0,0.0,,,0.0,"{""1760054400.0"": 1, ""1770940800.0"": 3}",,Cash - MRCIHC,Debtors - MRCIHC,Round Off - MRCIHC,Main - MRCIHC,Write Off - MRCIHC,Exchange Gain/Loss - MRCIHC,,,0,Creditors - MRCIHC,Cost of Goods Sold - MRCIHC,Sales - MRCIHC,,,,,Main - MRCIHC,,1,0,Stock In Hand - MRCIHC,Stock Adjustment - MRCIHC,,Stock Received But Not Billed - MRCIHC,,Accumulated Depreciation - MRCIHC,Depreciation - MRCIHC,,Gain/Loss on Asset Disposal - MRCIHC,Main - MRCIHC,CWIP Account - MRCIHC,Asset Received But Not Billed - MRCIHC,0,Daily,0,,,443,444,,,,,,Kirehe,HC
Mahama Refugee Camp II Health Center,2025-07-23 20:24:58.283680,2026-02-18 17:26:53.631720,Administrator,mugipascal@gmail.com,0,0,Mahama Refugee Camp II Health Center,MRCIPHC,1671,RWF,Rwanda,0,,,,,,,,,,,,,,,Standard Template,,Standard,,{},0.0,0.0,,,0.0,{},,Cash - MRCIPHC,Debtors - MRCIPHC,Round Off - MRCIPHC,Main - MRCIPHC,Write Off - MRCIPHC,Exchange Gain/Loss - MRCIPHC,,,0,Creditors - MRCIPHC,Cost of Goods Sold - MRCIPHC,Sales - MRCIPHC,,,,,Main - MRCIPHC,,1,0,Stock In Hand - MRCIPHC,Stock Adjustment - MRCIPHC,,Stock Received But Not Billed - MRCIPHC,,Accumulated Depreciation - MRCIPHC,Depreciation - MRCIPHC,,Gain/Loss on Asset Disposal - MRCIPHC,Main - MRCIPHC,CWIP Account - MRCIPHC,Asset Received But Not Billed - MRCIPHC,0,Daily,0,,,445,446,,,,,,Kirehe,HC
Mahembe Health Center,2025-04-23 21:17:41.376012,2026-02-18 17:26:53.397542,Administrator,ildephonse90@yahoo.com,0,0,Mahembe Health Center,MHHC,546,RWF,Rwanda,0,,,,,,,,,,,,,,,Standard Template,,Standard,,{},0.0,669.3,,,0.0,"{""1745971200.0"": 1}",,Cash - MHHC,Debtors - MHHC,Round Off - MHHC,Main - MHHC,Write Off - MHHC,Exchange Gain/Loss - MHHC,,,0,Creditors - MHHC,Cost of Goods Sold - MHHC,Sales - MHHC,,,,,Main - MHHC,,1,0,Stock In Hand - MHHC,Stock Adjustment - MHHC,,Stock Received But Not Billed - MHHC,,Accumulated Depreciation - MHHC,Depreciation - MHHC,,Gain/Loss on Asset Disposal - MHHC,Main - MHHC,CWIP Account - MHHC,Asset Received But Not Billed - MHHC,0,Daily,0,,,241,242,,,,,,Nyamasheke,HC
Manyagiro Health Center,2025-07-24 00:17:24.470239,2026-03-16 15:20:24.390344,elieniyogisubizo9@gmail.com,ildephonse90@yahoo.com,0,0,Manyagiro Health Center,MANYHC,0340,RWF,Rwanda,0,,,,,,,,,,,,,,,Standard Template,,Standard,,{},0.0,440.0,,,0.0,"{""1754524800.0"": 3, ""1766966400.0"": 3, ""1767139200.0"": 1, ""1767657600.0"": 1, ""1767830400.0"": 2, ""1767916800.0"": 15, ""1768003200.0"": 11, ""1768176000.0"": 15, ""1768262400.0"": 33, ""1768348800.0"": 9, ""1768608000.0"": 6, ""1768780800.0"": 38, ""1768867200.0"": 2, ""1770595200.0"": 52, ""1770768000.0"": 28, ""1770854400.0"": 4}",,Cash - MANYHC,Debtors - MANYHC,Round Off - MANYHC,Main - MANYHC,Write Off - MANYHC,Exchange Gain/Loss - MANYHC,,,0,Creditors - MANYHC,Cost of Goods Sold - MANYHC,Sales - MANYHC,,,,,Main - MANYHC,,1,0,Stock In Hand - MANYHC,Stock Adjustment - MANYHC,,Stock Received But Not Billed - MANYHC,,Accumulated Depreciation - MANYHC,Depreciation - MANYHC,,Gain/Loss on Asset Disposal - MANYHC,Main - MANYHC,CWIP Account - MANYHC,Asset Received But Not Billed - MANYHC,0,Daily,0,,,465,466,,,,,,Gicumbi,HC
Maraba Health Center,2026-01-16 13:01:18.933021,2026-04-26 08:58:22.526683,irambonaisaac456@gmail.com,mararashema@gmail.com,0,0,Maraba Health Center,MRBAHC,0616,RWF,Rwanda,0,,Kinihira PH,,,,,,,,,,,,,Standard Template,,Standard,,{},0.0,288192.82,,,0.0,"{""1769472000.0"": 77, ""1769558400.0"": 40, ""1769644800.0"": 59, ""1769731200.0"": 74, ""1769817600.0"": 46, ""1769904000.0"": 46, ""1769990400.0"": 66, ""1770076800.0"": 76, ""1770163200.0"": 52, ""1770249600.0"": 53, ""1770336000.0"": 70, ""1770422400.0"": 36, ""1770508800.0"": 25, ""1770595200.0"": 51, ""1770681600.0"": 62, ""1770768000.0"": 41, ""1770854400.0"": 53, ""1770940800.0"": 18, ""1771027200.0"": 21, ""1771113600.0"": 40, ""1771200000.0"": 67, ""1771286400.0"": 57, ""1771372800.0"": 51}",,Cash - MRBAHC,Debtors - MRBAHC,Round Off - MRBAHC,Main - MRBAHC,Write Off - MRBAHC,Exchange Gain/Loss - MRBAHC,,,0,Creditors - MRBAHC,Cost of Goods Sold - MRBAHC,Sales - MRBAHC,,,,,Main - MRBAHC,,1,0,Stock In Hand - MRBAHC,Stock Adjustment - MRBAHC,,Stock Received But Not Billed - MRBAHC,,Accumulated Depreciation - MRBAHC,Depreciation - MRBAHC,,Gain/Loss on Asset Disposal - MRBAHC,Main - MRBAHC,CWIP Account - MRBAHC,Asset Received But Not Billed - MRBAHC,0,Daily,0,,,641,642,,,,,,Huye,HC
Mareba Health Center,2025-01-22 17:54:21.238656,2026-04-28 16:07:57.829678,dusabamahoroj8@gmail.com,info@spiderbit.rw,0,0,Mareba Health Center,MRHC,0450,RWF,Rwanda,0,,,,,,,,,,,,,,,Standard Template,,Standard,,{},0.0,218550.0,,,0.0,"{""1740700800.0"": 1, ""1748044800.0"": 15, ""1748131200.0"": 29, ""1760486400.0"": 15, ""1760572800.0"": 5, ""1760918400.0"": 5, ""1761091200.0"": 1, ""1761696000.0"": 10, ""1761782400.0"": 10, ""1761868800.0"": 6, ""1762128000.0"": 13, ""1762214400.0"": 10, ""1762300800.0"": 33, ""1762387200.0"": 10, ""1762473600.0"": 1, ""1762560000.0"": 3, ""1762732800.0"": 48, ""1762992000.0"": 2, ""1763078400.0"": 5, ""1763337600.0"": 24, ""1763424000.0"": 21, ""1763510400.0"": 46, ""1763596800.0"": 25, ""1763683200.0"": 64, ""1763769600.0"": 24, ""1763942400.0"": 32, ""1764028800.0"": 20, ""1764115200.0"": 35, ""1764201600.0"": 58, ""1764288000.0"": 1, ""1764374400.0"": 52, ""1764460800.0"": 19, ""1764547200.0"": 33, ""1764633600.0"": 14, ""1764720000.0"": 2, ""1764806400.0"": 5, ""1765238400.0"": 24, ""1765324800.0"": 3, ""1765411200.0"": 23, ""1765497600.0"": 63, ""1765584000.0"": 14, ""1765670400.0"": 11, ""1765756800.0"": 13, ""1765843200.0"": 69, ""1765929600.0"": 59, ""1766016000.0"": 72, ""1766102400.0"": 24, ""1766188800.0"": 4, ""1766275200.0"": 33, ""1766448000.0"": 12, ""1766534400.0"": 14, ""1766793600.0"": 9, ""1767052800.0"": 2, ""1767139200.0"": 65, ""1767225600.0"": 47, ""1767312000.0"": 28, ""1767398400.0"": 64, ""1767484800.0"": 33, ""1767571200.0"": 25, ""1767657600.0"": 37, ""1767744000.0"": 81, ""1767830400.0"": 59, ""1767916800.0"": 18, ""1768003200.0"": 4, ""1768176000.0"": 22, ""1768262400.0"": 33, ""1768348800.0"": 28, ""1768435200.0"": 54, ""1768608000.0"": 68, ""1768694400.0"": 62, ""1768780800.0"": 109, ""1768867200.0"": 13, ""1768953600.0"": 39, ""1769040000.0"": 27, ""1769126400.0"": 40, ""1769212800.0"": 11, ""1769299200.0"": 18, ""1769385600.0"": 58, ""1769472000.0"": 21, ""1769558400.0"": 62, ""1769644800.0"": 2, ""1769731200.0"": 50, ""1769817600.0"": 3, ""1769904000.0"": 1, ""1769990400.0"": 35, ""1770076800.0"": 45, ""1770163200.0"": 40, ""1770249600.0"": 9, ""1770336000.0"": 19, ""1770595200.0"": 3, ""1770681600.0"": 21, ""1770768000.0"": 2, ""1770854400.0"": 3, ""1770940800.0"": 10, ""1771027200.0"": 33, ""1771113600.0"": 36, ""1771200000.0"": 41, ""1771286400.0"": 58, ""1771372800.0"": 58}",,Cash - MRHC,Debtors - MRHC,Round Off - MRHC,Main - MRHC,Write Off - MRHC,Exchange Gain/Loss - MRHC,,,0,Creditors - MRHC,Cost of Goods Sold - MRHC,Sales - MRHC,,,,,Main - MRHC,,1,0,Stock In Hand - MRHC,Stock Adjustment - MRHC,,Stock Received But Not Billed - MRHC,,Accumulated Depreciation - MRHC,Depreciation - MRHC,,Gain/Loss on Asset Disposal - MRHC,Main - MRHC,CWIP Account - MRHC,Asset Received But Not Billed - MRHC,0,Daily,0,,,129,130,,,,,,Bugesera,HC
Marembo Health Center,2024-09-27 03:27:50.416913,2026-04-21 16:47:47.398302,umuhireerneste8@gmail.com,rukundojoe30@gmail.com,0,29,Marembo Health Center,MARHC,0517,RWF,Rwanda,0,,,,,,,,,,,,,,,Standard Template,,Standard,,{},0.0,22650.0,,,0.0,"{""1744416000.0"": 3, ""1744502400.0"": 6, ""1744588800.0"": 4, ""1748044800.0"": 24, ""1748131200.0"": 27, ""1751846400.0"": 1, ""1752451200.0"": 1, ""1752710400.0"": 4, ""1766707200.0"": 1, ""1767052800.0"": 2, ""1767398400.0"": 1, ""1770854400.0"": 2, ""1770940800.0"": 1}",,Cash - MARHC,Debtors - MARHC,Round Off - MARHC,Main - MARHC,Write Off - MARHC,Exchange Gain/Loss - MARHC,,,0,Creditors - MARHC,Cost of Goods Sold - MARHC,Sales - MARHC,,,,,Main - MARHC,,1,0,Stock In Hand - MARHC,Stock Adjustment - MARHC,,Stock Received But Not Billed - MARHC,,Accumulated Depreciation - MARHC,Depreciation - MARHC,,Gain/Loss on Asset Disposal - MARHC,Main - MARHC,CWIP Account - MARHC,Asset Received But Not Billed - MARHC,0,Daily,0,,,57,58,,,,,,Rulindo,HC
Masaka Health Center,2024-06-10 17:55:33.245260,2026-04-13 12:34:23.848217,uwayobea@gmail.com,rukundojoe30@gmail.com,0,132,Masaka Health Center,MAHC,0036,RWF,Rwanda,0,,,,,,,,,,,,,,,Standard Template,,Standard,,{},0.0,8826.6,,,0.0,"{""1740096000.0"": 6, ""1740182400.0"": 1, ""1740268800.0"": 1, ""1740441600.0"": 3, ""1740614400.0"": 8, ""1740700800.0"": 4, ""1740873600.0"": 2, ""1740960000.0"": 1, ""1741219200.0"": 1, ""1741392000.0"": 1, ""1741478400.0"": 2, ""1741737600.0"": 2, ""1741824000.0"": 1, ""1741910400.0"": 15, ""1741996800.0"": 1, ""1742601600.0"": 4, ""1742774400.0"": 1, ""1743033600.0"": 1, ""1743120000.0"": 1, ""1743724800.0"": 1, ""1744070400.0"": 2, ""1744156800.0"": 3, ""1744243200.0"": 1, ""1744416000.0"": 2, ""1744588800.0"": 1, ""1744848000.0"": 1, ""1745020800.0"": 1, ""1745798400.0"": 1, ""1745971200.0"": 1, ""1746144000.0"": 4, ""1746316800.0"": 2, ""1746403200.0"": 2, ""1746748800.0"": 1, ""1746835200.0"": 3, ""1746921600.0"": 1, ""1747872000.0"": 2, ""1747958400.0"": 9, ""1748044800.0"": 73, ""1748131200.0"": 39, ""1748217600.0"": 1, ""1748390400.0"": 2, ""1748649600.0"": 1, ""1748822400.0"": 1, ""1749254400.0"": 1, ""1749859200.0"": 1, ""1749945600.0"": 1, ""1750118400.0"": 2, ""1750204800.0"": 2, ""1750723200.0"": 1, ""1750896000.0"": 1, ""1750982400.0"": 1, ""1751155200.0"": 1, ""1751241600.0"": 18, ""1751414400.0"": 1, ""1751760000.0"": 3, ""1751846400.0"": 6, ""1752019200.0"": 1, ""1752451200.0"": 2, ""1752537600.0"": 1, ""1752796800.0"": 1, ""1752883200.0"": 1, ""1752969600.0"": 2, ""1753315200.0"": 2, ""1753401600.0"": 9, ""1753488000.0"": 1, ""1753660800.0"": 1, ""1753747200.0"": 1, ""1754179200.0"": 1, ""1754524800.0"": 1, ""1756166400.0"": 1, ""1758067200.0"": 1, ""1758240000.0"": 6, ""1758499200.0"": 2, ""1758585600.0"": 2, ""1758844800.0"": 3, ""1759276800.0"": 2, ""1759881600.0"": 1, ""1760486400.0"": 5, ""1760572800.0"": 1, ""1761696000.0"": 20, ""1761782400.0"": 6, ""1761955200.0"": 2, ""1762128000.0"": 1, ""1762214400.0"": 3, ""1762300800.0"": 1, ""1762387200.0"": 164, ""1762473600.0"": 106, ""1762560000.0"": 93, ""1762646400.0"": 76, ""1762732800.0"": 189, ""1762819200.0"": 120, ""1762905600.0"": 150, ""1762992000.0"": 168, ""1763078400.0"": 171, ""1763164800.0"": 114, ""1763251200.0"": 76, ""1763337600.0"": 190, ""1763424000.0"": 163, ""1763510400.0"": 143, ""1763596800.0"": 75, ""1763683200.0"": 122, ""1763769600.0"": 87, ""1763856000.0"": 29, ""1763942400.0"": 153, ""1764028800.0"": 156, ""1764115200.0"": 135, ""1764201600.0"": 142, ""1764288000.0"": 136, ""1764374400.0"": 92, ""1764460800.0"": 28, ""1764547200.0"": 134, ""1764633600.0"": 146, ""1764720000.0"": 128, ""1764806400.0"": 107, ""1764892800.0"": 119, ""1764979200.0"": 54, ""1765152000.0"": 139, ""1765238400.0"": 124, ""1765324800.0"": 95, ""1765411200.0"": 111, ""1765497600.0"": 130, ""1765584000.0"": 96, ""1765670400.0"": 72, ""1765756800.0"": 113, ""1765843200.0"": 117, ""1765929600.0"": 125, ""1766016000.0"": 62, ""1766102400.0"": 78, ""1766188800.0"": 60, ""1766275200.0"": 68, ""1766361600.0"": 85, ""1766448000.0"": 108, ""1766534400.0"": 106, ""1766620800.0"": 46, ""1766707200.0"": 27, ""1766793600.0"": 30, ""1766880000.0"": 24, ""1766966400.0"": 62, ""1767052800.0"": 14, ""1767139200.0"": 49, ""1767225600.0"": 59, ""1767312000.0"": 11, ""1767398400.0"": 31, ""1767484800.0"": 21, ""1767571200.0"": 32, ""1767657600.0"": 61, ""1767744000.0"": 5, ""1767830400.0"": 3, ""1767916800.0"": 3, ""1768003200.0"": 1, ""1768176000.0"": 3, ""1768262400.0"": 1, ""1768348800.0"": 1, ""1768435200.0"": 1, ""1768608000.0"": 3, ""1768694400.0"": 1, ""1768780800.0"": 3, ""1768867200.0"": 1, ""1768953600.0"": 1, ""1769385600.0"": 30, ""1769472000.0"": 1, ""1769731200.0"": 1, ""1770163200.0"": 2, ""1770595200.0"": 14, ""1770681600.0"": 10, ""1770854400.0"": 28, ""1770940800.0"": 27}",,Cash - MAHC,Debtors - MAHC,Round Off - MAHC,Main - MAHC,Write Off - MAHC,Exchange Gain/Loss - MAHC,,,0,Creditors - MAHC,Cost of Goods Sold - MAHC,Sales - MAHC,,,,,Main - MAHC,,1,0,Stock In Hand - MAHC,Stock Adjustment - MAHC,,Stock Received But Not Billed - MAHC,,Accumulated Depreciation - MAHC,Depreciation - MAHC,,Gain/Loss on Asset Disposal - MAHC,Main - MAHC,CWIP Account - MAHC,Asset Received But Not Billed - MAHC,0,Daily,0,,,17,18,,,,,,Kicukiro,HC
Masoro Health Center,2024-09-27 03:05:29.701785,2026-04-28 08:58:27.466084,dusabimanaa087@gmail.com,rukundojoe30@gmail.com,0,15,Masoro Health Center,MASHC,0275,RWF,Rwanda,0,,,,,,,,,,,,,,,Standard Template,,Standard,,{},0.0,500.0,,,0.0,"{""1741046400.0"": 1, ""1741132800.0"": 3, ""1741219200.0"": 2, ""1741305600.0"": 1, ""1741651200.0"": 2, ""1741737600.0"": 2, ""1741824000.0"": 2, ""1742515200.0"": 3, ""1742860800.0"": 25, ""1742947200.0"": 45, ""1743033600.0"": 22, ""1743120000.0"": 14, ""1743206400.0"": 1, ""1743292800.0"": 1, ""1743379200.0"": 1, ""1743724800.0"": 2, ""1744156800.0"": 1, ""1744848000.0"": 2, ""1745280000.0"": 2, ""1745452800.0"": 1, ""1746662400.0"": 1, ""1747094400.0"": 1, ""1747612800.0"": 1, ""1748044800.0"": 16, ""1748131200.0"": 9, ""1748390400.0"": 2, ""1749427200.0"": 2, ""1751846400.0"": 4, ""1751932800.0"": 2, ""1752019200.0"": 1, ""1752105600.0"": 1, ""1752537600.0"": 1, ""1752710400.0"": 5, ""1752796800.0"": 16, ""1753401600.0"": 1, ""1754352000.0"": 1, ""1754870400.0"": 3, ""1756684800.0"": 7, ""1756944000.0"": 1, ""1759449600.0"": 1, ""1764720000.0"": 5, ""1765152000.0"": 8, ""1765238400.0"": 17, ""1766966400.0"": 9, ""1767052800.0"": 2, ""1767657600.0"": 24, ""1767744000.0"": 4}",,Cash - MASHC,Debtors - MASHC,Round Off - MASHC,Main - MASHC,Write Off - MASHC,Exchange Gain/Loss - MASHC,,,0,Creditors - MASHC,Cost of Goods Sold - MASHC,Sales - MASHC,,,,,Main - MASHC,,1,0,Stock In Hand - MASHC,Stock Adjustment - MASHC,,Stock Received But Not Billed - MASHC,,Accumulated Depreciation - MASHC,Depreciation - MASHC,,Gain/Loss on Asset Disposal - MASHC,Main - MASHC,CWIP Account - MASHC,Asset Received But Not Billed - MASHC,0,Daily,0,,,55,56,,,,,,Rulindo,HC
Mata Health Center,2025-07-08 09:42:09.046678,2026-04-28 16:01:02.546496,ingabirejose1999@gmail.com,ildephonse90@yahoo.com,0,0,Mata Health Center,MATHC,1648,RWF,Rwanda,0,,,,,,,,,,,,,,,Standard Template,,Standard,,{},0.0,475031.1,,,0.0,"{""1763337600.0"": 26, ""1763424000.0"": 46, ""1763510400.0"": 67, ""1763596800.0"": 55, ""1763683200.0"": 44, ""1763769600.0"": 30, ""1763942400.0"": 28, ""1764028800.0"": 52, ""1764115200.0"": 50, ""1764201600.0"": 40, ""1764288000.0"": 53, ""1764374400.0"": 40, ""1764460800.0"": 17, ""1764547200.0"": 88, ""1764633600.0"": 39, ""1764720000.0"": 96, ""1764806400.0"": 82, ""1764892800.0"": 71, ""1764979200.0"": 37, ""1765065600.0"": 28, ""1765152000.0"": 94, ""1765238400.0"": 103, ""1765324800.0"": 91, ""1765411200.0"": 65, ""1765497600.0"": 53, ""1765584000.0"": 38, ""1765670400.0"": 27, ""1765756800.0"": 67, ""1765843200.0"": 60, ""1765929600.0"": 53, ""1766016000.0"": 45, ""1766102400.0"": 64, ""1766188800.0"": 24, ""1766275200.0"": 64, ""1766361600.0"": 64, ""1766448000.0"": 52, ""1766534400.0"": 33, ""1766620800.0"": 1, ""1766707200.0"": 29, ""1766793600.0"": 51, ""1766880000.0"": 25, ""1766966400.0"": 76, ""1767052800.0"": 49, ""1767139200.0"": 53, ""1767225600.0"": 31, ""1767312000.0"": 41, ""1767398400.0"": 50, ""1767484800.0"": 33, ""1767571200.0"": 77, ""1767657600.0"": 91, ""1767744000.0"": 13, ""1767830400.0"": 22, ""1768262400.0"": 3, ""1768435200.0"": 1, ""1768867200.0"": 1, ""1770681600.0"": 1, ""1770768000.0"": 55, ""1770854400.0"": 1, ""1770940800.0"": 39, ""1771027200.0"": 29, ""1771113600.0"": 20, ""1771200000.0"": 19, ""1771286400.0"": 4, ""1771372800.0"": 7}",,Cash - MATHC,Debtors - MATHC,Round Off - MATHC,Main - MATHC,Write Off - MATHC,Exchange Gain/Loss - MATHC,,,0,Creditors - MATHC,Cost of Goods Sold - MATHC,Sales - MATHC,,,,,Main - MATHC,,1,0,Stock In Hand - MATHC,Stock Adjustment - MATHC,,Stock Received But Not Billed - MATHC,,Accumulated Depreciation - MATHC,Depreciation - MATHC,,Gain/Loss on Asset Disposal - MATHC,Main - MATHC,CWIP Account - MATHC,Asset Received But Not Billed - MATHC,0,Daily,0,,,405,406,,,,,,Muhanga,HC
Mataba Health Center,2026-01-16 13:35:01.737521,2026-04-28 17:50:20.291986,ruzindas@yahoo.com,mararashema@gmail.com,0,0,Mataba Health Center,MTBAHC,0294,RWF,Rwanda,0,,Kinihira PH,,,,,,,,,,,,,Standard Template,,Standard,,{},0.0,110057.5,,,0.0,"{""1768780800.0"": 18, ""1768867200.0"": 5, ""1768953600.0"": 16, ""1769385600.0"": 2, ""1769644800.0"": 68, ""1769731200.0"": 12, ""1769817600.0"": 24, ""1770249600.0"": 1, ""1770595200.0"": 15, ""1770681600.0"": 16, ""1770768000.0"": 6, ""1770854400.0"": 1, ""1771027200.0"": 3, ""1771200000.0"": 1}",,Cash - MTBAHC,Debtors - MTBAHC,Round Off - MTBAHC,Main - MTBAHC,Write Off - MTBAHC,Exchange Gain/Loss - MTBAHC,,,0,Creditors - MTBAHC,Cost of Goods Sold - MTBAHC,Sales - MTBAHC,,,,,Main - MTBAHC,,1,0,Stock In Hand - MTBAHC,Stock Adjustment - MTBAHC,,Stock Received But Not Billed - MTBAHC,,Accumulated Depreciation - MTBAHC,Depreciation - MTBAHC,,Gain/Loss on Asset Disposal - MTBAHC,Main - MTBAHC,CWIP Account - MTBAHC,Asset Received But Not Billed - MTBAHC,0,Daily,0,,,645,646,,,,,,Gakenke,HC
Matimba Health Center,2025-05-15 20:56:21.892800,2026-04-28 14:14:56.223006,ntamavukirojean@gmail.com,ildephonse90@yahoo.com,0,0,Matimba Health Center,MTBHC,0373,RWF,Rwanda,0,,,,,,,,,,,,,,,Standard Template,,Standard,,{},0.0,3234874.457,,,0.0,"{""1747958400.0"": 47, ""1748044800.0"": 32, ""1748131200.0"": 15, ""1748217600.0"": 49, ""1748304000.0"": 71, ""1748390400.0"": 62, ""1748476800.0"": 95, ""1748563200.0"": 89, ""1748649600.0"": 41, ""1748736000.0"": 34, ""1748822400.0"": 56, ""1748908800.0"": 56, ""1748995200.0"": 47, ""1749081600.0"": 57, ""1749168000.0"": 58, ""1749254400.0"": 4, ""1749340800.0"": 4, ""1749427200.0"": 85, ""1749513600.0"": 70, ""1749600000.0"": 54, ""1749686400.0"": 56, ""1749772800.0"": 52, ""1749859200.0"": 39, ""1749945600.0"": 23, ""1750032000.0"": 55, ""1750118400.0"": 36, ""1750204800.0"": 99, ""1750291200.0"": 83, ""1750377600.0"": 75, ""1750464000.0"": 31, ""1750550400.0"": 13, ""1750636800.0"": 63, ""1750723200.0"": 76, ""1750809600.0"": 102, ""1750896000.0"": 94, ""1750982400.0"": 88, ""1751068800.0"": 32, ""1751155200.0"": 43, ""1751241600.0"": 97, ""1751328000.0"": 44, ""1751414400.0"": 51, ""1751500800.0"": 37, ""1751587200.0"": 43, ""1751673600.0"": 32, ""1751760000.0"": 19, ""1751846400.0"": 72, ""1751932800.0"": 54, ""1752019200.0"": 77, ""1752105600.0"": 46, ""1752192000.0"": 43, ""1752278400.0"": 41, ""1752364800.0"": 23, ""1752451200.0"": 59, ""1752537600.0"": 63, ""1752624000.0"": 119, ""1752710400.0"": 69, ""1752796800.0"": 79, ""1752883200.0"": 41, ""1752969600.0"": 44, ""1753056000.0"": 70, ""1753142400.0"": 54, ""1753228800.0"": 75, ""1753315200.0"": 97, ""1753401600.0"": 92, ""1753488000.0"": 28, ""1753574400.0"": 28, ""1753660800.0"": 63, ""1753747200.0"": 49, ""1753833600.0"": 76, ""1753920000.0"": 68, ""1754006400.0"": 51, ""1754092800.0"": 33, ""1754179200.0"": 35, ""1754265600.0"": 67, ""1754352000.0"": 54, ""1754438400.0"": 21, ""1754524800.0"": 33, ""1754870400.0"": 6, ""1755043200.0"": 9, ""1756166400.0"": 36, ""1756252800.0"": 12, ""1756339200.0"": 90, ""1756425600.0"": 84, ""1756512000.0"": 51, ""1756598400.0"": 30, ""1756684800.0"": 18, ""1757030400.0"": 9, ""1757376000.0"": 8, ""1757462400.0"": 6, ""1757635200.0"": 7, ""1758499200.0"": 49, ""1758585600.0"": 53, ""1758672000.0"": 13, ""1759104000.0"": 68, ""1759190400.0"": 20, ""1760400000.0"": 55, ""1760486400.0"": 35, ""1760572800.0"": 60, ""1760659200.0"": 27, ""1760745600.0"": 1, ""1760918400.0"": 83, ""1761004800.0"": 76, ""1761091200.0"": 96, ""1761177600.0"": 77, ""1761264000.0"": 49, ""1761350400.0"": 49, ""1761436800.0"": 35, ""1761523200.0"": 74, ""1761609600.0"": 14, ""1761696000.0"": 98, ""1761782400.0"": 94, ""1761868800.0"": 79, ""1761955200.0"": 47, ""1762041600.0"": 51, ""1762128000.0"": 37, ""1762214400.0"": 56, ""1762300800.0"": 91, ""1762387200.0"": 79, ""1762473600.0"": 15, ""1762560000.0"": 52, ""1762646400.0"": 35, ""1762732800.0"": 64, ""1762819200.0"": 78, ""1762905600.0"": 66, ""1762992000.0"": 60, ""1763078400.0"": 43, ""1763251200.0"": 7, ""1763337600.0"": 61, ""1763424000.0"": 81, ""1763510400.0"": 96, ""1763596800.0"": 118, ""1763683200.0"": 102, ""1763769600.0"": 50, ""1763856000.0"": 50, ""1763942400.0"": 54, ""1764028800.0"": 69, ""1764115200.0"": 44, ""1764201600.0"": 114, ""1764288000.0"": 15, ""1764374400.0"": 60, ""1764460800.0"": 32, ""1764547200.0"": 67, ""1764633600.0"": 47, ""1764720000.0"": 67, ""1764806400.0"": 40, ""1764892800.0"": 36, ""1764979200.0"": 40, ""1765065600.0"": 36, ""1765152000.0"": 64, ""1765238400.0"": 50, ""1765324800.0"": 20, ""1765411200.0"": 62, ""1765497600.0"": 64, ""1765584000.0"": 31, ""1765670400.0"": 32, ""1765756800.0"": 7, ""1765843200.0"": 61, ""1765929600.0"": 85, ""1766016000.0"": 96, ""1766102400.0"": 86, ""1766188800.0"": 1, ""1766275200.0"": 11, ""1766361600.0"": 80, ""1766448000.0"": 83, ""1766534400.0"": 59, ""1766620800.0"": 19, ""1766707200.0"": 55, ""1766793600.0"": 48, ""1766880000.0"": 10, ""1766966400.0"": 67, ""1767052800.0"": 73, ""1767139200.0"": 70, ""1767225600.0"": 33, ""1767312000.0"": 50, ""1767398400.0"": 50, ""1767484800.0"": 32, ""1767571200.0"": 73, ""1767657600.0"": 91, ""1767744000.0"": 57, ""1767830400.0"": 82, ""1767916800.0"": 55, ""1768003200.0"": 57, ""1768089600.0"": 48, ""1768176000.0"": 37, ""1768262400.0"": 49, ""1768348800.0"": 49, ""1768435200.0"": 57, ""1768608000.0"": 4, ""1768780800.0"": 62, ""1768867200.0"": 82, ""1768953600.0"": 93, ""1769040000.0"": 85, ""1769126400.0"": 84, ""1769299200.0"": 1, ""1769385600.0"": 48, ""1769472000.0"": 48, ""1769558400.0"": 92, ""1769644800.0"": 115, ""1769731200.0"": 126, ""1769817600.0"": 48, ""1769904000.0"": 37, ""1769990400.0"": 72, ""1770076800.0"": 59, ""1770163200.0"": 4, ""1770249600.0"": 59, ""1770336000.0"": 65, ""1770422400.0"": 33, ""1770508800.0"": 39, ""1770595200.0"": 65, ""1770681600.0"": 42, ""1770768000.0"": 11, ""1770854400.0"": 38, ""1770940800.0"": 3, ""1771200000.0"": 39, ""1771286400.0"": 52, ""1771372800.0"": 101}",,Cash - MTBHC,Debtors - MTBHC,Round Off - MTBHC,Main - MTBHC,Write Off - MTBHC,Exchange Gain/Loss - MTBHC,,,0,Creditors - MTBHC,Cost of Goods Sold - MTBHC,Sales - MTBHC,,,,,Main - MTBHC,,1,0,Stock In Hand - MTBHC,Stock Adjustment - MTBHC,,Stock Received But Not Billed - MTBHC,,Accumulated Depreciation - MTBHC,Depreciation - MTBHC,,Gain/Loss on Asset Disposal - MTBHC,Main - MTBHC,CWIP Account - MTBHC,Asset Received But Not Billed - MTBHC,0,Daily,0,,,371,372,,,,,,Nyagatare,HC
Matyazo Health Center,2026-01-15 16:54:17.821480,2026-02-18 17:26:54.679678,Administrator,mararashema@gmail.com,0,0,Matyazo Health Center,MTYHC,0088,RWF,Rwanda,0,,Kinihira PH,,,,,,,,,,,,,Standard Template,,Standard,,{},0.0,0.0,,,0.0,{},,Cash - MTYHC,Debtors - MTYHC,Round Off - MTYHC,Main - MTYHC,Write Off - MTYHC,Exchange Gain/Loss - MTYHC,,,0,Creditors - MTYHC,Cost of Goods Sold - MTYHC,Sales - MTYHC,,,,,Main - MTYHC,,1,0,Stock In Hand - MTYHC,Stock Adjustment - MTYHC,,Stock Received But Not Billed - MTYHC,,Accumulated Depreciation - MTYHC,Depreciation - MTYHC,,Gain/Loss on Asset Disposal - MTYHC,Main - MTYHC,CWIP Account - MTYHC,Asset Received But Not Billed - MTYHC,0,Daily,0,,,629,630,,,,,,Huye,HC
Mayange (Bugesera) Health Center,2025-01-23 17:37:15.928489,2026-04-27 09:43:20.843533,jeanbapti.ami@gmail.com,info@spiderbit.rw,0,53,Mayange (Bugesera) Health Center,MYHC,0451,RWF,Rwanda,0,,,,,,,,,,,,,,,Standard Template,,Standard,,{},0.0,43385.55,,,0.0,"{""1745539200.0"": 2, ""1748044800.0"": 42, ""1748131200.0"": 41, ""1755561600.0"": 2, ""1755734400.0"": 1, ""1755907200.0"": 9, ""1756080000.0"": 6, ""1756684800.0"": 13, ""1756944000.0"": 1, ""1757203200.0"": 1, ""1757376000.0"": 2, ""1757462400.0"": 15, ""1757548800.0"": 43, ""1757894400.0"": 1, ""1757980800.0"": 56, ""1758067200.0"": 8, ""1758153600.0"": 27, ""1758240000.0"": 5, ""1758326400.0"": 21, ""1758499200.0"": 62, ""1758585600.0"": 90, ""1758672000.0"": 41, ""1758758400.0"": 16, ""1758844800.0"": 30, ""1758931200.0"": 17, ""1759017600.0"": 46, ""1759104000.0"": 76, ""1759190400.0"": 33, ""1759276800.0"": 6, ""1759363200.0"": 72, ""1759449600.0"": 64, ""1759536000.0"": 38, ""1759622400.0"": 31, ""1759708800.0"": 9, ""1759795200.0"": 5, ""1759881600.0"": 11, ""1759968000.0"": 19, ""1760054400.0"": 37, ""1760140800.0"": 49, ""1760227200.0"": 41, ""1760313600.0"": 78, ""1760400000.0"": 56, ""1760486400.0"": 51, ""1760572800.0"": 70, ""1760659200.0"": 68, ""1760745600.0"": 59, ""1760832000.0"": 52, ""1760918400.0"": 86, ""1761004800.0"": 182, ""1761091200.0"": 66, ""1761177600.0"": 138, ""1761264000.0"": 100, ""1761350400.0"": 52, ""1761436800.0"": 47, ""1761523200.0"": 103, ""1761609600.0"": 81, ""1761696000.0"": 55, ""1761782400.0"": 35, ""1761868800.0"": 102, ""1761955200.0"": 59, ""1762041600.0"": 42, ""1762128000.0"": 102, ""1762214400.0"": 115, ""1762300800.0"": 59, ""1762387200.0"": 53, ""1762473600.0"": 36, ""1762560000.0"": 33, ""1762646400.0"": 41, ""1762732800.0"": 119, ""1762819200.0"": 89, ""1762905600.0"": 118, ""1762992000.0"": 71, ""1763078400.0"": 101, ""1763164800.0"": 56, ""1763337600.0"": 141, ""1763424000.0"": 89, ""1763510400.0"": 72, ""1763596800.0"": 30, ""1763683200.0"": 16, ""1763769600.0"": 8, ""1763856000.0"": 1, ""1763942400.0"": 108, ""1764028800.0"": 77, ""1764115200.0"": 93, ""1764201600.0"": 60, ""1764288000.0"": 30, ""1764374400.0"": 2, ""1764460800.0"": 33, ""1764547200.0"": 44, ""1764633600.0"": 57, ""1764720000.0"": 72, ""1764806400.0"": 18, ""1764892800.0"": 43, ""1764979200.0"": 21, ""1765065600.0"": 26, ""1765152000.0"": 8, ""1765238400.0"": 21, ""1765324800.0"": 90, ""1765411200.0"": 33, ""1765497600.0"": 20, ""1765584000.0"": 34, ""1765670400.0"": 21, ""1765756800.0"": 72, ""1765843200.0"": 50, ""1765929600.0"": 53, ""1766016000.0"": 63, ""1766102400.0"": 34, ""1766275200.0"": 5, ""1766361600.0"": 106, ""1766448000.0"": 13, ""1766534400.0"": 50, ""1766620800.0"": 35, ""1766707200.0"": 82, ""1766793600.0"": 53, ""1766880000.0"": 3, ""1766966400.0"": 27, ""1767052800.0"": 73, ""1767139200.0"": 27, ""1767312000.0"": 31, ""1767398400.0"": 42, ""1767484800.0"": 26, ""1767571200.0"": 14, ""1767657600.0"": 18, ""1767744000.0"": 2, ""1767830400.0"": 63, ""1767916800.0"": 61, ""1768003200.0"": 42, ""1768089600.0"": 57, ""1768176000.0"": 23, ""1768262400.0"": 33, ""1768348800.0"": 16, ""1768435200.0"": 57, ""1768608000.0"": 16, ""1768694400.0"": 3, ""1768780800.0"": 71, ""1768867200.0"": 12, ""1768953600.0"": 12, ""1769040000.0"": 32, ""1769126400.0"": 50, ""1769212800.0"": 32, ""1769299200.0"": 45, ""1769385600.0"": 76, ""1769472000.0"": 50, ""1769558400.0"": 54, ""1769644800.0"": 107, ""1769731200.0"": 89, ""1769817600.0"": 45, ""1769904000.0"": 37, ""1769990400.0"": 10, ""1770076800.0"": 34, ""1770163200.0"": 37, ""1770249600.0"": 48, ""1770336000.0"": 30, ""1770508800.0"": 33, ""1770595200.0"": 47, ""1770681600.0"": 43, ""1770768000.0"": 42, ""1770854400.0"": 59, ""1770940800.0"": 2, ""1771027200.0"": 21, ""1771113600.0"": 27, ""1771200000.0"": 48, ""1771286400.0"": 46, ""1771372800.0"": 4}",,Cash - MYHC,Debtors - MYHC,Round Off - MYHC,Main - MYHC,Write Off - MYHC,Exchange Gain/Loss - MYHC,,,0,Creditors - MYHC,Cost of Goods Sold - MYHC,Sales - MYHC,,,,,Main - MYHC,,1,0,Stock In Hand - MYHC,Stock Adjustment - MYHC,,Stock Received But Not Billed - MYHC,,Accumulated Depreciation - MYHC,Depreciation - MYHC,,Gain/Loss on Asset Disposal - MYHC,Main - MYHC,CWIP Account - MYHC,Asset Received But Not Billed - MYHC,0,Daily,0,,,141,142,,,,,,Bugesera,HC
Mimuri Health Center,2025-05-15 21:10:48.294557,2026-04-27 13:04:26.038342,mukayirangaj5@gmail.com,ildephonse90@yahoo.com,0,0,Mimuri Health Center,MIRHC,0374,RWF,Rwanda,0,,,,,,,,,,,,,,,Standard Template,,Standard,,{},0.0,41530.0,,,0.0,"{""1747958400.0"": 2, ""1748131200.0"": 14, ""1748563200.0"": 2, ""1753142400.0"": 1, ""1766016000.0"": 7, ""1766102400.0"": 11, ""1770249600.0"": 4, ""1770336000.0"": 11, ""1770422400.0"": 3, ""1770508800.0"": 6, ""1770681600.0"": 23, ""1770768000.0"": 18, ""1770854400.0"": 11, ""1770940800.0"": 19, ""1771200000.0"": 19, ""1771286400.0"": 11, ""1771372800.0"": 11}",,Cash - MIRHC,Debtors - MIRHC,Round Off - MIRHC,Main - MIRHC,Write Off - MIRHC,Exchange Gain/Loss - MIRHC,,,0,Creditors - MIRHC,Cost of Goods Sold - MIRHC,Sales - MIRHC,,,,,Main - MIRHC,,1,0,Stock In Hand - MIRHC,Stock Adjustment - MIRHC,,Stock Received But Not Billed - MIRHC,,Accumulated Depreciation - MIRHC,Depreciation - MIRHC,,Gain/Loss on Asset Disposal - MIRHC,Main - MIRHC,CWIP Account - MIRHC,Asset Received But Not Billed - MIRHC,0,Daily,0,,,379,380,,,,,,Nyagatare,HC
Minazi Health Center,2026-01-16 14:17:07.858874,2026-04-28 16:08:54.863507,euprotais@gmail.com,mararashema@gmail.com,0,0,Minazi Health Center,MZIHC,1651,RWF,Rwanda,0,,Kinihira PH,,,,,,,,,,,,,Standard Template,,Standard,,{},0.0,211738.82,,,0.0,"{""1768867200.0"": 6, ""1768953600.0"": 22, ""1769040000.0"": 5, ""1769126400.0"": 24, ""1769299200.0"": 21, ""1769385600.0"": 5, ""1769472000.0"": 4, ""1769558400.0"": 16, ""1769644800.0"": 7, ""1769904000.0"": 4, ""1770076800.0"": 17, ""1770249600.0"": 7, ""1770336000.0"": 15, ""1770422400.0"": 11, ""1770508800.0"": 6, ""1770595200.0"": 29, ""1770681600.0"": 5, ""1770768000.0"": 11, ""1770854400.0"": 45, ""1770940800.0"": 1, ""1771113600.0"": 27, ""1771200000.0"": 9, ""1771286400.0"": 6, ""1771372800.0"": 6}",,Cash - MZIHC,Debtors - MZIHC,Round Off - MZIHC,Main - MZIHC,Write Off - MZIHC,Exchange Gain/Loss - MZIHC,,,0,Creditors - MZIHC,Cost of Goods Sold - MZIHC,Sales - MZIHC,,,,,Main - MZIHC,,1,0,Stock In Hand - MZIHC,Stock Adjustment - MZIHC,,Stock Received But Not Billed - MZIHC,,Accumulated Depreciation - MZIHC,Depreciation - MZIHC,,Gain/Loss on Asset Disposal - MZIHC,Main - MZIHC,CWIP Account - MZIHC,Asset Received But Not Billed - MZIHC,0,Daily,0,,,647,648,,,,,,Gakenke,HC
Ministry Of Health,2024-05-09 00:19:15.394932,2026-04-13 12:23:12.879286,umutonic36@gmail.com,Administrator,0,14,Ministry Of Health,MOH,0000,RWF,Rwanda,0,,,,,,,,,,,,,,,Standard Template,,Standard,,{},0.0,1500.0,,,0.0,"{""1739923200.0"": 7, ""1740960000.0"": 1, ""1741046400.0"": 2, ""1741219200.0"": 2, ""1741392000.0"": 10, ""1741651200.0"": 2, ""1742256000.0"": 1, ""1743292800.0"": 23, ""1743465600.0"": 1, ""1744329600.0"": 3, ""1744502400.0"": 11, ""1747008000.0"": 1, ""1747180800.0"": 1, ""1747872000.0"": 7, ""1748044800.0"": 1, ""1749600000.0"": 4, ""1750291200.0"": 3, ""1750723200.0"": 1, ""1751328000.0"": 1, ""1752019200.0"": 2, ""1752105600.0"": 3, ""1752624000.0"": 2, ""1753315200.0"": 4, ""1753920000.0"": 4, ""1754179200.0"": 6, ""1754870400.0"": 1, ""1754956800.0"": 1, ""1755561600.0"": 1, ""1756684800.0"": 1, ""1757548800.0"": 3, ""1758499200.0"": 1, ""1759190400.0"": 3, ""1759276800.0"": 1, ""1759708800.0"": 1, ""1760140800.0"": 3, ""1760486400.0"": 3, ""1761004800.0"": 2, ""1761177600.0"": 1, ""1761523200.0"": 3, ""1761696000.0"": 4, ""1761782400.0"": 5, ""1761868800.0"": 1, ""1762128000.0"": 1, ""1762214400.0"": 4, ""1762387200.0"": 2, ""1762646400.0"": 1, ""1762732800.0"": 4, ""1762819200.0"": 1, ""1763251200.0"": 1, ""1763337600.0"": 2, ""1763424000.0"": 1, ""1764115200.0"": 1, ""1764201600.0"": 1, ""1764288000.0"": 5, ""1764720000.0"": 2, ""1764806400.0"": 1, ""1764892800.0"": 1, ""1765152000.0"": 1, ""1765238400.0"": 1, ""1766016000.0"": 1, ""1766448000.0"": 1, ""1766966400.0"": 1, ""1767052800.0"": 2, ""1767139200.0"": 1, ""1767657600.0"": 1, ""1767744000.0"": 3, ""1767830400.0"": 2, ""1768089600.0"": 1, ""1768262400.0"": 3, ""1768348800.0"": 5, ""1768435200.0"": 26, ""1768780800.0"": 1, ""1768867200.0"": 1, ""1769126400.0"": 3, ""1769472000.0"": 2, ""1770163200.0"": 1, ""1771200000.0"": 1, ""1771286400.0"": 7}",,Cash - MOH,Debtors - MOH,Round Off - MOH,Main - MOH,Write Off - MOH,Exchange Gain/Loss - MOH,,,0,Creditors - MOH,Cost of Goods Sold - MOH,Sales - MOH,,,,,Main - MOH,,1,0,Stock In Hand - MOH,Stock Adjustment - MOH,,Stock Received But Not Billed - MOH,,Accumulated Depreciation - MOH,Depreciation - MOH,,Gain/Loss on Asset Disposal - MOH,Main - MOH,CWIP Account - MOH,Asset Received But Not Billed - MOH,0,Daily,0,,,1,2,,,,,,Kicukiro,HC
Miyove Health Center,2025-07-24 00:21:24.609299,2026-04-28 16:01:50.598234,ntakiruliliane01@gmail.com,ildephonse90@yahoo.com,0,0,Miyove Health Center,MYVHC,0341,RWF,Rwanda,0,,,,,,,,,,,,,,,Standard Template,,Standard,,{},0.0,283540.0,,,0.0,"{""1753833600.0"": 2, ""1754524800.0"": 1, ""1756771200.0"": 2, ""1766534400.0"": 5, ""1766793600.0"": 6, ""1766880000.0"": 1, ""1768089600.0"": 1, ""1768348800.0"": 1, ""1770336000.0"": 1, ""1771286400.0"": 2}",,Cash - MYVHC,Debtors - MYVHC,Round Off - MYVHC,Main - MYVHC,Write Off - MYVHC,Exchange Gain/Loss - MYVHC,,,0,Creditors - MYVHC,Cost of Goods Sold - MYVHC,Sales - MYVHC,,,,,Main - MYVHC,,1,0,Stock In Hand - MYVHC,Stock Adjustment - MYVHC,,Stock Received But Not Billed - MYVHC,,Accumulated Depreciation - MYVHC,Depreciation - MYVHC,,Gain/Loss on Asset Disposal - MYVHC,Main - MYVHC,CWIP Account - MYVHC,Asset Received But Not Billed - MYVHC,0,Daily,0,,,467,468,,,,,,Gicumbi,HC
Mpanga(Prison) Health Center,2025-11-15 15:01:12.461778,2026-02-18 17:26:54.673181,Administrator,mararashema@gmail.com,0,0,Mpanga(Prison) Health Center,MPNGHC,0050,RWF,Rwanda,0,,,,,,,,,,,,,,,Standard Template,,Standard,,{},0.0,0.0,,,0.0,"{""1764288000.0"": 1, ""1768435200.0"": 1}",,Cash - MPNGHC,Debtors - MPNGHC,Round Off - MPNGHC,Main - MPNGHC,Write Off - MPNGHC,Exchange Gain/Loss - MPNGHC,,,0,Creditors - MPNGHC,Cost of Goods Sold - MPNGHC,Sales - MPNGHC,,,,,Main - MPNGHC,,1,0,Stock In Hand - MPNGHC,Stock Adjustment - MPNGHC,,Stock Received But Not Billed - MPNGHC,,Accumulated Depreciation - MPNGHC,Depreciation - MPNGHC,,Gain/Loss on Asset Disposal - MPNGHC,Main - MPNGHC,CWIP Account - MPNGHC,Asset Received But Not Billed - MPNGHC,0,Daily,0,,,581,582,,,,,,Nyanza,HC
Mucubira Health Center,2025-11-15 12:46:46.419977,2026-04-20 09:23:05.837812,ndahayofabien333@gmail.com,mararashema@gmail.com,0,0,Mucubira Health Center,MCBHC,0043,RWF,Rwanda,0,,,,,,,,,,,,,,,Standard Template,,Standard,,{},0.0,12831.83,,,0.0,"{""1763424000.0"": 1, ""1763510400.0"": 11, ""1764115200.0"": 1, ""1764201600.0"": 32, ""1764288000.0"": 7, ""1764460800.0"": 7, ""1764547200.0"": 30, ""1764633600.0"": 19, ""1764720000.0"": 18, ""1764806400.0"": 38, ""1764892800.0"": 10, ""1764979200.0"": 19, ""1765065600.0"": 11, ""1765152000.0"": 15, ""1765238400.0"": 29, ""1765324800.0"": 4, ""1765411200.0"": 12, ""1765756800.0"": 14, ""1765843200.0"": 7, ""1765929600.0"": 12, ""1766016000.0"": 3, ""1766102400.0"": 4, ""1766188800.0"": 6, ""1766275200.0"": 13, ""1766361600.0"": 3, ""1767398400.0"": 1, ""1767484800.0"": 1, ""1767657600.0"": 2, ""1767744000.0"": 33, ""1767830400.0"": 40, ""1767916800.0"": 26, ""1768003200.0"": 5, ""1768089600.0"": 9, ""1768176000.0"": 7, ""1768262400.0"": 61, ""1768348800.0"": 46, ""1768435200.0"": 58, ""1768608000.0"": 17, ""1768694400.0"": 7, ""1768780800.0"": 19, ""1768867200.0"": 21, ""1768953600.0"": 12, ""1769040000.0"": 46, ""1769212800.0"": 2, ""1769385600.0"": 31, ""1769472000.0"": 2, ""1769558400.0"": 20, ""1769644800.0"": 6, ""1769817600.0"": 8, ""1769904000.0"": 1, ""1770163200.0"": 4, ""1770336000.0"": 4, ""1770768000.0"": 1, ""1770854400.0"": 1, ""1770940800.0"": 17, ""1771027200.0"": 8, ""1771113600.0"": 2, ""1771200000.0"": 21, ""1771286400.0"": 5, ""1771372800.0"": 15}",,Cash - MCBHC,Debtors - MCBHC,Round Off - MCBHC,Main - MCBHC,Write Off - MCBHC,Exchange Gain/Loss - MCBHC,,,0,Creditors - MCBHC,Cost of Goods Sold - MCBHC,Sales - MCBHC,,,,,Main - MCBHC,,1,0,Stock In Hand - MCBHC,Stock Adjustment - MCBHC,,Stock Received But Not Billed - MCBHC,,Accumulated Depreciation - MCBHC,Depreciation - MCBHC,,Gain/Loss on Asset Disposal - MCBHC,Main - MCBHC,CWIP Account - MCBHC,Asset Received But Not Billed - MCBHC,0,Daily,0,,,565,566,,,,,,Nyanza,HC
Mudende Health Center,2025-05-14 21:43:00.983957,2026-02-18 17:26:53.465890,Administrator,florentin.ndabarasa@moh.gov.rw,0,0,Mudende Health Center,MDNDHC,0202,RWF,Rwanda,0,,,,,,,,,,,,,,,Standard Template,,Standard,,{},0.0,0.0,,,0.0,{},,Cash - MDNDHC,Debtors - MDNDHC,Round Off - MDNDHC,Main - MDNDHC,Write Off - MDNDHC,Exchange Gain/Loss - MDNDHC,,,0,Creditors - MDNDHC,Cost of Goods Sold - MDNDHC,Sales - MDNDHC,,,,,Main - MDNDHC,,1,0,Stock In Hand - MDNDHC,Stock Adjustment - MDNDHC,,Stock Received But Not Billed - MDNDHC,,Accumulated Depreciation - MDNDHC,Depreciation - MDNDHC,,Gain/Loss on Asset Disposal - MDNDHC,Main - MDNDHC,CWIP Account - MDNDHC,Asset Received But Not Billed - MDNDHC,0,Daily,0,,,341,342,,,,,,Rubavu,HC
Mugina Health Center,2025-11-15 10:38:38.414158,2026-04-08 11:31:22.511974,liishimwe2025@gmail.com,mararashema@gmail.com,0,0,Mugina Health Center,MGNHC,0149,RWF,Rwanda,0,,,,,,,,,,,,,,,Standard Template,,Standard,,{},0.0,3248.2,,,0.0,"{""1763856000.0"": 1, ""1763942400.0"": 5, ""1764028800.0"": 2, ""1764115200.0"": 33, ""1764201600.0"": 4, ""1764288000.0"": 1, ""1764374400.0"": 3, ""1764547200.0"": 1, ""1764633600.0"": 2, ""1766448000.0"": 4, ""1766966400.0"": 1}",,Cash - MGNHC,Debtors - MGNHC,Round Off - MGNHC,Main - MGNHC,Write Off - MGNHC,Exchange Gain/Loss - MGNHC,,,0,Creditors - MGNHC,Cost of Goods Sold - MGNHC,Sales - MGNHC,,,,,Main - MGNHC,,1,0,Stock In Hand - MGNHC,Stock Adjustment - MGNHC,,Stock Received But Not Billed - MGNHC,,Accumulated Depreciation - MGNHC,Depreciation - MGNHC,,Gain/Loss on Asset Disposal - MGNHC,Main - MGNHC,CWIP Account - MGNHC,Asset Received But Not Billed - MGNHC,0,Daily,0,,,541,542,,,,,,Kamonyi,HC
Muhambo Health Center,2025-05-15 21:14:57.959747,2026-04-15 12:40:49.062055,manirafasha65@gmail.com,ildephonse90@yahoo.com,0,0,Muhambo Health Center,MUHHC,0375,RWF,Rwanda,0,,,,,,,,,,,,,,,Standard Template,,Standard,,{},0.0,602.0,,,0.0,"{""1747785600.0"": 1, ""1747872000.0"": 1, ""1747958400.0"": 8, ""1748044800.0"": 18, ""1748131200.0"": 9, ""1754265600.0"": 9, ""1754352000.0"": 17, ""1754438400.0"": 77, ""1754524800.0"": 15, ""1754784000.0"": 17, ""1754870400.0"": 12, ""1754956800.0"": 18, ""1755043200.0"": 1, ""1755129600.0"": 38, ""1755216000.0"": 2, ""1755302400.0"": 24, ""1755388800.0"": 31, ""1755475200.0"": 36, ""1755561600.0"": 16, ""1755648000.0"": 29, ""1755734400.0"": 10, ""1755820800.0"": 20, ""1755907200.0"": 5, ""1755993600.0"": 6, ""1756080000.0"": 8, ""1756166400.0"": 2, ""1756252800.0"": 16, ""1756339200.0"": 46, ""1756425600.0"": 41, ""1756512000.0"": 31, ""1756598400.0"": 25, ""1756684800.0"": 8, ""1756771200.0"": 10, ""1756857600.0"": 47, ""1756944000.0"": 12, ""1757030400.0"": 17, ""1757116800.0"": 10, ""1757462400.0"": 28, ""1757548800.0"": 21, ""1757635200.0"": 5, ""1757721600.0"": 20, ""1757808000.0"": 13, ""1757980800.0"": 29, ""1758067200.0"": 23, ""1758153600.0"": 10, ""1758240000.0"": 1, ""1758585600.0"": 22, ""1758672000.0"": 15, ""1758758400.0"": 1, ""1758844800.0"": 66, ""1759104000.0"": 9, ""1759190400.0"": 31, ""1759276800.0"": 22, ""1759363200.0"": 49, ""1759449600.0"": 89, ""1759536000.0"": 17, ""1759622400.0"": 7, ""1759708800.0"": 20, ""1759881600.0"": 17, ""1759968000.0"": 14, ""1760054400.0"": 22, ""1760227200.0"": 1, ""1760313600.0"": 7, ""1760400000.0"": 15, ""1760486400.0"": 12, ""1760572800.0"": 34, ""1760918400.0"": 18, ""1761004800.0"": 9, ""1761091200.0"": 28, ""1761177600.0"": 40, ""1761264000.0"": 30, ""1761350400.0"": 28, ""1761436800.0"": 7, ""1761523200.0"": 3, ""1761696000.0"": 11, ""1761782400.0"": 12, ""1761868800.0"": 14, ""1762128000.0"": 21, ""1762214400.0"": 11, ""1762300800.0"": 22, ""1762387200.0"": 8, ""1762473600.0"": 46, ""1762560000.0"": 19, ""1762646400.0"": 31, ""1762732800.0"": 41, ""1762819200.0"": 42, ""1762905600.0"": 42, ""1762992000.0"": 23, ""1763078400.0"": 12, ""1763251200.0"": 8, ""1763337600.0"": 64, ""1763424000.0"": 4, ""1763510400.0"": 1, ""1763683200.0"": 3, ""1763942400.0"": 7, ""1764028800.0"": 1, ""1764115200.0"": 32, ""1764633600.0"": 2, ""1765152000.0"": 1, ""1765238400.0"": 18, ""1765324800.0"": 31, ""1765843200.0"": 8, ""1766620800.0"": 1, ""1767571200.0"": 9, ""1768262400.0"": 66, ""1768348800.0"": 31, ""1768435200.0"": 31, ""1768867200.0"": 7, ""1770163200.0"": 1, ""1771286400.0"": 40, ""1771372800.0"": 8}",,Cash - MUHHC,Debtors - MUHHC,Round Off - MUHHC,Main - MUHHC,Write Off - MUHHC,Exchange Gain/Loss - MUHHC,,,0,Creditors - MUHHC,Cost of Goods Sold - MUHHC,Sales - MUHHC,,,,,Main - MUHHC,,1,0,Stock In Hand - MUHHC,Stock Adjustment - MUHHC,,Stock Received But Not Billed - MUHHC,,Accumulated Depreciation - MUHHC,Depreciation - MUHHC,,Gain/Loss on Asset Disposal - MUHHC,Main - MUHHC,CWIP Account - MUHHC,Asset Received But Not Billed - MUHHC,0,Daily,0,,,381,382,,,,,,Nyagatare,HC
Muhanga(Prison)Health Center,2025-11-15 16:54:58.965235,2026-02-18 17:26:54.007806,Administrator,mararashema@gmail.com,0,0,Muhanga(Prison)Health Center,MHNGHC,0139,RWF,Rwanda,0,,,,,,,,,,,,,,,Standard Template,,Standard,,{},0.0,0.0,,,0.0,{},,Cash - MHNGHC,Debtors - MHNGHC,Round Off - MHNGHC,Main - MHNGHC,Write Off - MHNGHC,Exchange Gain/Loss - MHNGHC,,,0,Creditors - MHNGHC,Cost of Goods Sold - MHNGHC,Sales - MHNGHC,,,,,Main - MHNGHC,,1,0,Stock In Hand - MHNGHC,Stock Adjustment - MHNGHC,,Stock Received But Not Billed - MHNGHC,,Accumulated Depreciation - MHNGHC,Depreciation - MHNGHC,,Gain/Loss on Asset Disposal - MHNGHC,Main - MHNGHC,CWIP Account - MHNGHC,Asset Received But Not Billed - MHNGHC,0,Daily,0,,,593,594,,,,,,Muhanga,HC
Muhima District Hospital,2024-12-16 17:59:25.273067,2026-02-18 17:26:53.228357,Administrator,rukundojoe30@gmail.com,0,0,Muhima District Hospital,MDH,8,RWF,Rwanda,0,,,,,,,,,,,,,,,Standard Template,,Standard,,{},0.0,0.0,,,0.0,{},,Cash - MDH,Debtors - MDH,Round Off - MDH,Main - MDH,Write Off - MDH,Exchange Gain/Loss - MDH,,,0,Creditors - MDH,Cost of Goods Sold - MDH,Sales - MDH,,,,,Main - MDH,,1,0,Stock In Hand - MDH,Stock Adjustment - MDH,,Stock Received But Not Billed - MDH,,Accumulated Depreciation - MDH,Depreciation - MDH,,Gain/Loss on Asset Disposal - MDH,Main - MDH,CWIP Account - MDH,Asset Received But Not Billed - MDH,0,Daily,0,,,109,110,,,,,,Gasabo,DH
Muhima Health Center,2024-06-10 17:20:32.567363,2026-04-03 15:22:02.633758,sylvieingabire45@gmail.com,rukundojoe30@gmail.com,0,77,Muhima Health Center,MHC,0007,RWF,Rwanda,0,,,,,,,,,,,,,,,Standard Template,,Standard,,{},0.0,665.0,,,0.0,"{""1739923200.0"": 115, ""1740009600.0"": 157, ""1740096000.0"": 127, ""1740182400.0"": 88, ""1740268800.0"": 80, ""1740355200.0"": 90, ""1740441600.0"": 154, ""1740528000.0"": 132, ""1740614400.0"": 115, ""1740700800.0"": 107, ""1740787200.0"": 79, ""1740873600.0"": 62, ""1740960000.0"": 126, ""1741046400.0"": 135, ""1741132800.0"": 120, ""1741219200.0"": 162, ""1741305600.0"": 118, ""1741392000.0"": 75, ""1741478400.0"": 81, ""1741564800.0"": 129, ""1741651200.0"": 140, ""1741737600.0"": 102, ""1741824000.0"": 113, ""1741910400.0"": 102, ""1741996800.0"": 66, ""1742083200.0"": 62, ""1742169600.0"": 123, ""1742256000.0"": 114, ""1742342400.0"": 104, ""1742428800.0"": 116, ""1742515200.0"": 94, ""1742601600.0"": 67, ""1742688000.0"": 75, ""1742774400.0"": 112, ""1742860800.0"": 104, ""1742947200.0"": 109, ""1743033600.0"": 98, ""1743120000.0"": 99, ""1743206400.0"": 74, ""1743292800.0"": 57, ""1743379200.0"": 126, ""1743465600.0"": 131, ""1743552000.0"": 95, ""1743638400.0"": 138, ""1743724800.0"": 116, ""1743811200.0"": 84, ""1743897600.0"": 70, ""1743984000.0"": 72, ""1744070400.0"": 149, ""1744156800.0"": 156, ""1744243200.0"": 137, ""1744329600.0"": 136, ""1744416000.0"": 78, ""1744502400.0"": 55, ""1744588800.0"": 123, ""1744675200.0"": 133, ""1744761600.0"": 113, ""1744848000.0"": 116, ""1744934400.0"": 80, ""1745020800.0"": 69, ""1745107200.0"": 36, ""1745193600.0"": 102, ""1745280000.0"": 153, ""1745366400.0"": 102, ""1745452800.0"": 105, ""1745539200.0"": 103, ""1745625600.0"": 58, ""1745712000.0"": 75, ""1745798400.0"": 105, ""1745884800.0"": 73, ""1745971200.0"": 52, ""1746057600.0"": 127, ""1746144000.0"": 83, ""1746230400.0"": 66, ""1746316800.0"": 53, ""1746403200.0"": 106, ""1746489600.0"": 87, ""1746576000.0"": 79, ""1746662400.0"": 32, ""1746748800.0"": 44, ""1746835200.0"": 71, ""1746921600.0"": 79, ""1747008000.0"": 23, ""1747094400.0"": 14, ""1747180800.0"": 30, ""1747267200.0"": 95, ""1747353600.0"": 31, ""1747440000.0"": 40, ""1747526400.0"": 49, ""1747612800.0"": 90, ""1747699200.0"": 71, ""1747785600.0"": 64, ""1747872000.0"": 24, ""1747958400.0"": 34, ""1748044800.0"": 61, ""1748131200.0"": 110, ""1748217600.0"": 100, ""1748304000.0"": 123, ""1748390400.0"": 105, ""1748476800.0"": 103, ""1748563200.0"": 107, ""1748649600.0"": 66, ""1748736000.0"": 64, ""1748822400.0"": 138, ""1748908800.0"": 141, ""1748995200.0"": 46, ""1749081600.0"": 96, ""1749168000.0"": 56, ""1749254400.0"": 73, ""1749340800.0"": 50, ""1749427200.0"": 125, ""1749513600.0"": 139, ""1749600000.0"": 100, ""1749686400.0"": 64, ""1749772800.0"": 93, ""1749859200.0"": 65, ""1749945600.0"": 28, ""1750032000.0"": 117, ""1750118400.0"": 136, ""1750204800.0"": 83, ""1750291200.0"": 66, ""1750377600.0"": 100, ""1750464000.0"": 83, ""1750550400.0"": 35, ""1750636800.0"": 51, ""1750723200.0"": 80, ""1750809600.0"": 76, ""1750896000.0"": 130, ""1750982400.0"": 53, ""1751068800.0"": 78, ""1751155200.0"": 41, ""1751241600.0"": 94, ""1751328000.0"": 69, ""1751414400.0"": 63, ""1751500800.0"": 84, ""1751587200.0"": 63, ""1751673600.0"": 67, ""1751760000.0"": 71, ""1751846400.0"": 96, ""1751932800.0"": 103, ""1752019200.0"": 122, ""1752105600.0"": 110, ""1752192000.0"": 18, ""1752278400.0"": 70, ""1752364800.0"": 61, ""1752451200.0"": 149, ""1752537600.0"": 151, ""1752624000.0"": 95, ""1752710400.0"": 133, ""1752796800.0"": 83, ""1752883200.0"": 67, ""1752969600.0"": 36, ""1753056000.0"": 141, ""1753142400.0"": 137, ""1753228800.0"": 133, ""1753315200.0"": 62, ""1753401600.0"": 109, ""1753488000.0"": 73, ""1753574400.0"": 28, ""1753660800.0"": 146, ""1753747200.0"": 146, ""1753833600.0"": 122, ""1753920000.0"": 83, ""1754006400.0"": 81, ""1754092800.0"": 61, ""1754179200.0"": 29, ""1754265600.0"": 36, ""1754352000.0"": 61, ""1754438400.0"": 29, ""1754524800.0"": 20, ""1754611200.0"": 16, ""1754697600.0"": 29, ""1754784000.0"": 7, ""1754870400.0"": 3, ""1754956800.0"": 13, ""1755043200.0"": 80, ""1755129600.0"": 101, ""1755216000.0"": 73, ""1755302400.0"": 61, ""1755388800.0"": 20, ""1755475200.0"": 29, ""1755561600.0"": 55, ""1755648000.0"": 70, ""1755734400.0"": 72, ""1755820800.0"": 38, ""1755907200.0"": 62, ""1755993600.0"": 54, ""1756080000.0"": 83, ""1756166400.0"": 133, ""1756252800.0"": 94, ""1756339200.0"": 87, ""1756425600.0"": 90, ""1756512000.0"": 43, ""1756598400.0"": 48, ""1756684800.0"": 40, ""1756771200.0"": 114, ""1756857600.0"": 121, ""1756944000.0"": 71, ""1757030400.0"": 60, ""1757116800.0"": 58, ""1757203200.0"": 54, ""1757289600.0"": 44, ""1757376000.0"": 7, ""1757462400.0"": 67, ""1757548800.0"": 63, ""1757635200.0"": 52, ""1757721600.0"": 78, ""1757808000.0"": 69, ""1757894400.0"": 48, ""1757980800.0"": 10, ""1758067200.0"": 18, ""1758153600.0"": 44, ""1758240000.0"": 25, ""1758326400.0"": 55, ""1758412800.0"": 51, ""1758499200.0"": 43, ""1758585600.0"": 61, ""1758672000.0"": 108, ""1758758400.0"": 110, ""1758844800.0"": 100, ""1758931200.0"": 67, ""1759017600.0"": 46, ""1759104000.0"": 83, ""1759190400.0"": 126, ""1759276800.0"": 133, ""1759363200.0"": 124, ""1759449600.0"": 117, ""1759536000.0"": 80, ""1759622400.0"": 21, ""1759708800.0"": 70, ""1759795200.0"": 54, ""1759881600.0"": 65, ""1759968000.0"": 128, ""1760054400.0"": 59, ""1760140800.0"": 73, ""1760227200.0"": 41, ""1760313600.0"": 62, ""1760400000.0"": 113, ""1760486400.0"": 122, ""1760572800.0"": 104, ""1760659200.0"": 146, ""1760745600.0"": 59, ""1760832000.0"": 38, ""1760918400.0"": 135, ""1761004800.0"": 113, ""1761091200.0"": 112, ""1761177600.0"": 92, ""1761264000.0"": 88, ""1761350400.0"": 55, ""1761436800.0"": 39, ""1761523200.0"": 67, ""1761609600.0"": 123, ""1761696000.0"": 124, ""1761782400.0"": 117, ""1761868800.0"": 70, ""1761955200.0"": 79, ""1762041600.0"": 38, ""1762128000.0"": 69, ""1762214400.0"": 109, ""1762300800.0"": 98, ""1762387200.0"": 123, ""1762473600.0"": 32, ""1762560000.0"": 60, ""1762646400.0"": 47, ""1762732800.0"": 107, ""1762819200.0"": 121, ""1762905600.0"": 121, ""1762992000.0"": 118, ""1763078400.0"": 102, ""1763164800.0"": 65, ""1763251200.0"": 41, ""1763337600.0"": 138, ""1763424000.0"": 72, ""1763510400.0"": 69, ""1763596800.0"": 90, ""1763683200.0"": 80, ""1763769600.0"": 59, ""1763856000.0"": 41, ""1763942400.0"": 41, ""1764028800.0"": 98, ""1764115200.0"": 144, ""1764201600.0"": 61, ""1764288000.0"": 55, ""1764374400.0"": 56, ""1764460800.0"": 68, ""1764547200.0"": 132, ""1764633600.0"": 79, ""1764720000.0"": 60, ""1764806400.0"": 117, ""1764892800.0"": 32, ""1764979200.0"": 57, ""1765065600.0"": 57, ""1765152000.0"": 85, ""1765238400.0"": 120, ""1765324800.0"": 89, ""1765411200.0"": 75, ""1765497600.0"": 69, ""1765584000.0"": 45, ""1765670400.0"": 19, ""1765756800.0"": 118, ""1765843200.0"": 102, ""1765929600.0"": 63, ""1766016000.0"": 46, ""1766102400.0"": 57, ""1766188800.0"": 4, ""1766275200.0"": 60, ""1766361600.0"": 41, ""1766448000.0"": 48, ""1766534400.0"": 84, ""1766620800.0"": 13, ""1766707200.0"": 30, ""1766793600.0"": 16, ""1766966400.0"": 115, ""1767052800.0"": 80, ""1767139200.0"": 106, ""1767225600.0"": 29, ""1767312000.0"": 76, ""1767398400.0"": 90, ""1767484800.0"": 58, ""1767571200.0"": 76, ""1767657600.0"": 82, ""1767744000.0"": 5, ""1767830400.0"": 3, ""1767916800.0"": 1, ""1768003200.0"": 1, ""1768262400.0"": 3}",,Cash - MHC,Debtors - MHC,Round Off - MHC,Main - MHC,Write Off - MHC,Exchange Gain/Loss - MHC,,,0,Creditors - MHC,Cost of Goods Sold - MHC,Sales - MHC,,,,,Main - MHC,,1,0,Stock In Hand - MHC,Stock Adjustment - MHC,,Stock Received But Not Billed - MHC,,Accumulated Depreciation - MHC,Depreciation - MHC,,Gain/Loss on Asset Disposal - MHC,Main - MHC,CWIP Account - MHC,Asset Received But Not Billed - MHC,0,Daily,0,,,15,16,,,,,,Nyarugenge,HC
Muhondo Health Center (Gicumbi),2025-07-23 10:25:43.955243,2026-04-14 12:19:57.561665,pacifiquenyinawumuntu258@gmail.com,mugipascal@gmail.com,0,0,Muhondo Health Center (Gicumbi),MHNDHC,0342,RWF,Rwanda,0,,,,,,,,,,,,,,,Standard Template,,Standard,,{},0.0,38162.0,,,0.0,"{""1754438400.0"": 2, ""1757030400.0"": 1, ""1759363200.0"": 1, ""1759881600.0"": 2, ""1761177600.0"": 1, ""1768348800.0"": 1, ""1769472000.0"": 1, ""1770595200.0"": 12, ""1770681600.0"": 80, ""1770768000.0"": 57, ""1770854400.0"": 46, ""1770940800.0"": 23, ""1771027200.0"": 25, ""1771113600.0"": 17, ""1771200000.0"": 54, ""1771286400.0"": 35, ""1771372800.0"": 38}",,Cash - MHNDHC,Debtors - MHNDHC,Round Off - MHNDHC,Main - MHNDHC,Write Off - MHNDHC,Exchange Gain/Loss - MHNDHC,,,0,Creditors - MHNDHC,Cost of Goods Sold - MHNDHC,Sales - MHNDHC,,,,,Main - MHNDHC,,1,0,Stock In Hand - MHNDHC,Stock Adjustment - MHNDHC,,Stock Received But Not Billed - MHNDHC,,Accumulated Depreciation - MHNDHC,Depreciation - MHNDHC,,Gain/Loss on Asset Disposal - MHNDHC,Main - MHNDHC,CWIP Account - MHNDHC,Asset Received But Not Billed - MHNDHC,0,Daily,0,,,407,408,,,,,,Gicumbi,HC
Muhondo(Gakenke) Health Center,2026-01-16 14:28:05.917860,2026-04-24 16:48:44.817324,dusengemilliam7@gmail.com,mararashema@gmail.com,0,0,Muhondo(Gakenke) Health Center,MHONDHC,0295,RWF,Rwanda,0,,Kinihira PH,,,,,,,,,,,,,Standard Template,,Standard,,{},0.0,30000.0,,,0.0,"{""1768867200.0"": 1, ""1768953600.0"": 1, ""1769040000.0"": 25, ""1769126400.0"": 15, ""1769472000.0"": 12, ""1769558400.0"": 10, ""1769644800.0"": 17, ""1769731200.0"": 63, ""1769817600.0"": 24, ""1769904000.0"": 40, ""1769990400.0"": 84, ""1770076800.0"": 2, ""1770163200.0"": 7, ""1770249600.0"": 1, ""1770336000.0"": 2, ""1770422400.0"": 15, ""1770508800.0"": 19, ""1770595200.0"": 4, ""1770681600.0"": 3, ""1770768000.0"": 15, ""1771027200.0"": 7, ""1771200000.0"": 4, ""1771286400.0"": 4, ""1771372800.0"": 3}",,Cash - MHONDHC,Debtors - MHONDHC,Round Off - MHONDHC,Main - MHONDHC,Write Off - MHONDHC,Exchange Gain/Loss - MHONDHC,,,0,Creditors - MHONDHC,Cost of Goods Sold - MHONDHC,Sales - MHONDHC,,,,,Main - MHONDHC,,1,0,Stock In Hand - MHONDHC,Stock Adjustment - MHONDHC,,Stock Received But Not Billed - MHONDHC,,Accumulated Depreciation - MHONDHC,Depreciation - MHONDHC,,Gain/Loss on Asset Disposal - MHONDHC,Main - MHONDHC,CWIP Account - MHONDHC,Asset Received But Not Billed - MHONDHC,0,Daily,0,,,649,650,,,,,,Gakenke,HC
Muhoza HC,2025-04-01 20:38:53.334417,2026-04-24 12:39:25.116528,uwamariyajosepha@yahoo.fr,florentin.ndabarasa@moh.gov.rw,0,0,Muhoza HC,MUHOHC,0316,RWF,Rwanda,0,,,,,,,,,,,,,,,Standard Template,,Standard,,{},0.0,28780.0,,,0.0,"{""1755561600.0"": 1, ""1757289600.0"": 16, ""1761004800.0"": 15, ""1761091200.0"": 126, ""1761177600.0"": 125, ""1761264000.0"": 73, ""1761350400.0"": 5, ""1761523200.0"": 11, ""1761609600.0"": 88, ""1761696000.0"": 59, ""1761782400.0"": 1, ""1761868800.0"": 14, ""1762128000.0"": 18, ""1762214400.0"": 24, ""1762300800.0"": 22, ""1762387200.0"": 49, ""1762473600.0"": 27, ""1762732800.0"": 33, ""1762819200.0"": 17, ""1762905600.0"": 19, ""1762992000.0"": 23, ""1763078400.0"": 17, ""1763337600.0"": 33, ""1763424000.0"": 47, ""1763510400.0"": 40, ""1763596800.0"": 3, ""1763683200.0"": 12, ""1763769600.0"": 1, ""1764028800.0"": 11, ""1764115200.0"": 26, ""1764201600.0"": 13, ""1764288000.0"": 6, ""1764374400.0"": 3, ""1764547200.0"": 41, ""1764633600.0"": 21, ""1764720000.0"": 23, ""1764806400.0"": 15, ""1764979200.0"": 55, ""1765065600.0"": 59, ""1765152000.0"": 5, ""1765324800.0"": 4, ""1765411200.0"": 12, ""1765756800.0"": 1, ""1765843200.0"": 3, ""1766102400.0"": 8, ""1766188800.0"": 1, ""1766361600.0"": 1, ""1767139200.0"": 60, ""1767225600.0"": 160, ""1767312000.0"": 184, ""1767398400.0"": 110, ""1767484800.0"": 62, ""1767571200.0"": 98, ""1767657600.0"": 187, ""1767744000.0"": 13, ""1767830400.0"": 8, ""1767916800.0"": 5, ""1768003200.0"": 1, ""1768176000.0"": 2, ""1768262400.0"": 5, ""1768348800.0"": 5, ""1768521600.0"": 1, ""1768608000.0"": 1, ""1768780800.0"": 2, ""1769385600.0"": 1}",,Cash - MUHOHC,Debtors - MUHOHC,Round Off - MUHOHC,Main - MUHOHC,Write Off - MUHOHC,Exchange Gain/Loss - MUHOHC,,,0,Creditors - MUHOHC,Cost of Goods Sold - MUHOHC,Sales - MUHOHC,,,,,Main - MUHOHC,,1,0,Stock In Hand - MUHOHC,Stock Adjustment - MUHOHC,,Stock Received But Not Billed - MUHOHC,,Accumulated Depreciation - MUHOHC,Depreciation - MUHOHC,,Gain/Loss on Asset Disposal - MUHOHC,Main - MUHOHC,CWIP Account - MUHOHC,Asset Received But Not Billed - MUHOHC,0,Daily,0,,,183,184,,,,,,Musanze,HC
Muhura Health Center,2025-04-28 08:15:10.007247,2026-04-28 17:40:38.330309,ntakirutimanachadrack78@gmail.com,mugipascal@gmail.com,0,0,Muhura Health Center,MUHRHC,0396,RWF,Rwanda,0,,,,,,,,,,,,,,,Standard Template,,Standard,,{},0.0,8266377.214,,,0.0,"{""1745971200.0"": 1, ""1748044800.0"": 2, ""1754265600.0"": 5, ""1754438400.0"": 1, ""1759276800.0"": 10, ""1759363200.0"": 24, ""1759708800.0"": 1, ""1761004800.0"": 14, ""1761177600.0"": 10, ""1761264000.0"": 15, ""1761523200.0"": 29, ""1761609600.0"": 4, ""1761955200.0"": 45, ""1762041600.0"": 36, ""1762128000.0"": 37, ""1762214400.0"": 75, ""1762300800.0"": 3, ""1762387200.0"": 62, ""1762473600.0"": 19, ""1762560000.0"": 60, ""1762646400.0"": 52, ""1762732800.0"": 101, ""1762819200.0"": 102, ""1762905600.0"": 84, ""1762992000.0"": 71, ""1763078400.0"": 72, ""1763164800.0"": 10, ""1763251200.0"": 52, ""1763337600.0"": 63, ""1763424000.0"": 26, ""1763510400.0"": 104, ""1763596800.0"": 80, ""1763683200.0"": 104, ""1763769600.0"": 56, ""1763856000.0"": 51, ""1763942400.0"": 98, ""1764028800.0"": 101, ""1764115200.0"": 119, ""1764201600.0"": 98, ""1764374400.0"": 49, ""1764460800.0"": 67, ""1764547200.0"": 89, ""1764633600.0"": 101, ""1764720000.0"": 94, ""1764806400.0"": 71, ""1764892800.0"": 116, ""1764979200.0"": 68, ""1765065600.0"": 46, ""1765152000.0"": 88, ""1765238400.0"": 85, ""1765324800.0"": 65, ""1765411200.0"": 65, ""1765497600.0"": 117, ""1765584000.0"": 73, ""1765670400.0"": 54, ""1765756800.0"": 95, ""1765843200.0"": 140, ""1765929600.0"": 149, ""1766016000.0"": 109, ""1766102400.0"": 118, ""1766188800.0"": 33, ""1766275200.0"": 50, ""1766361600.0"": 113, ""1766448000.0"": 104, ""1766534400.0"": 64, ""1766620800.0"": 27, ""1766707200.0"": 56, ""1766793600.0"": 59, ""1766880000.0"": 66, ""1766966400.0"": 106, ""1767052800.0"": 121, ""1767139200.0"": 72, ""1767225600.0"": 50, ""1767312000.0"": 47, ""1767398400.0"": 40, ""1767484800.0"": 57, ""1767571200.0"": 106, ""1767657600.0"": 90, ""1767744000.0"": 100, ""1767830400.0"": 85, ""1767916800.0"": 40, ""1768003200.0"": 75, ""1768089600.0"": 72, ""1768176000.0"": 66, ""1768262400.0"": 153, ""1768348800.0"": 133, ""1768435200.0"": 99, ""1768608000.0"": 75, ""1768694400.0"": 71, ""1768780800.0"": 119, ""1768867200.0"": 143, ""1768953600.0"": 112, ""1769040000.0"": 87, ""1769126400.0"": 76, ""1769212800.0"": 76, ""1769299200.0"": 54, ""1769385600.0"": 106, ""1769472000.0"": 164, ""1769558400.0"": 141, ""1769644800.0"": 87, ""1769731200.0"": 112, ""1769817600.0"": 75, ""1769904000.0"": 65, ""1769990400.0"": 89, ""1770076800.0"": 95, ""1770163200.0"": 135, ""1770422400.0"": 55, ""1770508800.0"": 36, ""1770595200.0"": 129, ""1770681600.0"": 153, ""1770768000.0"": 133, ""1770854400.0"": 138, ""1770940800.0"": 115, ""1771027200.0"": 54, ""1771113600.0"": 72, ""1771200000.0"": 111, ""1771286400.0"": 130, ""1771372800.0"": 101}",,Cash - MUHRHC,Debtors - MUHRHC,Round Off - MUHRHC,Main - MUHRHC,Write Off - MUHRHC,Exchange Gain/Loss - MUHRHC,,,0,Creditors - MUHRHC,Cost of Goods Sold - MUHRHC,Sales - MUHRHC,,,,,Main - MUHRHC,,1,0,Stock In Hand - MUHRHC,Stock Adjustment - MUHRHC,,Stock Received But Not Billed - MUHRHC,,Accumulated Depreciation - MUHRHC,Depreciation - MUHRHC,,Gain/Loss on Asset Disposal - MUHRHC,Main - MUHRHC,CWIP Account - MUHRHC,Asset Received But Not Billed - MUHRHC,0,Daily,0,,,309,310,,,,,,Gatsibo,HC
Mukarange (Gicumbi) Health Center,2025-07-24 00:26:11.769178,2026-04-28 09:23:51.540067,alphonsensabiman483@gmail.com,ildephonse90@yahoo.com,0,0,Mukarange (Gicumbi) Health Center,MKRNGHC,1655,RWF,Rwanda,0,,,,,,,,,,,,,,,Standard Template,,Standard,,{},0.0,66739.0,,,0.0,"{""1753747200.0"": 1, ""1756512000.0"": 1, ""1763942400.0"": 1, ""1767139200.0"": 15, ""1770249600.0"": 3, ""1770940800.0"": 3, ""1771286400.0"": 18}",,Cash - MKRNGHC,Debtors - MKRNGHC,Round Off - MKRNGHC,Main - MKRNGHC,Write Off - MKRNGHC,Exchange Gain/Loss - MKRNGHC,,,0,Creditors - MKRNGHC,Cost of Goods Sold - MKRNGHC,Sales - MKRNGHC,,,,,Main - MKRNGHC,,1,0,Stock In Hand - MKRNGHC,Stock Adjustment - MKRNGHC,,Stock Received But Not Billed - MKRNGHC,,Accumulated Depreciation - MKRNGHC,Depreciation - MKRNGHC,,Gain/Loss on Asset Disposal - MKRNGHC,Main - MKRNGHC,CWIP Account - MKRNGHC,Asset Received But Not Billed - MKRNGHC,0,Daily,0,,,469,470,,,,,,Gicumbi,HC
Mukarange Health Center,2025-04-26 22:49:06.094411,2026-04-28 10:49:49.798489,umutofanny554@gmail.com,florentin.ndabarasa@moh.gov.rw,0,0,Mukarange Health Center,MUKRGHC,0409,RWF,Rwanda,0,,,,,,,,,,,,,,,Standard Template,,Standard,,{},0.0,41364.0,,,0.0,"{""1748044800.0"": 19, ""1770336000.0"": 1, ""1770940800.0"": 1, ""1771200000.0"": 1, ""1771286400.0"": 10}",,Cash - MUKRGHC,Debtors - MUKRGHC,Round Off - MUKRGHC,Main - MUKRGHC,Write Off - MUKRGHC,Exchange Gain/Loss - MUKRGHC,,,0,Creditors - MUKRGHC,Cost of Goods Sold - MUKRGHC,Sales - MUKRGHC,,,,,Main - MUKRGHC,,1,0,Stock In Hand - MUKRGHC,Stock Adjustment - MUKRGHC,,Stock Received But Not Billed - MUKRGHC,,Accumulated Depreciation - MUKRGHC,Depreciation - MUKRGHC,,Gain/Loss on Asset Disposal - MUKRGHC,Main - MUKRGHC,CWIP Account - MUKRGHC,Asset Received But Not Billed - MUKRGHC,0,Daily,0,,,267,268,,,,,,Kayonza,HC
Muko Health Center,2025-07-24 00:29:49.214830,2026-02-18 17:26:55.009917,Administrator,ildephonse90@yahoo.com,0,0,Muko Health Center,MKOHC,0343,RWF,Rwanda,0,,,,,,,,,,,,,,,Standard Template,,Standard,,{},0.0,12995.18,,,0.0,"{""1753747200.0"": 1, ""1753920000.0"": 4, ""1754265600.0"": 1, ""1754611200.0"": 1, ""1756857600.0"": 1, ""1757030400.0"": 1, ""1757376000.0"": 2, ""1757548800.0"": 1, ""1764115200.0"": 1, ""1768348800.0"": 1}",,Cash - MKOHC,Debtors - MKOHC,Round Off - MKOHC,Main - MKOHC,Write Off - MKOHC,Exchange Gain/Loss - MKOHC,,,0,Creditors - MKOHC,Cost of Goods Sold - MKOHC,Sales - MKOHC,,,,,Main - MKOHC,,1,0,Stock In Hand - MKOHC,Stock Adjustment - MKOHC,,Stock Received But Not Billed - MKOHC,,Accumulated Depreciation - MKOHC,Depreciation - MKOHC,,Gain/Loss on Asset Disposal - MKOHC,Main - MKOHC,CWIP Account - MKOHC,Asset Received But Not Billed - MKOHC,0,Daily,0,,,471,472,,,,,,Gicumbi,HC
Mukono Health Center,2025-07-23 23:42:06.149187,2026-04-17 15:32:24.448826,muhawenayojoyce@gmail.com,ildephonse90@yahoo.com,0,0,Mukono Health Center,MKMHC,0344,RWF,Rwanda,0,,,,,,,,,,,,,,,Standard Template,,Standard,,{},0.0,72199.4,,,0.0,"{""1757462400.0"": 1, ""1766448000.0"": 1, ""1770768000.0"": 12, ""1770854400.0"": 5, ""1770940800.0"": 1}",,Cash - MKMHC,Debtors - MKMHC,Round Off - MKMHC,Main - MKMHC,Write Off - MKMHC,Exchange Gain/Loss - MKMHC,,,0,Creditors - MKMHC,Cost of Goods Sold - MKMHC,Sales - MKMHC,,,,,Main - MKMHC,,1,0,Stock In Hand - MKMHC,Stock Adjustment - MKMHC,,Stock Received But Not Billed - MKMHC,,Accumulated Depreciation - MKMHC,Depreciation - MKMHC,,Gain/Loss on Asset Disposal - MKMHC,Main - MKMHC,CWIP Account - MKMHC,Asset Received But Not Billed - MKMHC,0,Daily,0,,,451,452,,,,,,Gicumbi,HC
Mukura Health Center,2026-01-16 12:27:28.815723,2026-04-28 18:45:47.856299,jeanturikunkiko2@gmail.com,mararashema@gmail.com,0,0,Mukura Health Center,MKRHC,1557,RWF,Rwanda,0,,Kinihira PH,,,,,,,,,,,,,Standard Template,,Standard,,{},0.0,10335247.93,,,0.0,"{""1768867200.0"": 18, ""1768953600.0"": 9, ""1769040000.0"": 17, ""1769126400.0"": 3, ""1769385600.0"": 53, ""1769472000.0"": 50, ""1769558400.0"": 60, ""1769644800.0"": 49, ""1769731200.0"": 50, ""1769817600.0"": 26, ""1769990400.0"": 10, ""1770076800.0"": 26, ""1770163200.0"": 28, ""1770249600.0"": 29, ""1770336000.0"": 42, ""1770422400.0"": 17, ""1770508800.0"": 8, ""1770595200.0"": 3, ""1770681600.0"": 20, ""1770768000.0"": 22, ""1770854400.0"": 41, ""1770940800.0"": 24, ""1771027200.0"": 23, ""1771113600.0"": 14, ""1771200000.0"": 32, ""1771286400.0"": 31, ""1771372800.0"": 32}",,Cash - MKRHC,Debtors - MKRHC,Round Off - MKRHC,Main - MKRHC,Write Off - MKRHC,Exchange Gain/Loss - MKRHC,,,0,Creditors - MKRHC,Cost of Goods Sold - MKRHC,Sales - MKRHC,,,,,Main - MKRHC,,1,0,Stock In Hand - MKRHC,Stock Adjustment - MKRHC,,Stock Received But Not Billed - MKRHC,,Accumulated Depreciation - MKRHC,Depreciation - MKRHC,,Gain/Loss on Asset Disposal - MKRHC,Main - MKRHC,CWIP Account - MKRHC,Asset Received But Not Billed - MKRHC,0,Daily,0,,,633,634,,,,,,Huye,HC
Mulindi (Gicumbi) Health Center,2025-07-24 00:12:58.252055,2026-04-28 17:28:15.061505,ishimwethierry100@gmail.com,ildephonse90@yahoo.com,0,0,Mulindi (Gicumbi) Health Center,MULHC,0345,RWF,Rwanda,0,,,,,,,,,,,,,,,Standard Template,,Standard,,{},0.0,762312.794,,,0.0,"{""1754265600.0"": 1, ""1756944000.0"": 5, ""1757030400.0"": 3, ""1757289600.0"": 1, ""1757462400.0"": 3, ""1759968000.0"": 2, ""1760572800.0"": 1, ""1761091200.0"": 1, ""1767139200.0"": 4}",,Cash - MULHC,Debtors - MULHC,Round Off - MULHC,Main - MULHC,Write Off - MULHC,Exchange Gain/Loss - MULHC,,,0,Creditors - MULHC,Cost of Goods Sold - MULHC,Sales - MULHC,,,,,Main - MULHC,,1,0,Stock In Hand - MULHC,Stock Adjustment - MULHC,,Stock Received But Not Billed - MULHC,,Accumulated Depreciation - MULHC,Depreciation - MULHC,,Gain/Loss on Asset Disposal - MULHC,Main - MULHC,CWIP Account - MULHC,Asset Received But Not Billed - MULHC,0,Daily,0,,,463,464,,,,,,Gicumbi,HC
Mulindi (Kirehe) Health Center,2025-07-23 19:38:40.950991,2026-04-05 16:54:49.462025,nsengamichel12@gmail.com,mugipascal@gmail.com,0,0,Mulindi (Kirehe) Health Center,M(HC,0425,RWF,Rwanda,0,,,,,,,,,,,,,,,Standard Template,,Standard,,{},0.0,1000.0,,,0.0,"{""1753833600.0"": 1, ""1754265600.0"": 4, ""1754352000.0"": 14, ""1754438400.0"": 78, ""1754524800.0"": 22, ""1754611200.0"": 10, ""1754784000.0"": 1, ""1754870400.0"": 22, ""1754956800.0"": 3, ""1755475200.0"": 18, ""1755561600.0"": 2, ""1756252800.0"": 2, ""1756684800.0"": 8, ""1757635200.0"": 1, ""1758153600.0"": 3, ""1758240000.0"": 7, ""1758585600.0"": 39, ""1758672000.0"": 50, ""1758758400.0"": 60, ""1758844800.0"": 63, ""1758931200.0"": 41, ""1759017600.0"": 28, ""1759104000.0"": 65, ""1759190400.0"": 93, ""1759276800.0"": 78, ""1759363200.0"": 78, ""1759449600.0"": 61, ""1759536000.0"": 28, ""1759622400.0"": 29, ""1759708800.0"": 49, ""1759795200.0"": 42, ""1759881600.0"": 14, ""1759968000.0"": 59, ""1760054400.0"": 59, ""1760140800.0"": 25, ""1760227200.0"": 18, ""1760313600.0"": 67, ""1760400000.0"": 60, ""1760486400.0"": 62, ""1760572800.0"": 65, ""1760659200.0"": 60, ""1760745600.0"": 27, ""1760832000.0"": 21, ""1760918400.0"": 65, ""1761004800.0"": 46, ""1761091200.0"": 57, ""1761177600.0"": 22, ""1761264000.0"": 8, ""1761350400.0"": 38, ""1761436800.0"": 10, ""1761523200.0"": 65, ""1761609600.0"": 16, ""1761696000.0"": 28, ""1761782400.0"": 31, ""1761868800.0"": 48, ""1761955200.0"": 22, ""1762041600.0"": 27, ""1762128000.0"": 73, ""1762214400.0"": 44, ""1762300800.0"": 73, ""1762387200.0"": 55, ""1762473600.0"": 19, ""1762560000.0"": 43, ""1762646400.0"": 32, ""1762732800.0"": 37, ""1762819200.0"": 30, ""1762905600.0"": 42, ""1762992000.0"": 8, ""1763078400.0"": 2, ""1763164800.0"": 3, ""1763251200.0"": 6, ""1763337600.0"": 18, ""1763424000.0"": 18, ""1763510400.0"": 37, ""1763596800.0"": 11, ""1763683200.0"": 27, ""1763769600.0"": 1, ""1763942400.0"": 7, ""1764028800.0"": 14, ""1764115200.0"": 8, ""1764633600.0"": 1, ""1764720000.0"": 3, ""1764806400.0"": 5, ""1765152000.0"": 2, ""1765324800.0"": 1, ""1765411200.0"": 4, ""1765497600.0"": 1, ""1765756800.0"": 1, ""1765843200.0"": 1, ""1766016000.0"": 1, ""1766102400.0"": 49, ""1766188800.0"": 51, ""1766275200.0"": 45, ""1766361600.0"": 73, ""1766448000.0"": 88, ""1766534400.0"": 83, ""1766620800.0"": 58, ""1766707200.0"": 76, ""1766793600.0"": 21, ""1766880000.0"": 17, ""1766966400.0"": 66, ""1767052800.0"": 82, ""1767139200.0"": 44, ""1767225600.0"": 53, ""1767312000.0"": 74, ""1767398400.0"": 33, ""1767484800.0"": 47, ""1767571200.0"": 59, ""1767657600.0"": 95, ""1767744000.0"": 6, ""1767830400.0"": 4, ""1767916800.0"": 2, ""1768003200.0"": 1, ""1768176000.0"": 3, ""1768348800.0"": 2, ""1768953600.0"": 2, ""1769472000.0"": 2, ""1769558400.0"": 1, ""1769644800.0"": 48, ""1769731200.0"": 99, ""1769817600.0"": 50, ""1769904000.0"": 33, ""1769990400.0"": 1, ""1770076800.0"": 43, ""1770163200.0"": 46, ""1770249600.0"": 26, ""1770336000.0"": 51, ""1770595200.0"": 60, ""1770681600.0"": 50, ""1771027200.0"": 44, ""1771113600.0"": 18}",,Cash - M(HC,Debtors - M(HC,Round Off - M(HC,Main - M(HC,Write Off - M(HC,Exchange Gain/Loss - M(HC,,,0,Creditors - M(HC,Cost of Goods Sold - M(HC,Sales - M(HC,,,,,Main - M(HC,,1,0,Stock In Hand - M(HC,Stock Adjustment - M(HC,,Stock Received But Not Billed - M(HC,,Accumulated Depreciation - M(HC,Depreciation - M(HC,,Gain/Loss on Asset Disposal - M(HC,Main - M(HC,CWIP Account - M(HC,Asset Received But Not Billed - M(HC,0,Daily,0,,,433,434,,,,,,Kirehe,HC
Munyaga Health Center,2025-04-01 13:32:40.334981,2026-04-22 08:38:22.046780,dchrista029@gmail.com,mugipascal@gmail.com,0,0,Munyaga Health Center,MUYGHC,0356,RWF,Rwanda,0,,,,,,,,,,,,,,,Standard Template,,Standard,,{},0.0,250.0,,,0.0,"{""1745366400.0"": 1, ""1748044800.0"": 32, ""1748131200.0"": 16, ""1748995200.0"": 2, ""1750032000.0"": 1, ""1757376000.0"": 1, ""1766016000.0"": 3}",,Cash - MUYGHC,Debtors - MUYGHC,Round Off - MUYGHC,Main - MUYGHC,Write Off - MUYGHC,Exchange Gain/Loss - MUYGHC,,,0,Creditors - MUYGHC,Cost of Goods Sold - MUYGHC,Sales - MUYGHC,,,,,Main - MUYGHC,,1,0,Stock In Hand - MUYGHC,Stock Adjustment - MUYGHC,,Stock Received But Not Billed - MUYGHC,,Accumulated Depreciation - MUYGHC,Depreciation - MUYGHC,,Gain/Loss on Asset Disposal - MUYGHC,Main - MUYGHC,CWIP Account - MUYGHC,Asset Received But Not Billed - MUYGHC,0,Daily,0,,,169,170,,,,,,Rwamagana,HC
MUNYIGINYA HC,2025-03-31 15:47:41.009316,2026-04-28 14:45:02.261412,jeannetteuwingeneye4@gmail.com,mugipascal@gmail.com,0,88,MUNYIGINYA HC,MUNYHC,2135,RWF,Rwanda,0,,,,,,,,,,,,,,,Standard Template,,Standard,,{},0.0,150770.0,,,0.0,"{""1744761600.0"": 1, ""1745280000.0"": 1, ""1747180800.0"": 4, ""1747872000.0"": 1, ""1747958400.0"": 3, ""1748044800.0"": 28, ""1748131200.0"": 12, ""1748476800.0"": 1, ""1748563200.0"": 4, ""1748649600.0"": 2, ""1748908800.0"": 2, ""1749168000.0"": 3, ""1749686400.0"": 2, ""1750204800.0"": 1, ""1750291200.0"": 3, ""1750809600.0"": 5, ""1750896000.0"": 2, ""1750982400.0"": 4, ""1751414400.0"": 3, ""1751500800.0"": 2, ""1751673600.0"": 2, ""1751760000.0"": 1, ""1751932800.0"": 1, ""1752019200.0"": 2, ""1752105600.0"": 1, ""1752278400.0"": 1, ""1752710400.0"": 1, ""1752796800.0"": 1, ""1752969600.0"": 1, ""1753228800.0"": 1, ""1753315200.0"": 1, ""1753833600.0"": 1, ""1753920000.0"": 1, ""1754006400.0"": 1, ""1754265600.0"": 7, ""1754352000.0"": 50, ""1754438400.0"": 14, ""1754524800.0"": 70, ""1754611200.0"": 13, ""1754697600.0"": 16, ""1754784000.0"": 6, ""1754870400.0"": 5, ""1754956800.0"": 14, ""1755043200.0"": 37, ""1755129600.0"": 35, ""1755216000.0"": 38, ""1755302400.0"": 18, ""1755388800.0"": 22, ""1755475200.0"": 33, ""1755561600.0"": 45, ""1755648000.0"": 45, ""1755734400.0"": 39, ""1755820800.0"": 14, ""1755907200.0"": 15, ""1755993600.0"": 18, ""1756080000.0"": 15, ""1756166400.0"": 8, ""1756252800.0"": 9, ""1756339200.0"": 11, ""1756425600.0"": 5, ""1756512000.0"": 16, ""1756598400.0"": 8, ""1756684800.0"": 16, ""1756771200.0"": 2, ""1756857600.0"": 2, ""1757030400.0"": 3, ""1757116800.0"": 28, ""1757203200.0"": 20, ""1757289600.0"": 2, ""1757376000.0"": 20, ""1757462400.0"": 28, ""1757548800.0"": 42, ""1757635200.0"": 8, ""1757721600.0"": 10, ""1757808000.0"": 5, ""1757894400.0"": 21, ""1757980800.0"": 21, ""1758067200.0"": 24, ""1758153600.0"": 42, ""1758240000.0"": 40, ""1758326400.0"": 30, ""1758412800.0"": 14, ""1758499200.0"": 32, ""1758585600.0"": 37, ""1758672000.0"": 20, ""1758758400.0"": 30, ""1758844800.0"": 25, ""1758931200.0"": 29, ""1759017600.0"": 26, ""1759104000.0"": 24, ""1759190400.0"": 30, ""1759276800.0"": 27, ""1759363200.0"": 46, ""1759449600.0"": 44, ""1759536000.0"": 23, ""1759622400.0"": 8, ""1759708800.0"": 22, ""1759795200.0"": 14, ""1759881600.0"": 26, ""1759968000.0"": 32, ""1760054400.0"": 21, ""1760140800.0"": 35, ""1760227200.0"": 23, ""1760313600.0"": 20, ""1760400000.0"": 14, ""1760486400.0"": 9, ""1760572800.0"": 47, ""1760659200.0"": 3, ""1760745600.0"": 14, ""1760832000.0"": 28, ""1760918400.0"": 29, ""1761004800.0"": 64, ""1761091200.0"": 23, ""1761177600.0"": 30, ""1761264000.0"": 48, ""1761350400.0"": 17, ""1761436800.0"": 17, ""1761523200.0"": 16, ""1761609600.0"": 11, ""1761696000.0"": 41, ""1761782400.0"": 45, ""1761868800.0"": 48, ""1761955200.0"": 27, ""1762041600.0"": 9, ""1762128000.0"": 9, ""1762214400.0"": 39, ""1762300800.0"": 54, ""1762387200.0"": 54, ""1762473600.0"": 2, ""1762560000.0"": 44, ""1762646400.0"": 26, ""1762732800.0"": 28, ""1762819200.0"": 12, ""1762905600.0"": 6, ""1762992000.0"": 59, ""1763078400.0"": 28, ""1763164800.0"": 37, ""1763337600.0"": 18, ""1763424000.0"": 46, ""1763510400.0"": 57, ""1764028800.0"": 1, ""1765929600.0"": 1}",,Cash - MUNYHC,Debtors - MUNYHC,Round Off - MUNYHC,Main - MUNYHC,Write Off - MUNYHC,Exchange Gain/Loss - MUNYHC,,,0,Creditors - MUNYHC,Cost of Goods Sold - MUNYHC,Sales - MUNYHC,,,,,Main - MUNYHC,,1,0,Stock In Hand - MUNYHC,Stock Adjustment - MUNYHC,,Stock Received But Not Billed - MUNYHC,,Accumulated Depreciation - MUNYHC,Depreciation - MUNYHC,,Gain/Loss on Asset Disposal - MUNYHC,Main - MUNYHC,CWIP Account - MUNYHC,Asset Received But Not Billed - MUNYHC,0,Daily,0,,,149,150,,,,,,Rwamagana,HC
Munyinya Health Center,2025-07-24 00:51:50.986028,2026-04-20 10:43:17.325842,profdan17@gmail.com,ildephonse90@yahoo.com,0,0,Munyinya Health Center,MUNYIHC,0346,RWF,Rwanda,0,,,,,,,,,,,,,,,Standard Template,,Standard,,{},0.0,16900.0,,,0.0,"{""1763510400.0"": 1, ""1767052800.0"": 18}",,Cash - MUNYIHC,Debtors - MUNYIHC,Round Off - MUNYIHC,Main - MUNYIHC,Write Off - MUNYIHC,Exchange Gain/Loss - MUNYIHC,,,0,Creditors - MUNYIHC,Cost of Goods Sold - MUNYIHC,Sales - MUNYIHC,,,,,Main - MUNYIHC,,1,0,Stock In Hand - MUNYIHC,Stock Adjustment - MUNYIHC,,Stock Received But Not Billed - MUNYIHC,,Accumulated Depreciation - MUNYIHC,Depreciation - MUNYIHC,,Gain/Loss on Asset Disposal - MUNYIHC,Main - MUNYIHC,CWIP Account - MUNYIHC,Asset Received But Not Billed - MUNYIHC,0,Daily,0,,,481,482,,,,,,Gicumbi,HC
MURAMBI HC,2025-03-31 16:16:53.784127,2026-04-23 11:38:44.573889,mbarushimanatheo21@gmail.com,mugipascal@gmail.com,0,0,MURAMBI HC,MURAMHC,0585,RWF,Rwanda,0,,,,,,,,,,,,,,,Standard Template,,Standard,,{},0.0,600.0,,,0.0,"{""1744675200.0"": 1, ""1747958400.0"": 26, ""1748044800.0"": 28, ""1748131200.0"": 18, ""1749600000.0"": 1, ""1750032000.0"": 1, ""1754179200.0"": 2, ""1754265600.0"": 6, ""1758153600.0"": 13, ""1758240000.0"": 10, ""1758326400.0"": 7, ""1758412800.0"": 12, ""1758499200.0"": 1, ""1758585600.0"": 7, ""1758672000.0"": 1, ""1758844800.0"": 2, ""1759190400.0"": 2, ""1759363200.0"": 2, ""1759449600.0"": 6, ""1759795200.0"": 2, ""1760659200.0"": 1, ""1761609600.0"": 2, ""1762646400.0"": 1, ""1763337600.0"": 1}",,Cash - MURAMHC,Debtors - MURAMHC,Round Off - MURAMHC,Main - MURAMHC,Write Off - MURAMHC,Exchange Gain/Loss - MURAMHC,,,0,Creditors - MURAMHC,Cost of Goods Sold - MURAMHC,Sales - MURAMHC,,,,,Main - MURAMHC,,1,0,Stock In Hand - MURAMHC,Stock Adjustment - MURAMHC,,Stock Received But Not Billed - MURAMHC,,Accumulated Depreciation - MURAMHC,Depreciation - MURAMHC,,Gain/Loss on Asset Disposal - MURAMHC,Main - MURAMHC,CWIP Account - MURAMHC,Asset Received But Not Billed - MURAMHC,0,Daily,0,,,157,158,,,,,,Rwamagana,HC
Murambi Health Center,2024-10-30 14:59:33.364742,2026-04-17 11:21:46.118156,niyitegekamethode@gmail.com,rukundojoe30@gmail.com,0,20,Murambi Health Center,MURHC,0276,RWF,Rwanda,0,,,,,,,,,,,,,,,Standard Template,,Standard,,{},0.0,4670.062,,,0.0,"{""1748044800.0"": 6, ""1748131200.0"": 18, ""1762214400.0"": 3, ""1766448000.0"": 4, ""1770854400.0"": 2}",,Cash - MURHC,Debtors - MURHC,Round Off - MURHC,Main - MURHC,Write Off - MURHC,Exchange Gain/Loss - MURHC,,,0,Creditors - MURHC,Cost of Goods Sold - MURHC,Sales - MURHC,,,,,Main - MURHC,,1,0,Stock In Hand - MURHC,Stock Adjustment - MURHC,,Stock Received But Not Billed - MURHC,,Accumulated Depreciation - MURHC,Depreciation - MURHC,,Gain/Loss on Asset Disposal - MURHC,Main - MURHC,CWIP Account - MURHC,Asset Received But Not Billed - MURHC,0,Daily,0,,,97,98,,,,,,Rulindo,HC
Murandi Health Center,2025-04-16 21:41:34.659679,2026-04-28 16:12:19.154270,claudeteuwamariya2@gmail.com,rukundojoe30@gmail.com,0,0,Murandi Health Center,MRNDHC,0314,RWF,Rwanda,0,,,,,,,,,,,,,,,Standard Template,,Standard,,{},0.0,3800.0,,,0.0,"{""1759968000.0"": 1, ""1761004800.0"": 2, ""1761177600.0"": 6, ""1761264000.0"": 1, ""1761523200.0"": 8, ""1761609600.0"": 9, ""1761696000.0"": 7, ""1761782400.0"": 40, ""1761868800.0"": 3, ""1762128000.0"": 23, ""1762214400.0"": 6, ""1762300800.0"": 5, ""1762387200.0"": 1, ""1762473600.0"": 6, ""1762560000.0"": 1, ""1762819200.0"": 9, ""1762905600.0"": 3, ""1762992000.0"": 3, ""1763337600.0"": 4, ""1763596800.0"": 1, ""1764720000.0"": 1, ""1767830400.0"": 2, ""1770076800.0"": 1}",,Cash - MRNDHC,Debtors - MRNDHC,Round Off - MRNDHC,Main - MRNDHC,Write Off - MRNDHC,Exchange Gain/Loss - MRNDHC,,,0,Creditors - MRNDHC,Cost of Goods Sold - MRNDHC,Sales - MRNDHC,,,,,Main - MRNDHC,,1,0,Stock In Hand - MRNDHC,Stock Adjustment - MRNDHC,,Stock Received But Not Billed - MRNDHC,,Accumulated Depreciation - MRNDHC,Depreciation - MRNDHC,,Gain/Loss on Asset Disposal - MRNDHC,Main - MRNDHC,CWIP Account - MRNDHC,Asset Received But Not Billed - MRNDHC,0,Daily,0,,,213,214,,,,,,Musanze,HC
Murara Health Center,2025-05-14 21:51:09.672004,2026-02-18 17:26:53.726975,Administrator,florentin.ndabarasa@moh.gov.rw,0,0,Murara Health Center,MRRAHC,0203,RWF,Rwanda,0,,,,,,,,,,,,,,,Standard Template,,Standard,,{},0.0,4656.8,,,0.0,"{""1749686400.0"": 1, ""1760313600.0"": 1, ""1760486400.0"": 1}",,Cash - MRRAHC,Debtors - MRRAHC,Round Off - MRRAHC,Main - MRRAHC,Write Off - MRRAHC,Exchange Gain/Loss - MRRAHC,,,0,Creditors - MRRAHC,Cost of Goods Sold - MRRAHC,Sales - MRRAHC,,,,,Main - MRRAHC,,1,0,Stock In Hand - MRRAHC,Stock Adjustment - MRRAHC,,Stock Received But Not Billed - MRRAHC,,Accumulated Depreciation - MRRAHC,Depreciation - MRRAHC,,Gain/Loss on Asset Disposal - MRRAHC,Main - MRRAHC,CWIP Account - MRRAHC,Asset Received But Not Billed - MRRAHC,0,Daily,0,,,345,346,,,,,,Rubavu,HC
Musambira Health Center,2025-11-15 10:54:16.000863,2026-03-28 08:29:17.476243,yvelineneza@gmail.com,mararashema@gmail.com,0,0,Musambira Health Center,MSBHC,0150,RWF,Rwanda,0,,,,,,,,,,,,,,,Standard Template,,Standard,,{},0.0,2200.0,,,0.0,"{""1763337600.0"": 30, ""1763424000.0"": 43, ""1763510400.0"": 11, ""1763596800.0"": 1, ""1763942400.0"": 1, ""1764028800.0"": 1, ""1764115200.0"": 2, ""1764201600.0"": 3, ""1767744000.0"": 24, ""1767830400.0"": 43, ""1767916800.0"": 4}",,Cash - MSBHC,Debtors - MSBHC,Round Off - MSBHC,Main - MSBHC,Write Off - MSBHC,Exchange Gain/Loss - MSBHC,,,0,Creditors - MSBHC,Cost of Goods Sold - MSBHC,Sales - MSBHC,,,,,Main - MSBHC,,1,0,Stock In Hand - MSBHC,Stock Adjustment - MSBHC,,Stock Received But Not Billed - MSBHC,,Accumulated Depreciation - MSBHC,Depreciation - MSBHC,,Gain/Loss on Asset Disposal - MSBHC,Main - MSBHC,CWIP Account - MSBHC,Asset Received But Not Billed - MSBHC,0,Daily,0,,,543,544,,,,,,Kamonyi,HC
Musanze Health Center,2025-05-03 22:27:00.198761,2026-04-28 16:04:09.843752,uwijado55@yahoo.com,florentin.ndabarasa@moh.gov.rw,0,0,Musanze Health Center,MUSNZHC,1475,RWF,Rwanda,0,,,,,,,,,,,,,,,Standard Template,,Standard,,{},0.0,138204.6,,,0.0,"{""1754611200.0"": 1, ""1761868800.0"": 3, ""1762300800.0"": 3, ""1764028800.0"": 4, ""1764115200.0"": 55, ""1764201600.0"": 36, ""1764288000.0"": 33, ""1764374400.0"": 22, ""1764460800.0"": 32, ""1764547200.0"": 66, ""1764633600.0"": 46, ""1764720000.0"": 47, ""1764806400.0"": 50, ""1764892800.0"": 40, ""1764979200.0"": 42, ""1765065600.0"": 28, ""1765152000.0"": 63, ""1765238400.0"": 31, ""1765324800.0"": 46, ""1765411200.0"": 55, ""1765497600.0"": 13, ""1765584000.0"": 32, ""1765670400.0"": 9, ""1765756800.0"": 70, ""1765843200.0"": 20, ""1765929600.0"": 73, ""1766016000.0"": 59, ""1766102400.0"": 44, ""1766188800.0"": 9, ""1766275200.0"": 12, ""1766361600.0"": 3, ""1766448000.0"": 21, ""1766534400.0"": 4, ""1766620800.0"": 24, ""1766707200.0"": 50, ""1766793600.0"": 14, ""1766880000.0"": 21, ""1766966400.0"": 58, ""1767052800.0"": 54, ""1767139200.0"": 11, ""1767225600.0"": 18, ""1767312000.0"": 1, ""1767398400.0"": 20, ""1767484800.0"": 21, ""1767571200.0"": 97, ""1767657600.0"": 45, ""1767744000.0"": 56, ""1767830400.0"": 40, ""1767916800.0"": 61, ""1768003200.0"": 21, ""1768089600.0"": 16, ""1768176000.0"": 17, ""1768262400.0"": 30, ""1768348800.0"": 76, ""1768435200.0"": 55, ""1768521600.0"": 18, ""1768608000.0"": 36, ""1768694400.0"": 34, ""1768780800.0"": 91, ""1768867200.0"": 48, ""1768953600.0"": 67, ""1769040000.0"": 64, ""1769126400.0"": 43, ""1769212800.0"": 38, ""1769299200.0"": 30, ""1769385600.0"": 65, ""1769472000.0"": 45, ""1769558400.0"": 52, ""1769644800.0"": 40, ""1769731200.0"": 36, ""1769817600.0"": 19, ""1769904000.0"": 14, ""1769990400.0"": 1, ""1770076800.0"": 62, ""1770163200.0"": 42, ""1770249600.0"": 17, ""1770336000.0"": 48, ""1770422400.0"": 24, ""1770508800.0"": 28, ""1770595200.0"": 37, ""1770681600.0"": 44, ""1770768000.0"": 50, ""1770854400.0"": 47, ""1770940800.0"": 5, ""1771027200.0"": 33, ""1771113600.0"": 21, ""1771200000.0"": 83, ""1771286400.0"": 75, ""1771372800.0"": 80}",,Cash - MUSNZHC,Debtors - MUSNZHC,Round Off - MUSNZHC,Main - MUSNZHC,Write Off - MUSNZHC,Exchange Gain/Loss - MUSNZHC,,,0,Creditors - MUSNZHC,Cost of Goods Sold - MUSNZHC,Sales - MUSNZHC,,,,,Main - MUSNZHC,,1,0,Stock In Hand - MUSNZHC,Stock Adjustment - MUSNZHC,,Stock Received But Not Billed - MUSNZHC,,Accumulated Depreciation - MUSNZHC,Depreciation - MUSNZHC,,Gain/Loss on Asset Disposal - MUSNZHC,Main - MUSNZHC,CWIP Account - MUSNZHC,Asset Received But Not Billed - MUSNZHC,0,Daily,0,,,317,318,,,,,,Musanze,HC
Musanze Prison Health Center,2025-10-27 10:36:09.802154,2026-02-18 17:26:53.790314,Administrator,ildephonse90@yahoo.com,0,0,Musanze Prison Health Center,MSPHC,0536,RWF,Rwanda,0,,,,,,,,,,,,,,,Standard Template,,Standard,,{},0.0,0.0,,,0.0,"{""1762300800.0"": 1}",,Cash - MSPHC,Debtors - MSPHC,Round Off - MSPHC,Main - MSPHC,Write Off - MSPHC,Exchange Gain/Loss - MSPHC,,,0,Creditors - MSPHC,Cost of Goods Sold - MSPHC,Sales - MSPHC,,,,,Main - MSPHC,,1,0,Stock In Hand - MSPHC,Stock Adjustment - MSPHC,,Stock Received But Not Billed - MSPHC,,Accumulated Depreciation - MSPHC,Depreciation - MSPHC,,Gain/Loss on Asset Disposal - MSPHC,Main - MSPHC,CWIP Account - MSPHC,Asset Received But Not Billed - MSPHC,0,Daily,0,,,521,522,,,,,,Musanze,HC
Musasa Health Center,2024-10-29 15:11:37.376960,2026-02-18 17:26:53.210710,Administrator,rukundojoe30@gmail.com,0,0,Musasa Health Center,MUSHC,0191,RWF,Rwanda,0,,,,,,,,,,,,,,,Standard Template,,Standard,,{},0.0,200.0,,,0.0,{},,Cash - MUSHC,Debtors - MUSHC,Round Off - MUSHC,Main - MUSHC,Write Off - MUSHC,Exchange Gain/Loss - MUSHC,,,0,Creditors - MUSHC,Cost of Goods Sold - MUSHC,Sales - MUSHC,,,,,Main - MUSHC,,1,0,Stock In Hand - MUSHC,Stock Adjustment - MUSHC,,Stock Received But Not Billed - MUSHC,,Accumulated Depreciation - MUSHC,Depreciation - MUSHC,,Gain/Loss on Asset Disposal - MUSHC,Main - MUSHC,CWIP Account - MUSHC,Asset Received But Not Billed - MUSHC,0,Daily,0,,,95,96,,,,,,Rutsiro,HC
Musaza Health Center,2025-07-23 15:23:49.865264,2026-03-26 16:32:43.227987,nyiransabimanaolive34@gmail.com,mugipascal@gmail.com,0,0,Musaza Health Center,MSZHC,0426,RWF,Rwanda,0,,,,,,,,,,,,,,,Standard Template,,Standard,,{},0.0,30982.775,,,0.0,"{""1753920000.0"": 1, ""1754438400.0"": 2}",,Cash - MSZHC,Debtors - MSZHC,Round Off - MSZHC,Main - MSZHC,Write Off - MSZHC,Exchange Gain/Loss - MSZHC,,,0,Creditors - MSZHC,Cost of Goods Sold - MSZHC,Sales - MSZHC,,,,,Main - MSZHC,,1,0,Stock In Hand - MSZHC,Stock Adjustment - MSZHC,,Stock Received But Not Billed - MSZHC,,Accumulated Depreciation - MSZHC,Depreciation - MSZHC,,Gain/Loss on Asset Disposal - MSZHC,Main - MSZHC,CWIP Account - MSZHC,Asset Received But Not Billed - MSZHC,0,Daily,0,,,413,414,,,,,,Kirehe,HC
Musenyi (Gicumbi) Health Center,2025-07-24 00:35:29.892874,2026-02-18 17:26:55.002147,Administrator,ildephonse90@yahoo.com,0,0,Musenyi (Gicumbi) Health Center,MUSEHC,0347,RWF,Rwanda,0,,,,,,,,,,,,,,,Standard Template,,Standard,,{},0.0,25697.0,,,0.0,"{""1754524800.0"": 1, ""1754956800.0"": 1, ""1766448000.0"": 11, ""1766534400.0"": 13, ""1767657600.0"": 9, ""1767830400.0"": 1, ""1768003200.0"": 53, ""1768089600.0"": 44, ""1768176000.0"": 6, ""1768262400.0"": 4, ""1768608000.0"": 1, ""1768780800.0"": 1}",,Cash - MUSEHC,Debtors - MUSEHC,Round Off - MUSEHC,Main - MUSEHC,Write Off - MUSEHC,Exchange Gain/Loss - MUSEHC,,,0,Creditors - MUSEHC,Cost of Goods Sold - MUSEHC,Sales - MUSEHC,,,,,Main - MUSEHC,,1,0,Stock In Hand - MUSEHC,Stock Adjustment - MUSEHC,,Stock Received But Not Billed - MUSEHC,,Accumulated Depreciation - MUSEHC,Depreciation - MUSEHC,,Gain/Loss on Asset Disposal - MUSEHC,Main - MUSEHC,CWIP Account - MUSEHC,Asset Received But Not Billed - MUSEHC,0,Daily,0,,,473,474,,,,,,Gicumbi,HC
MUSHA Health Center,2025-04-01 13:34:30.853530,2026-04-23 10:47:21.388794,fontaineshyaka@gmail.com,mugipascal@gmail.com,0,0,MUSHA Health Center,MSHHC,0357,RWF,Rwanda,0,,,,,,,,,,,,,,,Standard Template,,Standard,,{},0.0,40840.0,,,0.0,"{""1743638400.0"": 1, ""1747872000.0"": 1, ""1748044800.0"": 4}",,Cash - MSHHC,Debtors - MSHHC,Round Off - MSHHC,Main - MSHHC,Write Off - MSHHC,Exchange Gain/Loss - MSHHC,,,0,Creditors - MSHHC,Cost of Goods Sold - MSHHC,Sales - MSHHC,,,,,Main - MSHHC,,1,0,Stock In Hand - MSHHC,Stock Adjustment - MSHHC,,Stock Received But Not Billed - MSHHC,,Accumulated Depreciation - MSHHC,Depreciation - MSHHC,,Gain/Loss on Asset Disposal - MSHHC,Main - MSHHC,CWIP Account - MSHHC,Asset Received But Not Billed - MSHHC,0,Daily,0,,,171,172,,,,,,Rwamagana,HC
Mushikiri  (Kirehe) Health Center,2025-07-23 19:44:25.250213,2026-04-28 15:54:57.219906,murindaeva@gmail.com,mugipascal@gmail.com,0,0,Mushikiri  (Kirehe) Health Center,MSHKRHC,0427,RWF,Rwanda,0,,,,,,,,,,,,,,,Standard Template,,Standard,,{},0.0,164345.0,,,0.0,"{""1754352000.0"": 3, ""1754438400.0"": 8, ""1754524800.0"": 8, ""1754611200.0"": 5, ""1754697600.0"": 6, ""1754784000.0"": 31, ""1754870400.0"": 4, ""1755129600.0"": 5, ""1755475200.0"": 5, ""1755734400.0"": 2, ""1767398400.0"": 1, ""1767571200.0"": 2, ""1767657600.0"": 3, ""1767744000.0"": 11, ""1767830400.0"": 61, ""1767916800.0"": 47, ""1768003200.0"": 25, ""1768089600.0"": 34, ""1768176000.0"": 31, ""1768262400.0"": 25, ""1768348800.0"": 46, ""1768435200.0"": 28, ""1768780800.0"": 39, ""1768867200.0"": 27, ""1768953600.0"": 58, ""1769040000.0"": 42, ""1769126400.0"": 62, ""1769212800.0"": 33, ""1769299200.0"": 25, ""1769385600.0"": 44, ""1769472000.0"": 1, ""1769558400.0"": 6, ""1769644800.0"": 23, ""1769731200.0"": 28, ""1769817600.0"": 36, ""1769904000.0"": 17, ""1769990400.0"": 26, ""1770076800.0"": 41, ""1770163200.0"": 39, ""1770249600.0"": 9, ""1770336000.0"": 51, ""1770422400.0"": 20, ""1770508800.0"": 28, ""1770595200.0"": 28, ""1770681600.0"": 79, ""1770768000.0"": 27, ""1770854400.0"": 39, ""1770940800.0"": 50, ""1771027200.0"": 25, ""1771113600.0"": 29, ""1771200000.0"": 59, ""1771286400.0"": 72, ""1771372800.0"": 23}",,Cash - MSHKRHC,Debtors - MSHKRHC,Round Off - MSHKRHC,Main - MSHKRHC,Write Off - MSHKRHC,Exchange Gain/Loss - MSHKRHC,,,0,Creditors - MSHKRHC,Cost of Goods Sold - MSHKRHC,Sales - MSHKRHC,,,,,Main - MSHKRHC,,1,0,Stock In Hand - MSHKRHC,Stock Adjustment - MSHKRHC,,Stock Received But Not Billed - MSHKRHC,,Accumulated Depreciation - MSHKRHC,Depreciation - MSHKRHC,,Gain/Loss on Asset Disposal - MSHKRHC,Main - MSHKRHC,CWIP Account - MSHKRHC,Asset Received But Not Billed - MSHKRHC,0,Daily,0,,,435,436,,,,,,Kirehe,HC
Mushishiro Health Center,2025-04-08 00:43:25.939569,2026-04-28 14:22:54.967491,agnesdusabe123@gmail.com,florentin.ndabarasa@moh.gov.rw,0,0,Mushishiro Health Center,MSHIHC,0135,RWF,Rwanda,0,,,,,,,,,,,,,,,Standard Template,,Standard,,{},0.0,274249.15,,,0.0,"{""1745539200.0"": 1, ""1747699200.0"": 1, ""1748476800.0"": 2, ""1750291200.0"": 1, ""1762905600.0"": 1, ""1762992000.0"": 16, ""1763078400.0"": 11, ""1763337600.0"": 13, ""1763424000.0"": 17, ""1763510400.0"": 1, ""1763942400.0"": 48, ""1764028800.0"": 89, ""1764115200.0"": 111, ""1764201600.0"": 82, ""1764288000.0"": 28, ""1764374400.0"": 22, ""1764547200.0"": 32, ""1764633600.0"": 40, ""1764720000.0"": 56, ""1764806400.0"": 64, ""1764892800.0"": 67, ""1764979200.0"": 26, ""1765065600.0"": 6, ""1765152000.0"": 75, ""1765238400.0"": 65, ""1765324800.0"": 72, ""1765411200.0"": 75, ""1765497600.0"": 98, ""1765584000.0"": 17, ""1765670400.0"": 31, ""1765756800.0"": 108, ""1765843200.0"": 79, ""1765929600.0"": 70, ""1766016000.0"": 47, ""1766102400.0"": 75, ""1766188800.0"": 35, ""1766275200.0"": 35, ""1766361600.0"": 57, ""1766448000.0"": 79, ""1766534400.0"": 72, ""1766620800.0"": 30, ""1766707200.0"": 48, ""1766793600.0"": 33, ""1766880000.0"": 11, ""1766966400.0"": 81, ""1767052800.0"": 68, ""1767139200.0"": 69, ""1767225600.0"": 43, ""1767312000.0"": 47, ""1767398400.0"": 35, ""1767484800.0"": 29, ""1767571200.0"": 58, ""1767657600.0"": 46, ""1767744000.0"": 34, ""1767830400.0"": 51, ""1767916800.0"": 60, ""1768003200.0"": 27, ""1768089600.0"": 15, ""1768176000.0"": 61, ""1768262400.0"": 50, ""1768348800.0"": 68, ""1768435200.0"": 67, ""1768521600.0"": 7, ""1768608000.0"": 30, ""1768694400.0"": 17, ""1768780800.0"": 52, ""1768867200.0"": 62, ""1768953600.0"": 42, ""1769040000.0"": 32, ""1769126400.0"": 68, ""1769212800.0"": 15, ""1769299200.0"": 14, ""1769385600.0"": 74, ""1769472000.0"": 83, ""1769558400.0"": 59, ""1769644800.0"": 55, ""1769731200.0"": 54, ""1769817600.0"": 25, ""1769904000.0"": 14, ""1769990400.0"": 42, ""1770076800.0"": 72, ""1770163200.0"": 80, ""1770249600.0"": 25, ""1770336000.0"": 77, ""1770422400.0"": 31, ""1770508800.0"": 14, ""1770595200.0"": 55, ""1770681600.0"": 95, ""1770768000.0"": 85, ""1770854400.0"": 81, ""1770940800.0"": 46, ""1771027200.0"": 24, ""1771113600.0"": 22, ""1771200000.0"": 42, ""1771286400.0"": 39, ""1771372800.0"": 28}",,Cash - MSHIHC,Debtors - MSHIHC,Round Off - MSHIHC,Main - MSHIHC,Write Off - MSHIHC,Exchange Gain/Loss - MSHIHC,,,0,Creditors - MSHIHC,Cost of Goods Sold - MSHIHC,Sales - MSHIHC,,,,,Main - MSHIHC,,1,0,Stock In Hand - MSHIHC,Stock Adjustment - MSHIHC,,Stock Received But Not Billed - MSHIHC,,Accumulated Depreciation - MSHIHC,Depreciation - MSHIHC,,Gain/Loss on Asset Disposal - MSHIHC,Main - MSHIHC,CWIP Account - MSHIHC,Asset Received But Not Billed - MSHIHC,0,Daily,0,,,205,206,,,,,,Muhanga,HC
Mushongi Health Center,2024-09-30 17:58:16.737435,2026-02-18 17:26:55.483093,Administrator,rukundojoe30@gmail.com,0,1,Mushongi Health Center,MUHC,0518,RWF,Rwanda,0,,,,,,,,,,,,,,,Standard Template,,Standard,,{},0.0,350.0,,,0.0,"{""1748044800.0"": 19, ""1748131200.0"": 25, ""1765152000.0"": 2, ""1765238400.0"": 9, ""1765497600.0"": 5, ""1765843200.0"": 8, ""1765929600.0"": 16, ""1766016000.0"": 32, ""1766102400.0"": 15, ""1770854400.0"": 2}",,Cash - MUHC,Debtors - MUHC,Round Off - MUHC,Main - MUHC,Write Off - MUHC,Exchange Gain/Loss - MUHC,,,0,Creditors - MUHC,Cost of Goods Sold - MUHC,Sales - MUHC,,,,,Main - MUHC,,1,0,Stock In Hand - MUHC,Stock Adjustment - MUHC,,Stock Received But Not Billed - MUHC,,Accumulated Depreciation - MUHC,Depreciation - MUHC,,Gain/Loss on Asset Disposal - MUHC,Main - MUHC,CWIP Account - MUHC,Asset Received But Not Billed - MUHC,0,Daily,0,,,77,78,,,,,,Rulindo,HC
Mutenderi HC,2025-04-07 18:42:08.725633,2026-02-18 17:26:53.599717,Administrator,florentin.ndabarasa@moh.gov.rw,0,0,Mutenderi HC,MTDRHC,0438,RWF,Rwanda,0,,,,,,,,,,,,,,,Standard Template,,Standard,,{},0.0,23333.252,,,0.0,"{""1751328000.0"": 8, ""1751414400.0"": 29, ""1751587200.0"": 3, ""1751673600.0"": 18, ""1751760000.0"": 10, ""1751846400.0"": 1, ""1752278400.0"": 4, ""1752364800.0"": 33, ""1752710400.0"": 2, ""1752796800.0"": 4, ""1753228800.0"": 1}",,Cash - MTDRHC,Debtors - MTDRHC,Round Off - MTDRHC,Main - MTDRHC,Write Off - MTDRHC,Exchange Gain/Loss - MTDRHC,,,0,Creditors - MTDRHC,Cost of Goods Sold - MTDRHC,Sales - MTDRHC,,,,,Main - MTDRHC,,1,0,Stock In Hand - MTDRHC,Stock Adjustment - MTDRHC,,Stock Received But Not Billed - MTDRHC,,Accumulated Depreciation - MTDRHC,Depreciation - MTDRHC,,Gain/Loss on Asset Disposal - MTDRHC,Main - MTDRHC,CWIP Account - MTDRHC,Asset Received But Not Billed - MTDRHC,0,Daily,0,,,201,202,,,,,,Ngoma,HC
Mututu Health Center,2025-11-15 13:02:10.442427,2026-04-28 17:35:00.094509,munezerojeanluc2020@gmail.com,mararashema@gmail.com,0,0,Mututu Health Center,MTTHC,1427,RWF,Rwanda,0,,,,,,,,,,,,,,,Standard Template,,Standard,,{},0.0,220003.124,,,0.0,"{""1763337600.0"": 1, ""1763424000.0"": 28, ""1763510400.0"": 46, ""1763596800.0"": 46, ""1763683200.0"": 46, ""1763769600.0"": 13, ""1763942400.0"": 46, ""1764028800.0"": 25, ""1764115200.0"": 44, ""1764201600.0"": 59, ""1764288000.0"": 35, ""1764547200.0"": 26, ""1764633600.0"": 62, ""1764720000.0"": 40, ""1764806400.0"": 31, ""1764892800.0"": 52, ""1765152000.0"": 13, ""1765238400.0"": 5, ""1765324800.0"": 20, ""1765411200.0"": 1, ""1765497600.0"": 24, ""1765929600.0"": 6, ""1766016000.0"": 20, ""1766102400.0"": 29, ""1766275200.0"": 8, ""1766361600.0"": 77, ""1766448000.0"": 37, ""1766534400.0"": 13, ""1766620800.0"": 30, ""1766707200.0"": 37, ""1766793600.0"": 35, ""1766880000.0"": 20, ""1766966400.0"": 81, ""1767052800.0"": 38, ""1767139200.0"": 43, ""1767225600.0"": 22, ""1767312000.0"": 5, ""1767398400.0"": 37, ""1767484800.0"": 42, ""1767571200.0"": 50, ""1767657600.0"": 56, ""1767744000.0"": 62, ""1767830400.0"": 52, ""1767916800.0"": 78, ""1768003200.0"": 36, ""1768089600.0"": 45, ""1768176000.0"": 82, ""1768262400.0"": 57, ""1768348800.0"": 41, ""1768435200.0"": 16, ""1768521600.0"": 33, ""1768608000.0"": 52, ""1768694400.0"": 57, ""1768780800.0"": 60, ""1768867200.0"": 59, ""1768953600.0"": 53, ""1769040000.0"": 65, ""1769126400.0"": 30, ""1769212800.0"": 67, ""1769385600.0"": 66, ""1769472000.0"": 61, ""1769644800.0"": 11, ""1769731200.0"": 33, ""1769817600.0"": 43, ""1769904000.0"": 28, ""1769990400.0"": 66, ""1770076800.0"": 59, ""1770163200.0"": 36, ""1770249600.0"": 41, ""1770336000.0"": 82, ""1770422400.0"": 34, ""1770508800.0"": 38, ""1770595200.0"": 115, ""1770681600.0"": 41, ""1770768000.0"": 36, ""1770854400.0"": 33, ""1770940800.0"": 53, ""1771027200.0"": 36, ""1771113600.0"": 30, ""1771200000.0"": 110, ""1771286400.0"": 47, ""1771372800.0"": 34}",,Cash - MTTHC,Debtors - MTTHC,Round Off - MTTHC,Main - MTTHC,Write Off - MTTHC,Exchange Gain/Loss - MTTHC,,,0,Creditors - MTTHC,Cost of Goods Sold - MTTHC,Sales - MTTHC,,,,,Main - MTTHC,,1,0,Stock In Hand - MTTHC,Stock Adjustment - MTTHC,,Stock Received But Not Billed - MTTHC,,Accumulated Depreciation - MTTHC,Depreciation - MTTHC,,Gain/Loss on Asset Disposal - MTTHC,Main - MTTHC,CWIP Account - MTTHC,Asset Received But Not Billed - MTTHC,0,Daily,0,,,567,568,,,,,,Nyanza,HC
Muyongwe Health Center,2026-01-16 14:36:19.211773,2026-04-28 15:26:55.269798,mukarutangaalbine@gmail.com,mararashema@gmail.com,0,0,Muyongwe Health Center,MYGWHC,1534,RWF,Rwanda,0,,Kinihira PH,,,,,,,,,,,,,Standard Template,,Standard,,{},0.0,155429.72,,,0.0,"{""1768780800.0"": 28, ""1768867200.0"": 31, ""1768953600.0"": 26, ""1769040000.0"": 33, ""1769126400.0"": 53, ""1769212800.0"": 41, ""1769299200.0"": 45, ""1769385600.0"": 70, ""1769472000.0"": 52, ""1769558400.0"": 64, ""1769644800.0"": 78, ""1769731200.0"": 40, ""1769817600.0"": 46, ""1769904000.0"": 50, ""1769990400.0"": 59, ""1770076800.0"": 46, ""1770163200.0"": 44, ""1770336000.0"": 30, ""1770422400.0"": 19, ""1770508800.0"": 20, ""1770595200.0"": 65, ""1770681600.0"": 48, ""1770768000.0"": 42, ""1770854400.0"": 72, ""1770940800.0"": 43, ""1771027200.0"": 26, ""1771113600.0"": 61, ""1771200000.0"": 57, ""1771286400.0"": 43, ""1771372800.0"": 37}",,Cash - MYGWHC,Debtors - MYGWHC,Round Off - MYGWHC,Main - MYGWHC,Write Off - MYGWHC,Exchange Gain/Loss - MYGWHC,,,0,Creditors - MYGWHC,Cost of Goods Sold - MYGWHC,Sales - MYGWHC,,,,,Main - MYGWHC,,1,0,Stock In Hand - MYGWHC,Stock Adjustment - MYGWHC,,Stock Received But Not Billed - MYGWHC,,Accumulated Depreciation - MYGWHC,Depreciation - MYGWHC,,Gain/Loss on Asset Disposal - MYGWHC,Main - MYGWHC,CWIP Account - MYGWHC,Asset Received But Not Billed - MYGWHC,0,Daily,0,,,651,652,,,,,,Gakenke,HC
MUYUMBU Health Center,2025-04-01 13:38:41.859952,2026-04-23 14:48:49.702491,munyensangac70@gmail.com,mugipascal@gmail.com,0,0,MUYUMBU Health Center,MUYMBUHC,0358,RWF,Rwanda,0,,,,,,,,,,,,,,,Standard Template,,Standard,,{},0.0,440.0,,,0.0,"{""1747612800.0"": 1, ""1753833600.0"": 2, ""1753920000.0"": 1, ""1754265600.0"": 5, ""1754352000.0"": 22, ""1754438400.0"": 15, ""1754524800.0"": 2, ""1754870400.0"": 18, ""1754956800.0"": 25, ""1755043200.0"": 61, ""1755129600.0"": 32, ""1755302400.0"": 14, ""1755475200.0"": 47, ""1755561600.0"": 44, ""1755648000.0"": 1, ""1757030400.0"": 5, ""1757721600.0"": 7, ""1757808000.0"": 3, ""1758672000.0"": 1, ""1759881600.0"": 7, ""1760572800.0"": 2, ""1761091200.0"": 4, ""1762214400.0"": 5, ""1762560000.0"": 24, ""1762646400.0"": 2}",,Cash - MUYMBUHC,Debtors - MUYMBUHC,Round Off - MUYMBUHC,Main - MUYMBUHC,Write Off - MUYMBUHC,Exchange Gain/Loss - MUYMBUHC,,,0,Creditors - MUYMBUHC,Cost of Goods Sold - MUYMBUHC,Sales - MUYMBUHC,,,,,Main - MUYMBUHC,,1,0,Stock In Hand - MUYMBUHC,Stock Adjustment - MUYMBUHC,,Stock Received But Not Billed - MUYMBUHC,,Accumulated Depreciation - MUYMBUHC,Depreciation - MUYMBUHC,,Gain/Loss on Asset Disposal - MUYMBUHC,Main - MUYMBUHC,CWIP Account - MUYMBUHC,Asset Received But Not Billed - MUYMBUHC,0,Daily,0,,,173,174,,,,,,Rwamagana,HC
Mweya Health Center,2025-11-15 15:38:56.867379,2026-04-10 14:38:18.874002,lcady6@gmail.com,mararashema@gmail.com,0,0,Mweya Health Center,MWYHC,0044,RWF,Rwanda,0,,,,,,,,,,,,,,,Standard Template,,Standard,,{},0.0,600.0,,,0.0,"{""1764115200.0"": 1, ""1764201600.0"": 1, ""1764288000.0"": 2, ""1765238400.0"": 1, ""1765324800.0"": 1, ""1765411200.0"": 6, ""1765756800.0"": 2, ""1766016000.0"": 7, ""1766102400.0"": 18, ""1766188800.0"": 26, ""1766275200.0"": 3, ""1766361600.0"": 32, ""1766448000.0"": 31, ""1766534400.0"": 36, ""1766620800.0"": 2, ""1766793600.0"": 29, ""1766880000.0"": 13, ""1766966400.0"": 10, ""1767052800.0"": 11, ""1767139200.0"": 7, ""1767312000.0"": 3, ""1767398400.0"": 1, ""1767484800.0"": 13, ""1767571200.0"": 39, ""1767657600.0"": 44, ""1767744000.0"": 56, ""1767830400.0"": 35, ""1767916800.0"": 19, ""1768003200.0"": 9, ""1768089600.0"": 1, ""1768176000.0"": 26, ""1768262400.0"": 23, ""1768348800.0"": 66, ""1768435200.0"": 101, ""1768521600.0"": 11, ""1768608000.0"": 21, ""1768694400.0"": 8, ""1768780800.0"": 39, ""1768867200.0"": 25, ""1768953600.0"": 44, ""1769040000.0"": 53, ""1769126400.0"": 35, ""1769472000.0"": 37, ""1769558400.0"": 10, ""1769644800.0"": 1, ""1769817600.0"": 28, ""1770076800.0"": 1, ""1770163200.0"": 2, ""1770249600.0"": 1, ""1770336000.0"": 5, ""1770595200.0"": 5, ""1770681600.0"": 47, ""1770768000.0"": 29, ""1770854400.0"": 54, ""1771200000.0"": 4, ""1771372800.0"": 4}",,Cash - MWYHC,Debtors - MWYHC,Round Off - MWYHC,Main - MWYHC,Write Off - MWYHC,Exchange Gain/Loss - MWYHC,,,0,Creditors - MWYHC,Cost of Goods Sold - MWYHC,Sales - MWYHC,,,,,Main - MWYHC,,1,0,Stock In Hand - MWYHC,Stock Adjustment - MWYHC,,Stock Received But Not Billed - MWYHC,,Accumulated Depreciation - MWYHC,Depreciation - MWYHC,,Gain/Loss on Asset Disposal - MWYHC,Main - MWYHC,CWIP Account - MWYHC,Asset Received But Not Billed - MWYHC,0,Daily,0,,,583,584,,,,,,Nyanza,HC
Mwogo Health Center,2025-01-22 11:44:55.919392,2026-04-28 08:24:41.615592,kampirealice6@gmail.com,info@spiderbit.rw,0,0,Mwogo Health Center,MGHC,0452,RWF,Rwanda,0,,,,,,,,,,,,,,,Standard Template,,Standard,,{},0.0,64370.0,,,0.0,"{""1740096000.0"": 5, ""1740355200.0"": 2, ""1740614400.0"": 2, ""1741219200.0"": 4, ""1742169600.0"": 1, ""1742774400.0"": 1, ""1743033600.0"": 2, ""1744243200.0"": 1, ""1745366400.0"": 1, ""1747094400.0"": 1, ""1748044800.0"": 1, ""1748131200.0"": 1, ""1750118400.0"": 1, ""1763596800.0"": 2, ""1763942400.0"": 1, ""1770768000.0"": 2}",,Cash - MGHC,Debtors - MGHC,Round Off - MGHC,Main - MGHC,Write Off - MGHC,Exchange Gain/Loss - MGHC,,,0,Creditors - MGHC,Cost of Goods Sold - MGHC,Sales - MGHC,,,,,Main - MGHC,,1,0,Stock In Hand - MGHC,Stock Adjustment - MGHC,,Stock Received But Not Billed - MGHC,,Accumulated Depreciation - MGHC,Depreciation - MGHC,,Gain/Loss on Asset Disposal - MGHC,Main - MGHC,CWIP Account - MGHC,Asset Received But Not Billed - MGHC,0,Daily,0,,,119,120,,,,,,Bugesera,HC
MWULIRE Health Cnter,2025-04-01 13:40:40.526222,2026-04-28 16:46:00.680518,theonesteh71@gmail.com,mugipascal@gmail.com,0,0,MWULIRE Health Cnter,MWULHC,3353,RWF,Rwanda,0,,,,,,,,,,,,,,,Standard Template,,Standard,,{},0.0,297464.34,,,0.0,"{""1747958400.0"": 19, ""1748044800.0"": 54, ""1748131200.0"": 32, ""1770681600.0"": 8, ""1771113600.0"": 1}",,Cash - MWULHC,Debtors - MWULHC,Round Off - MWULHC,Main - MWULHC,Write Off - MWULHC,Exchange Gain/Loss - MWULHC,,,0,Creditors - MWULHC,Cost of Goods Sold - MWULHC,Sales - MWULHC,,,,,Main - MWULHC,,1,0,Stock In Hand - MWULHC,Stock Adjustment - MWULHC,,Stock Received But Not Billed - MWULHC,,Accumulated Depreciation - MWULHC,Depreciation - MWULHC,,Gain/Loss on Asset Disposal - MWULHC,Main - MWULHC,CWIP Account - MWULHC,Asset Received But Not Billed - MWULHC,0,Daily,0,,,175,176,,,,,,Rwamagana,HC
Nasho Health Center,2025-07-23 19:31:00.150398,2026-04-28 16:43:22.735721,ingabiremarie35@gmail.com,mugipascal@gmail.com,0,0,Nasho Health Center,NSHHC,0428,RWF,Rwanda,0,,,,,,,,,,,,,,,Standard Template,,Standard,,{},0.0,150680.0,,,0.0,"{""1761868800.0"": 2, ""1761955200.0"": 21, ""1762128000.0"": 32, ""1762214400.0"": 34, ""1762300800.0"": 23, ""1762387200.0"": 47, ""1762473600.0"": 24, ""1762560000.0"": 29, ""1762646400.0"": 27, ""1762732800.0"": 29, ""1762819200.0"": 33, ""1762905600.0"": 35, ""1762992000.0"": 44, ""1763078400.0"": 79, ""1763164800.0"": 31, ""1763251200.0"": 13, ""1763337600.0"": 31, ""1763424000.0"": 29, ""1763510400.0"": 31, ""1763596800.0"": 28, ""1763683200.0"": 18, ""1763769600.0"": 22, ""1763856000.0"": 28, ""1763942400.0"": 45, ""1764028800.0"": 24, ""1764115200.0"": 29, ""1764201600.0"": 58, ""1764288000.0"": 19, ""1764374400.0"": 24, ""1764460800.0"": 22, ""1764547200.0"": 27, ""1764633600.0"": 31, ""1764806400.0"": 26, ""1764892800.0"": 56, ""1764979200.0"": 21, ""1765152000.0"": 17, ""1765238400.0"": 32, ""1765324800.0"": 18, ""1765411200.0"": 36, ""1765497600.0"": 79, ""1765584000.0"": 27, ""1765670400.0"": 15, ""1765756800.0"": 18, ""1765843200.0"": 41, ""1765929600.0"": 31, ""1766016000.0"": 25, ""1766102400.0"": 51, ""1766188800.0"": 26, ""1766275200.0"": 25, ""1766361600.0"": 3, ""1766448000.0"": 4, ""1766534400.0"": 28, ""1766620800.0"": 25, ""1766707200.0"": 58, ""1766793600.0"": 34, ""1766966400.0"": 39, ""1767052800.0"": 42, ""1767139200.0"": 24, ""1767225600.0"": 24, ""1767312000.0"": 42, ""1767484800.0"": 2, ""1767571200.0"": 45, ""1767657600.0"": 25, ""1767744000.0"": 41, ""1767830400.0"": 56, ""1767916800.0"": 52, ""1768003200.0"": 17, ""1768176000.0"": 31, ""1768262400.0"": 35, ""1768348800.0"": 29, ""1768435200.0"": 43, ""1768521600.0"": 8, ""1768780800.0"": 43, ""1768867200.0"": 42, ""1768953600.0"": 31, ""1769040000.0"": 45, ""1769126400.0"": 37, ""1769385600.0"": 30, ""1769472000.0"": 36, ""1769558400.0"": 31, ""1769644800.0"": 65, ""1769731200.0"": 34, ""1769817600.0"": 21, ""1769904000.0"": 18, ""1769990400.0"": 31, ""1770076800.0"": 32, ""1770163200.0"": 30, ""1770249600.0"": 36, ""1770336000.0"": 43, ""1770422400.0"": 12, ""1770595200.0"": 11, ""1770681600.0"": 13, ""1770768000.0"": 25, ""1770854400.0"": 39, ""1770940800.0"": 38, ""1771027200.0"": 20, ""1771113600.0"": 12, ""1771200000.0"": 25, ""1771286400.0"": 19, ""1771372800.0"": 17}",,Cash - NSHHC,Debtors - NSHHC,Round Off - NSHHC,Main - NSHHC,Write Off - NSHHC,Exchange Gain/Loss - NSHHC,,,0,Creditors - NSHHC,Cost of Goods Sold - NSHHC,Sales - NSHHC,,,,,Main - NSHHC,,1,0,Stock In Hand - NSHHC,Stock Adjustment - NSHHC,,Stock Received But Not Billed - NSHHC,,Accumulated Depreciation - NSHHC,Depreciation - NSHHC,,Gain/Loss on Asset Disposal - NSHHC,Main - NSHHC,CWIP Account - NSHHC,Asset Received But Not Billed - NSHHC,0,Daily,0,,,429,430,,,,,,Kirehe,HC
Ndama (Nyagatare) Health Center,2025-05-15 20:40:22.019229,2026-04-28 09:56:30.859677,francoisregism@gmail.com,ildephonse90@yahoo.com,0,0,Ndama (Nyagatare) Health Center,N(HC,0642,RWF,Rwanda,0,,,,,,,,,,,,,,,Standard Template,,Standard,,{},0.0,91693.0,,,0.0,"{""1747699200.0"": 2, ""1758067200.0"": 2, ""1759276800.0"": 9, ""1759363200.0"": 10, ""1760486400.0"": 1, ""1761350400.0"": 2, ""1761609600.0"": 1, ""1761696000.0"": 53, ""1761782400.0"": 52, ""1761868800.0"": 27, ""1761955200.0"": 4, ""1762041600.0"": 2, ""1762128000.0"": 19, ""1762214400.0"": 15, ""1762300800.0"": 3, ""1762387200.0"": 6, ""1762560000.0"": 37, ""1762732800.0"": 12, ""1763337600.0"": 30, ""1763424000.0"": 12, ""1763510400.0"": 10, ""1763683200.0"": 4, ""1765411200.0"": 1, ""1765497600.0"": 1, ""1766534400.0"": 1, ""1767484800.0"": 7, ""1767571200.0"": 35, ""1767657600.0"": 54, ""1767744000.0"": 55, ""1767830400.0"": 23, ""1767916800.0"": 43, ""1768003200.0"": 1, ""1768176000.0"": 40, ""1768262400.0"": 30, ""1768348800.0"": 52, ""1768435200.0"": 72, ""1768608000.0"": 6, ""1768694400.0"": 2, ""1768780800.0"": 42, ""1768867200.0"": 32, ""1768953600.0"": 47, ""1769040000.0"": 51, ""1769126400.0"": 1, ""1769212800.0"": 3, ""1769299200.0"": 1, ""1769385600.0"": 9, ""1769472000.0"": 16, ""1769558400.0"": 2, ""1769644800.0"": 18, ""1769731200.0"": 36, ""1769990400.0"": 14, ""1770076800.0"": 1, ""1770163200.0"": 3, ""1770249600.0"": 4, ""1770336000.0"": 6, ""1770595200.0"": 3, ""1770681600.0"": 3, ""1770768000.0"": 7, ""1770854400.0"": 2, ""1770940800.0"": 11, ""1771113600.0"": 1, ""1771200000.0"": 38, ""1771286400.0"": 49, ""1771372800.0"": 30}",,Cash - N(HC,Debtors - N(HC,Round Off - N(HC,Main - N(HC,Write Off - N(HC,Exchange Gain/Loss - N(HC,,,0,Creditors - N(HC,Cost of Goods Sold - N(HC,Sales - N(HC,,,,,Main - N(HC,,1,0,Stock In Hand - N(HC,Stock Adjustment - N(HC,,Stock Received But Not Billed - N(HC,,Accumulated Depreciation - N(HC,Depreciation - N(HC,,Gain/Loss on Asset Disposal - N(HC,Main - N(HC,CWIP Account - N(HC,Asset Received But Not Billed - N(HC,0,Daily,0,,,361,362,,,,,,Nyagatare,HC
Ndego Health Center,2025-04-26 23:07:31.240135,2026-04-28 16:47:25.173796,uwimanafebronie815@gmail.com,florentin.ndabarasa@moh.gov.rw,0,0,Ndego Health Center,NDGOHC,0410,RWF,Rwanda,0,,,,,,,,,,,,,,,Standard Template,,Standard,,{},0.0,66000.0,,,0.0,"{""1745971200.0"": 1, ""1747094400.0"": 1, ""1758844800.0"": 5, ""1759363200.0"": 2, ""1759449600.0"": 39, ""1759708800.0"": 5, ""1759881600.0"": 6, ""1759968000.0"": 4, ""1760659200.0"": 2, ""1760918400.0"": 48, ""1761004800.0"": 47, ""1761091200.0"": 39, ""1761177600.0"": 52, ""1761264000.0"": 59, ""1761350400.0"": 15, ""1761436800.0"": 11, ""1761523200.0"": 20, ""1761609600.0"": 7, ""1761696000.0"": 4, ""1761782400.0"": 19, ""1761868800.0"": 22, ""1762128000.0"": 38, ""1762214400.0"": 35, ""1762300800.0"": 13, ""1762387200.0"": 1, ""1762473600.0"": 12, ""1762560000.0"": 12, ""1762646400.0"": 12, ""1762732800.0"": 34, ""1762819200.0"": 25, ""1762905600.0"": 21, ""1762992000.0"": 22, ""1763078400.0"": 18, ""1763164800.0"": 8, ""1763251200.0"": 2, ""1763337600.0"": 20, ""1763424000.0"": 3, ""1763510400.0"": 25, ""1769644800.0"": 1, ""1771027200.0"": 2}",,Cash - NDGOHC,Debtors - NDGOHC,Round Off - NDGOHC,Main - NDGOHC,Write Off - NDGOHC,Exchange Gain/Loss - NDGOHC,,,0,Creditors - NDGOHC,Cost of Goods Sold - NDGOHC,Sales - NDGOHC,,,,,Main - NDGOHC,,1,0,Stock In Hand - NDGOHC,Stock Adjustment - NDGOHC,,Stock Received But Not Billed - NDGOHC,,Accumulated Depreciation - NDGOHC,Depreciation - NDGOHC,,Gain/Loss on Asset Disposal - NDGOHC,Main - NDGOHC,CWIP Account - NDGOHC,Asset Received But Not Billed - NDGOHC,0,Daily,0,,,271,272,,,,,,Kayonza,HC
Nduba Health Center,2024-08-01 09:30:54.790302,2026-04-16 18:15:45.683415,ndatija03@gmail.com,rukundojoe30@gmail.com,0,63,Nduba Health Center,NDHC,0551,RWF,Rwanda,0,,,,,,,,,,,,,,,Standard Template,,Standard,,{},0.0,49008.744,,,0.0,"{""1742947200.0"": 3, ""1748044800.0"": 3, ""1748131200.0"": 16, ""1748217600.0"": 2, ""1751328000.0"": 1, ""1751846400.0"": 1, ""1751932800.0"": 1, ""1753315200.0"": 2, ""1754352000.0"": 1, ""1754524800.0"": 1, ""1756080000.0"": 1, ""1756252800.0"": 1, ""1758672000.0"": 1, ""1759968000.0"": 1, ""1760054400.0"": 1, ""1760313600.0"": 1, ""1760486400.0"": 2, ""1762300800.0"": 4, ""1762387200.0"": 8, ""1762732800.0"": 30, ""1762819200.0"": 1}",,Cash - NDHC,Debtors - NDHC,Round Off - NDHC,Main - NDHC,Write Off - NDHC,Exchange Gain/Loss - NDHC,,,0,Creditors - NDHC,Cost of Goods Sold - NDHC,Sales - NDHC,,,,,Main - NDHC,,1,0,Stock In Hand - NDHC,Stock Adjustment - NDHC,,Stock Received But Not Billed - NDHC,,Accumulated Depreciation - NDHC,Depreciation - NDHC,,Gain/Loss on Asset Disposal - NDHC,Main - NDHC,CWIP Account - NDHC,Asset Received But Not Billed - NDHC,0,Daily,0,,,39,40,,,,,,Gasabo,HC
Nemba Health Center,2026-01-16 14:45:40.478087,2026-04-28 15:27:39.923588,uwingabiyeprovidence@gmail.com,mararashema@gmail.com,0,0,Nemba Health Center,NMBHC,0296,RWF,Rwanda,0,,Kinihira PH,,,,,,,,,,,,,Standard Template,,Standard,,{},0.0,425205.32,,,0.0,"{""1768780800.0"": 1, ""1768867200.0"": 2, ""1769040000.0"": 1, ""1769126400.0"": 64, ""1769385600.0"": 45, ""1769472000.0"": 32, ""1769558400.0"": 65, ""1769644800.0"": 5, ""1769731200.0"": 3, ""1769817600.0"": 55, ""1769904000.0"": 51, ""1769990400.0"": 42, ""1770076800.0"": 16, ""1770163200.0"": 102, ""1770249600.0"": 32, ""1770336000.0"": 26, ""1770422400.0"": 63, ""1770508800.0"": 70, ""1770595200.0"": 63, ""1770681600.0"": 73, ""1770768000.0"": 14, ""1770854400.0"": 26, ""1770940800.0"": 7, ""1771200000.0"": 3, ""1771286400.0"": 46, ""1771372800.0"": 18}",,Cash - NMBHC,Debtors - NMBHC,Round Off - NMBHC,Main - NMBHC,Write Off - NMBHC,Exchange Gain/Loss - NMBHC,,,0,Creditors - NMBHC,Cost of Goods Sold - NMBHC,Sales - NMBHC,,,,,Main - NMBHC,,1,0,Stock In Hand - NMBHC,Stock Adjustment - NMBHC,,Stock Received But Not Billed - NMBHC,,Accumulated Depreciation - NMBHC,Depreciation - NMBHC,,Gain/Loss on Asset Disposal - NMBHC,Main - NMBHC,CWIP Account - NMBHC,Asset Received But Not Billed - NMBHC,0,Daily,0,,,653,654,,,,,,Gakenke,HC
Ngange Health Center,2025-04-23 23:15:33.147919,2026-02-18 17:26:53.348762,Administrator,ildephonse90@yahoo.com,0,0,Ngange Health Center,NGAHC,573,RWF,Rwanda,0,,,,,,,,,,,,,,,Standard Template,,Standard,,{},0.0,0.0,,,0.0,{},,Cash - NGAHC,Debtors - NGAHC,Round Off - NGAHC,Main - NGAHC,Write Off - NGAHC,Exchange Gain/Loss - NGAHC,,,0,Creditors - NGAHC,Cost of Goods Sold - NGAHC,Sales - NGAHC,,,,,Main - NGAHC,,1,0,Stock In Hand - NGAHC,Stock Adjustment - NGAHC,,Stock Received But Not Billed - NGAHC,,Accumulated Depreciation - NGAHC,Depreciation - NGAHC,,Gain/Loss on Asset Disposal - NGAHC,Main - NGAHC,CWIP Account - NGAHC,Asset Received But Not Billed - NGAHC,0,Daily,0,,,245,246,,,,,,Nyamasheke,HC
Nganzo Health Center,2026-01-16 14:55:15.506157,2026-04-28 16:20:59.915742,uwayoc3@gmail.com,mararashema@gmail.com,0,0,Nganzo Health Center,NGNZHC,1650,RWF,Rwanda,0,,Kinihira PH,,,,,,,,,,,,,Standard Template,,Standard,,{},0.0,179350.0,,,0.0,"{""1768867200.0"": 56, ""1768953600.0"": 51, ""1769040000.0"": 73, ""1769126400.0"": 57, ""1769299200.0"": 16, ""1769385600.0"": 58, ""1769472000.0"": 67, ""1769558400.0"": 40, ""1769644800.0"": 50, ""1769731200.0"": 50, ""1769817600.0"": 36, ""1769904000.0"": 42, ""1769990400.0"": 50, ""1770076800.0"": 38, ""1770163200.0"": 47, ""1770249600.0"": 46, ""1770336000.0"": 43, ""1770422400.0"": 22, ""1770508800.0"": 31, ""1770595200.0"": 46, ""1770681600.0"": 20, ""1770768000.0"": 27, ""1770854400.0"": 46, ""1770940800.0"": 10, ""1771027200.0"": 22, ""1771113600.0"": 12, ""1771200000.0"": 56, ""1771286400.0"": 28, ""1771372800.0"": 10}",,Cash - NGNZHC,Debtors - NGNZHC,Round Off - NGNZHC,Main - NGNZHC,Write Off - NGNZHC,Exchange Gain/Loss - NGNZHC,,,0,Creditors - NGNZHC,Cost of Goods Sold - NGNZHC,Sales - NGNZHC,,,,,Main - NGNZHC,,1,0,Stock In Hand - NGNZHC,Stock Adjustment - NGNZHC,,Stock Received But Not Billed - NGNZHC,,Accumulated Depreciation - NGNZHC,Depreciation - NGNZHC,,Gain/Loss on Asset Disposal - NGNZHC,Main - NGNZHC,CWIP Account - NGNZHC,Asset Received But Not Billed - NGNZHC,0,Daily,0,,,655,656,,,,,,Gakenke,HC
Ngeruka Health Center,2025-01-22 16:41:39.414916,2026-02-18 17:26:55.105850,Administrator,info@spiderbit.rw,0,0,Ngeruka Health Center,NGKHC,0604,RWF,Rwanda,0,,,,,,,,,,,,,,,Standard Template,,Standard,,{},0.0,0.0,,,0.0,{},,Cash - NGKHC,Debtors - NGKHC,Round Off - NGKHC,Main - NGKHC,Write Off - NGKHC,Exchange Gain/Loss - NGKHC,,,0,Creditors - NGKHC,Cost of Goods Sold - NGKHC,Sales - NGKHC,,,,,Main - NGKHC,,1,0,Stock In Hand - NGKHC,Stock Adjustment - NGKHC,,Stock Received But Not Billed - NGKHC,,Accumulated Depreciation - NGKHC,Depreciation - NGKHC,,Gain/Loss on Asset Disposal - NGKHC,Main - NGKHC,CWIP Account - NGKHC,Asset Received But Not Billed - NGKHC,0,Daily,0,,,127,128,,,,,,Bugesera,HC
Ngoma Prison Health Center,2025-06-03 17:43:41.067707,2026-02-18 17:26:53.752418,Administrator,mugipascal@gmail.com,0,0,Ngoma Prison Health Center,NPHC,596,RWF,Rwanda,0,,,,,,,,,,,,,,,Standard Template,,Standard,,{},0.0,1954.0,,,0.0,"{""1749600000.0"": 2, ""1752019200.0"": 2, ""1761868800.0"": 1, ""1762128000.0"": 1}",,Cash - NPHC,Debtors - NPHC,Round Off - NPHC,Main - NPHC,Write Off - NPHC,Exchange Gain/Loss - NPHC,,,0,Creditors - NPHC,Cost of Goods Sold - NPHC,Sales - NPHC,,,,,Main - NPHC,,1,0,Stock In Hand - NPHC,Stock Adjustment - NPHC,,Stock Received But Not Billed - NPHC,,Accumulated Depreciation - NPHC,Depreciation - NPHC,,Gain/Loss on Asset Disposal - NPHC,Main - NPHC,CWIP Account - NPHC,Asset Received But Not Billed - NPHC,0,Daily,0,,,383,384,,,,,,Ngoma,HC
Ntarama Health Center,2025-01-23 13:52:17.250933,2026-04-28 10:33:19.735690,marrymabby1993@gmail.com,rukundojoe30@gmail.com,0,0,Ntarama Health Center,NTHC,1101,RWF,Rwanda,0,,,,,,,,,,,,,,,Standard Template,,Standard,,{},0.0,2382.4,,,0.0,"{""1740009600.0"": 11, ""1740096000.0"": 2, ""1740355200.0"": 4, ""1740528000.0"": 2, ""1740700800.0"": 3, ""1742947200.0"": 2, ""1743120000.0"": 1, ""1748044800.0"": 15, ""1748131200.0"": 7, ""1753142400.0"": 2, ""1753401600.0"": 1, ""1757548800.0"": 1, ""1771286400.0"": 1}",,Cash - NTHC,Debtors - NTHC,Round Off - NTHC,Main - NTHC,Write Off - NTHC,Exchange Gain/Loss - NTHC,,,0,Creditors - NTHC,Cost of Goods Sold - NTHC,Sales - NTHC,,,,,Main - NTHC,,1,0,Stock In Hand - NTHC,Stock Adjustment - NTHC,,Stock Received But Not Billed - NTHC,,Accumulated Depreciation - NTHC,Depreciation - NTHC,,Gain/Loss on Asset Disposal - NTHC,Main - NTHC,CWIP Account - NTHC,Asset Received But Not Billed - NTHC,0,Daily,0,,,137,138,,,,,,Bugesera,HC
Ntaruka (Kirehe) Health Center,2025-07-23 19:48:16.545850,2026-04-28 15:22:50.367731,manirihoer@gmail.com,mugipascal@gmail.com,0,0,Ntaruka (Kirehe) Health Center,NTRKHC,0429,RWF,Rwanda,0,,,,,,,,,,,,,,,Standard Template,,Standard,,{},0.0,218262.1,,,0.0,"{""1758067200.0"": 1, ""1764892800.0"": 6, ""1765411200.0"": 1, ""1765843200.0"": 1, ""1766016000.0"": 5, ""1766102400.0"": 8, ""1766188800.0"": 18, ""1766448000.0"": 40, ""1766534400.0"": 48, ""1766620800.0"": 19, ""1766707200.0"": 44, ""1766793600.0"": 44, ""1766880000.0"": 32, ""1766966400.0"": 54, ""1767052800.0"": 40, ""1767139200.0"": 25, ""1767225600.0"": 23, ""1767312000.0"": 23, ""1767398400.0"": 13, ""1767484800.0"": 33, ""1767571200.0"": 49, ""1767657600.0"": 37, ""1767744000.0"": 8, ""1767830400.0"": 1, ""1767916800.0"": 4, ""1768003200.0"": 4, ""1768089600.0"": 1, ""1768176000.0"": 1, ""1768262400.0"": 5, ""1768348800.0"": 64, ""1768435200.0"": 40, ""1768608000.0"": 28, ""1768694400.0"": 18, ""1768780800.0"": 38, ""1768867200.0"": 33, ""1768953600.0"": 19, ""1769040000.0"": 44, ""1769126400.0"": 25, ""1769212800.0"": 23, ""1769299200.0"": 23, ""1769385600.0"": 64, ""1769472000.0"": 62, ""1769558400.0"": 68, ""1769644800.0"": 67, ""1769731200.0"": 40, ""1769817600.0"": 25, ""1769904000.0"": 26, ""1770076800.0"": 35, ""1770163200.0"": 38, ""1770249600.0"": 59, ""1770336000.0"": 28, ""1770422400.0"": 16, ""1770508800.0"": 26, ""1770595200.0"": 11, ""1770681600.0"": 25, ""1770768000.0"": 26, ""1770854400.0"": 56, ""1770940800.0"": 31, ""1771027200.0"": 16, ""1771113600.0"": 11, ""1771200000.0"": 49, ""1771286400.0"": 34, ""1771372800.0"": 27}",,Cash - NTRKHC,Debtors - NTRKHC,Round Off - NTRKHC,Main - NTRKHC,Write Off - NTRKHC,Exchange Gain/Loss - NTRKHC,,,0,Creditors - NTRKHC,Cost of Goods Sold - NTRKHC,Sales - NTRKHC,,,,,Main - NTRKHC,,1,0,Stock In Hand - NTRKHC,Stock Adjustment - NTRKHC,,Stock Received But Not Billed - NTRKHC,,Accumulated Depreciation - NTRKHC,Depreciation - NTRKHC,,Gain/Loss on Asset Disposal - NTRKHC,Main - NTRKHC,CWIP Account - NTRKHC,Asset Received But Not Billed - NTRKHC,0,Daily,0,,,437,438,,,,,,Kirehe,HC
Ntoma Health Center,2025-05-15 19:47:39.415042,2026-04-28 14:31:15.356526,gatimbiriolivier@gmail.com,ildephonse90@yahoo.com,0,0,Ntoma Health Center,NTMHC,0376,RWF,Rwanda,0,,,,,2025-05-15,,,,,,,,,,Standard Template,,Standard,,{},0.0,413863.428,,,0.0,"{""1747785600.0"": 1, ""1747958400.0"": 3, ""1748044800.0"": 13, ""1748131200.0"": 5, ""1748995200.0"": 5, ""1749081600.0"": 4, ""1755302400.0"": 1, ""1758844800.0"": 2, ""1761177600.0"": 23, ""1761264000.0"": 121, ""1761350400.0"": 75, ""1761436800.0"": 67, ""1761523200.0"": 158, ""1761609600.0"": 153, ""1761696000.0"": 147, ""1761782400.0"": 176, ""1761868800.0"": 120, ""1761955200.0"": 86, ""1762041600.0"": 70, ""1762128000.0"": 115, ""1762214400.0"": 125, ""1762300800.0"": 144, ""1762387200.0"": 114, ""1762473600.0"": 71, ""1762560000.0"": 77, ""1762646400.0"": 80, ""1762732800.0"": 110, ""1762819200.0"": 150, ""1762905600.0"": 119, ""1762992000.0"": 144, ""1763078400.0"": 96, ""1763251200.0"": 62, ""1763337600.0"": 128, ""1763424000.0"": 111, ""1763510400.0"": 108, ""1763596800.0"": 89, ""1763683200.0"": 106, ""1763769600.0"": 78, ""1763856000.0"": 62, ""1763942400.0"": 178, ""1764028800.0"": 158, ""1764115200.0"": 159, ""1764201600.0"": 144, ""1764288000.0"": 57, ""1764374400.0"": 78, ""1764460800.0"": 60, ""1764547200.0"": 118, ""1764633600.0"": 129, ""1764720000.0"": 146, ""1764806400.0"": 110, ""1764892800.0"": 117, ""1764979200.0"": 57, ""1765065600.0"": 72, ""1765152000.0"": 127, ""1765238400.0"": 120, ""1765324800.0"": 73, ""1765411200.0"": 114, ""1765497600.0"": 28, ""1765584000.0"": 87, ""1765670400.0"": 68, ""1765756800.0"": 98, ""1765843200.0"": 169, ""1765929600.0"": 149, ""1766016000.0"": 165, ""1766102400.0"": 145, ""1766188800.0"": 13, ""1766275200.0"": 89, ""1766361600.0"": 155, ""1766448000.0"": 48, ""1766534400.0"": 108, ""1766620800.0"": 60, ""1766707200.0"": 115, ""1766793600.0"": 100, ""1766880000.0"": 94, ""1766966400.0"": 77, ""1767052800.0"": 134, ""1767139200.0"": 120, ""1767225600.0"": 79, ""1767312000.0"": 64, ""1767398400.0"": 85, ""1767484800.0"": 74, ""1767571200.0"": 64, ""1767657600.0"": 128, ""1767744000.0"": 93, ""1767830400.0"": 102, ""1767916800.0"": 116, ""1768003200.0"": 79, ""1768089600.0"": 60, ""1768176000.0"": 136, ""1768262400.0"": 88, ""1768348800.0"": 96, ""1768435200.0"": 107, ""1768521600.0"": 16, ""1768608000.0"": 89, ""1768694400.0"": 61, ""1768780800.0"": 142, ""1768867200.0"": 133, ""1768953600.0"": 87, ""1769040000.0"": 73, ""1769126400.0"": 61, ""1769212800.0"": 21, ""1769299200.0"": 79, ""1769385600.0"": 64, ""1769472000.0"": 62, ""1769558400.0"": 162, ""1769644800.0"": 131, ""1769731200.0"": 140, ""1769817600.0"": 65, ""1769904000.0"": 58, ""1769990400.0"": 116, ""1770076800.0"": 130, ""1770163200.0"": 94, ""1770249600.0"": 59, ""1770336000.0"": 90, ""1770422400.0"": 60, ""1770508800.0"": 37, ""1770595200.0"": 120, ""1770681600.0"": 114, ""1770768000.0"": 77, ""1770854400.0"": 86, ""1770940800.0"": 38, ""1771027200.0"": 41, ""1771113600.0"": 52, ""1771200000.0"": 96, ""1771286400.0"": 78, ""1771372800.0"": 31}",,Cash - NTMHC,Debtors - NTMHC,Round Off - NTMHC,Main - NTMHC,Write Off - NTMHC,Exchange Gain/Loss - NTMHC,,,0,Creditors - NTMHC,Cost of Goods Sold - NTMHC,Sales - NTMHC,,,,,Main - NTMHC,,1,0,Stock In Hand - NTMHC,Stock Adjustment - NTMHC,,Stock Received But Not Billed - NTMHC,,Accumulated Depreciation - NTMHC,Depreciation - NTMHC,,Gain/Loss on Asset Disposal - NTMHC,Main - NTMHC,CWIP Account - NTMHC,Asset Received But Not Billed - NTMHC,0,Daily,0,,,349,350,,,,,,Nyagatare,HC
Ntyazo Health Center,2025-11-15 16:04:09.209567,2026-04-28 15:26:15.106238,rwivangathite@gmail.com,mararashema@gmail.com,0,0,Ntyazo Health Center,NTYZHC,0045,RWF,Rwanda,0,,,,,,,,,,,,,,,Standard Template,,Standard,,{},0.0,740.0,,,0.0,"{""1763337600.0"": 2, ""1763424000.0"": 6, ""1763510400.0"": 3, ""1763596800.0"": 2, ""1764028800.0"": 2, ""1764201600.0"": 3, ""1765929600.0"": 1, ""1766016000.0"": 26, ""1766102400.0"": 64, ""1766361600.0"": 27, ""1766448000.0"": 51, ""1766534400.0"": 25, ""1766620800.0"": 13, ""1766707200.0"": 38, ""1766966400.0"": 28, ""1767052800.0"": 40, ""1767139200.0"": 28, ""1767225600.0"": 23, ""1767312000.0"": 32, ""1767571200.0"": 54, ""1767657600.0"": 52, ""1767744000.0"": 50, ""1767830400.0"": 39, ""1767916800.0"": 69, ""1768176000.0"": 52, ""1768262400.0"": 15, ""1768348800.0"": 43, ""1768435200.0"": 38, ""1768780800.0"": 16, ""1768867200.0"": 7, ""1768953600.0"": 10, ""1769040000.0"": 31, ""1769126400.0"": 1, ""1769385600.0"": 49, ""1769472000.0"": 45, ""1769644800.0"": 44, ""1769731200.0"": 65, ""1769990400.0"": 27, ""1770249600.0"": 7, ""1770336000.0"": 59, ""1770595200.0"": 42, ""1770681600.0"": 40, ""1770768000.0"": 29, ""1770854400.0"": 39, ""1771200000.0"": 14}",,Cash - NTYZHC,Debtors - NTYZHC,Round Off - NTYZHC,Main - NTYZHC,Write Off - NTYZHC,Exchange Gain/Loss - NTYZHC,,,0,Creditors - NTYZHC,Cost of Goods Sold - NTYZHC,Sales - NTYZHC,,,,,Main - NTYZHC,,1,0,Stock In Hand - NTYZHC,Stock Adjustment - NTYZHC,,Stock Received But Not Billed - NTYZHC,,Accumulated Depreciation - NTYZHC,Depreciation - NTYZHC,,Gain/Loss on Asset Disposal - NTYZHC,Main - NTYZHC,CWIP Account - NTYZHC,Asset Received But Not Billed - NTYZHC,0,Daily,0,,,587,588,,,,,,Nyanza,HC
Nyabikenke Health Center,2025-11-17 08:35:38.602852,2026-04-28 16:31:36.292935,urwanabeza@gmail.com,mararashema@gmail.com,0,0,Nyabikenke Health Center,NYKKHC,0136,RWF,Rwanda,0,,,,,,,,,,,,,,,Standard Template,,Standard,,{},0.0,518464.918,,,0.0,"{""1763337600.0"": 5, ""1763424000.0"": 100, ""1763510400.0"": 147, ""1763596800.0"": 55, ""1763683200.0"": 50, ""1763769600.0"": 18, ""1763856000.0"": 45, ""1763942400.0"": 99, ""1764028800.0"": 98, ""1764115200.0"": 144, ""1764201600.0"": 112, ""1764288000.0"": 81, ""1764374400.0"": 36, ""1764460800.0"": 35, ""1764547200.0"": 130, ""1764633600.0"": 113, ""1764720000.0"": 119, ""1764806400.0"": 102, ""1764892800.0"": 70, ""1764979200.0"": 39, ""1765065600.0"": 41, ""1765152000.0"": 123, ""1765238400.0"": 100, ""1765324800.0"": 125, ""1765411200.0"": 84, ""1765497600.0"": 81, ""1765584000.0"": 43, ""1765670400.0"": 33, ""1765756800.0"": 92, ""1765843200.0"": 103, ""1765929600.0"": 139, ""1766016000.0"": 93, ""1766102400.0"": 60, ""1766188800.0"": 25, ""1766275200.0"": 50, ""1766361600.0"": 77, ""1766448000.0"": 96, ""1766534400.0"": 70, ""1766620800.0"": 23, ""1766707200.0"": 71, ""1766793600.0"": 52, ""1766880000.0"": 55, ""1766966400.0"": 126, ""1767052800.0"": 119, ""1767139200.0"": 106, ""1767225600.0"": 70, ""1767312000.0"": 78, ""1767398400.0"": 56, ""1767484800.0"": 65, ""1767571200.0"": 103, ""1767657600.0"": 146, ""1767744000.0"": 135, ""1767830400.0"": 123, ""1767916800.0"": 74, ""1768003200.0"": 56, ""1768089600.0"": 70, ""1768176000.0"": 87, ""1768262400.0"": 96, ""1768348800.0"": 135, ""1768435200.0"": 95, ""1768521600.0"": 103, ""1768608000.0"": 68, ""1768694400.0"": 57, ""1768780800.0"": 98, ""1768867200.0"": 112, ""1768953600.0"": 121, ""1769040000.0"": 95, ""1769126400.0"": 77, ""1769212800.0"": 44, ""1769299200.0"": 50, ""1769385600.0"": 100, ""1769472000.0"": 103, ""1769558400.0"": 115, ""1769644800.0"": 91, ""1769731200.0"": 58, ""1769817600.0"": 42, ""1769904000.0"": 33, ""1769990400.0"": 75, ""1770076800.0"": 117, ""1770163200.0"": 123, ""1770249600.0"": 106, ""1770336000.0"": 54, ""1770422400.0"": 28, ""1770508800.0"": 27, ""1770595200.0"": 80, ""1770681600.0"": 99, ""1770768000.0"": 88, ""1770854400.0"": 86, ""1770940800.0"": 41, ""1771027200.0"": 23, ""1771113600.0"": 29, ""1771200000.0"": 89, ""1771286400.0"": 94, ""1771372800.0"": 117}",,Cash - NYKKHC,Debtors - NYKKHC,Round Off - NYKKHC,Main - NYKKHC,Write Off - NYKKHC,Exchange Gain/Loss - NYKKHC,,,0,Creditors - NYKKHC,Cost of Goods Sold - NYKKHC,Sales - NYKKHC,,,,,Main - NYKKHC,,1,0,Stock In Hand - NYKKHC,Stock Adjustment - NYKKHC,,Stock Received But Not Billed - NYKKHC,,Accumulated Depreciation - NYKKHC,Depreciation - NYKKHC,,Gain/Loss on Asset Disposal - NYKKHC,Main - NYKKHC,CWIP Account - NYKKHC,Asset Received But Not Billed - NYKKHC,0,Daily,0,,,605,606,,,,,,Muhanga,HC
Nyabikenye Health Center,2025-11-15 18:09:38.402230,2026-02-24 15:15:11.095563,mararashema@gmail.com,mararashema@gmail.com,0,0,Nyabikenye Health Center,NYBKHC,,RWF,Rwanda,0,,,,,,,,,,,,,,,Standard Template,,Standard,,{},0.0,0.0,,,0.0,{},,,,,,Write Off - NYBKHC,Exchange Gain/Loss - NYBKHC,,,0,,,Sales - NYBKHC,,,,,,,0,0,,,,,,Accumulated Depreciation - NYBKHC,Depreciation - NYBKHC,,Gain/Loss on Asset Disposal - NYBKHC,Main - NYBKHC,CWIP Account - NYBKHC,Asset Received But Not Billed - NYBKHC,0,Daily,0,,,603,604,,,,,,Muhanga,HC
Nyabinoni Health Center,2025-11-15 17:09:44.681802,2026-04-28 16:39:08.606490,benimanaolivier1@gmail.com,mararashema@gmail.com,0,0,Nyabinoni Health Center,NYBNHC,0137,RWF,Rwanda,0,,,,,,,,,,,,,,,Standard Template,,Standard,,{},0.0,163969.32,,,0.0,"{""1763337600.0"": 10, ""1763424000.0"": 28, ""1763510400.0"": 47, ""1763596800.0"": 15, ""1763683200.0"": 31, ""1763769600.0"": 25, ""1763856000.0"": 34, ""1763942400.0"": 13, ""1764028800.0"": 4, ""1764115200.0"": 2, ""1764806400.0"": 4, ""1765238400.0"": 3, ""1765324800.0"": 7, ""1765411200.0"": 3, ""1765497600.0"": 3, ""1765584000.0"": 17, ""1765756800.0"": 2, ""1765843200.0"": 5, ""1765929600.0"": 2, ""1766016000.0"": 1, ""1766102400.0"": 1, ""1766188800.0"": 4, ""1766361600.0"": 1, ""1766534400.0"": 1, ""1767830400.0"": 1, ""1768953600.0"": 1, ""1769040000.0"": 1, ""1769558400.0"": 2, ""1770076800.0"": 2, ""1770422400.0"": 1, ""1770768000.0"": 1, ""1771113600.0"": 2, ""1771200000.0"": 3, ""1771286400.0"": 1}",,Cash - NYBNHC,Debtors - NYBNHC,Round Off - NYBNHC,Main - NYBNHC,Write Off - NYBNHC,Exchange Gain/Loss - NYBNHC,,,0,Creditors - NYBNHC,Cost of Goods Sold - NYBNHC,Sales - NYBNHC,,,,,Main - NYBNHC,,1,0,Stock In Hand - NYBNHC,Stock Adjustment - NYBNHC,,Stock Received But Not Billed - NYBNHC,,Accumulated Depreciation - NYBNHC,Depreciation - NYBNHC,,Gain/Loss on Asset Disposal - NYBNHC,Main - NYBNHC,CWIP Account - NYBNHC,Asset Received But Not Billed - NYBNHC,0,Daily,0,,,595,596,,,,,,Muhanga,HC
Nyabinyenga Health Center,2025-11-15 12:36:45.662806,2026-04-23 08:11:15.035136,nyinawabasingahabibat4@gmail.com,mararashema@gmail.com,0,0,Nyabinyenga Health Center,NYBGHC,2041,RWF,Rwanda,0,,,,,,,,,,,,,,,Standard Template,,Standard,,{},0.0,5000.0,,,0.0,"{""1763337600.0"": 10, ""1763424000.0"": 18, ""1763510400.0"": 16, ""1763596800.0"": 7, ""1763683200.0"": 19, ""1763769600.0"": 12, ""1763856000.0"": 10, ""1763942400.0"": 33, ""1764028800.0"": 28, ""1764115200.0"": 16, ""1764201600.0"": 29, ""1764288000.0"": 12, ""1764547200.0"": 14, ""1764633600.0"": 35, ""1764720000.0"": 19, ""1764806400.0"": 3, ""1764892800.0"": 8, ""1765065600.0"": 14, ""1765152000.0"": 17, ""1765238400.0"": 18, ""1765324800.0"": 2, ""1765411200.0"": 6, ""1765497600.0"": 3, ""1765584000.0"": 1, ""1765670400.0"": 2, ""1765756800.0"": 3, ""1766016000.0"": 3, ""1766102400.0"": 23, ""1766275200.0"": 9, ""1766361600.0"": 9, ""1766448000.0"": 1, ""1766534400.0"": 12, ""1766793600.0"": 5, ""1766880000.0"": 6, ""1766966400.0"": 4, ""1767052800.0"": 14, ""1767139200.0"": 4, ""1767571200.0"": 5, ""1770076800.0"": 1, ""1770336000.0"": 1, ""1770508800.0"": 12, ""1770595200.0"": 3, ""1770940800.0"": 4, ""1771113600.0"": 12, ""1771200000.0"": 11, ""1771286400.0"": 17, ""1771372800.0"": 5}",,Cash - NYBGHC,Debtors - NYBGHC,Round Off - NYBGHC,Main - NYBGHC,Write Off - NYBGHC,Exchange Gain/Loss - NYBGHC,,,0,Creditors - NYBGHC,Cost of Goods Sold - NYBGHC,Sales - NYBGHC,,,,,Main - NYBGHC,,1,0,Stock In Hand - NYBGHC,Stock Adjustment - NYBGHC,,Stock Received But Not Billed - NYBGHC,,Accumulated Depreciation - NYBGHC,Depreciation - NYBGHC,,Gain/Loss on Asset Disposal - NYBGHC,Main - NYBGHC,CWIP Account - NYBGHC,Asset Received But Not Billed - NYBGHC,0,Daily,0,,,563,564,,,,,,Nyanza,HC
Nyabitare Health Center,2025-07-23 19:55:17.685981,2026-04-28 15:55:07.208411,ntakemmdd5@gmail.com,mugipascal@gmail.com,0,0,Nyabitare Health Center,NYBTRHC,0430,RWF,Rwanda,0,,,,,,,,,,,,,,,Standard Template,,Standard,,{},0.0,611342.061,,,0.0,"{""1754611200.0"": 2, ""1766102400.0"": 46, ""1766188800.0"": 31, ""1766275200.0"": 32, ""1766361600.0"": 42, ""1766448000.0"": 59, ""1766534400.0"": 56, ""1766620800.0"": 18, ""1766707200.0"": 61, ""1766793600.0"": 37, ""1766880000.0"": 30, ""1766966400.0"": 65, ""1767052800.0"": 52, ""1767139200.0"": 77, ""1767225600.0"": 38, ""1767312000.0"": 62, ""1767398400.0"": 67, ""1767484800.0"": 44, ""1767571200.0"": 87, ""1767657600.0"": 100, ""1767744000.0"": 86, ""1767830400.0"": 76, ""1767916800.0"": 57, ""1768003200.0"": 54, ""1768089600.0"": 41, ""1768176000.0"": 74, ""1768262400.0"": 77, ""1768348800.0"": 85, ""1768435200.0"": 92, ""1768521600.0"": 53, ""1768608000.0"": 65, ""1768694400.0"": 63, ""1768780800.0"": 70, ""1768867200.0"": 86, ""1768953600.0"": 96, ""1769040000.0"": 43, ""1769126400.0"": 114, ""1769212800.0"": 84, ""1769299200.0"": 52, ""1769385600.0"": 62, ""1769472000.0"": 81, ""1769558400.0"": 92, ""1769644800.0"": 78, ""1769731200.0"": 58, ""1769817600.0"": 43, ""1769904000.0"": 21, ""1769990400.0"": 82, ""1770076800.0"": 85, ""1770163200.0"": 104, ""1770249600.0"": 47, ""1770336000.0"": 54, ""1770422400.0"": 45, ""1770508800.0"": 40, ""1770595200.0"": 55, ""1770681600.0"": 69, ""1770768000.0"": 96, ""1770854400.0"": 110, ""1770940800.0"": 70, ""1771027200.0"": 60, ""1771113600.0"": 80, ""1771200000.0"": 143, ""1771286400.0"": 132, ""1771372800.0"": 127}",,Cash - NYBTRHC,Debtors - NYBTRHC,Round Off - NYBTRHC,Main - NYBTRHC,Write Off - NYBTRHC,Exchange Gain/Loss - NYBTRHC,,,0,Creditors - NYBTRHC,Cost of Goods Sold - NYBTRHC,Sales - NYBTRHC,,,,,Main - NYBTRHC,,1,0,Stock In Hand - NYBTRHC,Stock Adjustment - NYBTRHC,,Stock Received But Not Billed - NYBTRHC,,Accumulated Depreciation - NYBTRHC,Depreciation - NYBTRHC,,Gain/Loss on Asset Disposal - NYBTRHC,Main - NYBTRHC,CWIP Account - NYBTRHC,Asset Received But Not Billed - NYBTRHC,0,Daily,0,,,441,442,,,,,,Kirehe,HC
Nyacyonga Health Center,2024-08-01 11:20:56.140978,2026-02-24 15:51:40.733405,madeltine2010@gmail.com,rukundojoe30@gmail.com,0,72,Nyacyonga Health Center,NYHC,0026,RWF,Rwanda,0,,,,,,,,,,,,,,,Standard Template,,Standard,,{},0.0,4064.9,,,0.0,"{""1747958400.0"": 9, ""1748044800.0"": 70, ""1748131200.0"": 19, ""1748995200.0"": 1, ""1760486400.0"": 4, ""1762214400.0"": 1}",,Cash - NYHC,Debtors - NYHC,Round Off - NYHC,Main - NYHC,Write Off - NYHC,Exchange Gain/Loss - NYHC,,,0,Creditors - NYHC,Cost of Goods Sold - NYHC,Sales - NYHC,,,,,Main - NYHC,,1,0,Stock In Hand - NYHC,Stock Adjustment - NYHC,,Stock Received But Not Billed - NYHC,,Accumulated Depreciation - NYHC,Depreciation - NYHC,,Gain/Loss on Asset Disposal - NYHC,Main - NYHC,CWIP Account - NYHC,Asset Received But Not Billed - NYHC,0,Daily,0,,,41,42,,,,,,Gasabo,HC
Nyagahanga Health Center,2025-04-26 23:48:29.265864,2026-03-26 20:04:50.275100,uwizeanasta@gmail.com,florentin.ndabarasa@moh.gov.rw,0,0,Nyagahanga Health Center,NYGAHGHC,0399,RWF,Rwanda,0,,,,,,,,,,,,,,,Standard Template,,Standard,,{},0.0,14950.4,,,0.0,"{""1746144000.0"": 1, ""1748044800.0"": 50, ""1748131200.0"": 39, ""1766448000.0"": 6}",,Cash - NYGAHGHC,Debtors - NYGAHGHC,Round Off - NYGAHGHC,Main - NYGAHGHC,Write Off - NYGAHGHC,Exchange Gain/Loss - NYGAHGHC,,,0,Creditors - NYGAHGHC,Cost of Goods Sold - NYGAHGHC,Sales - NYGAHGHC,,,,,Main - NYGAHGHC,,1,0,Stock In Hand - NYGAHGHC,Stock Adjustment - NYGAHGHC,,Stock Received But Not Billed - NYGAHGHC,,Accumulated Depreciation - NYGAHGHC,Depreciation - NYGAHGHC,,Gain/Loss on Asset Disposal - NYGAHGHC,Main - NYGAHGHC,CWIP Account - NYGAHGHC,Asset Received But Not Billed - NYGAHGHC,0,Daily,0,,,283,284,,,,,,Gatsibo,HC
Nyagahita Health Center,2025-05-15 21:03:39.461575,2026-04-28 16:04:27.962126,muchany2@gmail.com,ildephonse90@yahoo.com,0,0,Nyagahita Health Center,NYHTHC,0378,RWF,Rwanda,0,,,,,,,,,,,,,,,Standard Template,,Standard,,{},0.0,335772.0,,,0.0,"{""1754524800.0"": 7, ""1754611200.0"": 9, ""1754784000.0"": 7, ""1754870400.0"": 28, ""1754956800.0"": 13, ""1755043200.0"": 20, ""1755734400.0"": 3, ""1755820800.0"": 5, ""1756166400.0"": 32, ""1756252800.0"": 67, ""1756339200.0"": 76, ""1756425600.0"": 27, ""1756512000.0"": 31, ""1756598400.0"": 24, ""1756684800.0"": 47, ""1756771200.0"": 33, ""1756857600.0"": 67, ""1756944000.0"": 44, ""1757030400.0"": 43, ""1757116800.0"": 10, ""1757203200.0"": 3, ""1757289600.0"": 23, ""1757462400.0"": 17, ""1757548800.0"": 6, ""1757635200.0"": 17, ""1757721600.0"": 25, ""1757894400.0"": 16, ""1757980800.0"": 53, ""1758067200.0"": 15, ""1758153600.0"": 73, ""1758240000.0"": 14, ""1758326400.0"": 26, ""1758412800.0"": 17, ""1758499200.0"": 55, ""1758585600.0"": 36, ""1758672000.0"": 13, ""1758758400.0"": 46, ""1758844800.0"": 31, ""1759104000.0"": 17, ""1759190400.0"": 51, ""1759708800.0"": 11, ""1759795200.0"": 15, ""1759968000.0"": 71, ""1760054400.0"": 2, ""1760400000.0"": 45, ""1761523200.0"": 87, ""1761609600.0"": 57, ""1761696000.0"": 71, ""1761782400.0"": 83, ""1761868800.0"": 10, ""1761955200.0"": 35, ""1762041600.0"": 32, ""1762128000.0"": 110, ""1762214400.0"": 41, ""1762300800.0"": 54, ""1762387200.0"": 72, ""1762473600.0"": 44, ""1762560000.0"": 41, ""1762646400.0"": 34, ""1762732800.0"": 105, ""1762819200.0"": 69, ""1762905600.0"": 65, ""1762992000.0"": 96, ""1763078400.0"": 89, ""1763164800.0"": 25, ""1763251200.0"": 26, ""1763337600.0"": 85, ""1763424000.0"": 76, ""1763510400.0"": 69, ""1763596800.0"": 36, ""1763683200.0"": 50, ""1763942400.0"": 90, ""1764028800.0"": 61, ""1764115200.0"": 67, ""1764201600.0"": 110, ""1764288000.0"": 82, ""1764374400.0"": 40, ""1764460800.0"": 22, ""1764547200.0"": 90, ""1764633600.0"": 50, ""1764720000.0"": 87, ""1764806400.0"": 104, ""1764892800.0"": 34, ""1764979200.0"": 28, ""1765065600.0"": 32, ""1765152000.0"": 103, ""1765238400.0"": 86, ""1765324800.0"": 55, ""1765411200.0"": 83, ""1765497600.0"": 57, ""1765584000.0"": 27, ""1765670400.0"": 25, ""1765756800.0"": 86, ""1765843200.0"": 63, ""1765929600.0"": 48, ""1766102400.0"": 4, ""1766361600.0"": 85, ""1766448000.0"": 79, ""1766534400.0"": 102, ""1766620800.0"": 8, ""1766707200.0"": 51, ""1766793600.0"": 18, ""1766880000.0"": 45, ""1766966400.0"": 51, ""1767052800.0"": 70, ""1767139200.0"": 51, ""1767571200.0"": 57, ""1767657600.0"": 47, ""1767744000.0"": 12, ""1767830400.0"": 47, ""1767916800.0"": 3, ""1768003200.0"": 46, ""1768176000.0"": 22, ""1768262400.0"": 11, ""1768348800.0"": 3, ""1768435200.0"": 95, ""1769472000.0"": 26, ""1769644800.0"": 14, ""1769990400.0"": 51, ""1770076800.0"": 26, ""1770163200.0"": 1, ""1770249600.0"": 76, ""1770336000.0"": 60, ""1770422400.0"": 36, ""1770508800.0"": 26, ""1770595200.0"": 82, ""1770681600.0"": 44, ""1770768000.0"": 28, ""1770854400.0"": 86, ""1770940800.0"": 5, ""1771027200.0"": 37, ""1771113600.0"": 46, ""1771200000.0"": 107, ""1771286400.0"": 59, ""1771372800.0"": 48}",,Cash - NYHTHC,Debtors - NYHTHC,Round Off - NYHTHC,Main - NYHTHC,Write Off - NYHTHC,Exchange Gain/Loss - NYHTHC,,,0,Creditors - NYHTHC,Cost of Goods Sold - NYHTHC,Sales - NYHTHC,,,,,Main - NYHTHC,,1,0,Stock In Hand - NYHTHC,Stock Adjustment - NYHTHC,,Stock Received But Not Billed - NYHTHC,,Accumulated Depreciation - NYHTHC,Depreciation - NYHTHC,,Gain/Loss on Asset Disposal - NYHTHC,Main - NYHTHC,CWIP Account - NYHTHC,Asset Received But Not Billed - NYHTHC,0,Daily,0,,,375,376,,,,,,Nyagatare,HC
NYAGASAMBU HC,2025-03-31 16:21:59.058836,2026-04-23 08:09:40.493715,uwerajoselyne1994@gmail.com,mugipascal@gmail.com,0,0,NYAGASAMBU HC,NYAHC,0359,RWF,Rwanda,0,,,,,,,,,,,,,,,Standard Template,,Standard,,{},0.0,620.0,,,0.0,"{""1744761600.0"": 1, ""1745366400.0"": 2, ""1747958400.0"": 15, ""1748044800.0"": 119, ""1748131200.0"": 29, ""1753747200.0"": 1}",,Cash - NYAHC,Debtors - NYAHC,Round Off - NYAHC,Main - NYAHC,Write Off - NYAHC,Exchange Gain/Loss - NYAHC,,,0,Creditors - NYAHC,Cost of Goods Sold - NYAHC,Sales - NYAHC,,,,,Main - NYAHC,,1,0,Stock In Hand - NYAHC,Stock Adjustment - NYAHC,,Stock Received But Not Billed - NYAHC,,Accumulated Depreciation - NYAHC,Depreciation - NYAHC,,Gain/Loss on Asset Disposal - NYAHC,Main - NYAHC,CWIP Account - NYAHC,Asset Received But Not Billed - NYAHC,0,Daily,0,,,161,162,,,,,,Rwamagana,HC
Nyagatare Health Center,2025-05-15 19:13:28.525057,2026-04-28 17:37:16.929194,nzikwinkundaleonard5@gmail.com,ildephonse90@yahoo.com,0,0,Nyagatare Health Center,NYGTRHC,0379,RWF,Rwanda,0,,,,,,,,,,,,,,,Standard Template,,Standard,,{},0.0,28786231.88,,,0.0,"{""1748044800.0"": 1, ""1748131200.0"": 21, ""1749772800.0"": 1, ""1750032000.0"": 2, ""1750723200.0"": 1, ""1751500800.0"": 8, ""1751587200.0"": 1, ""1751673600.0"": 1, ""1753401600.0"": 2, ""1754265600.0"": 28, ""1754352000.0"": 86, ""1754438400.0"": 20, ""1754524800.0"": 56, ""1754697600.0"": 8, ""1754784000.0"": 51, ""1754870400.0"": 36, ""1754956800.0"": 21, ""1755043200.0"": 45, ""1755129600.0"": 40, ""1755216000.0"": 19, ""1755302400.0"": 76, ""1755388800.0"": 18, ""1755561600.0"": 42, ""1755648000.0"": 20, ""1755734400.0"": 26, ""1755820800.0"": 30, ""1755907200.0"": 40, ""1755993600.0"": 67, ""1756080000.0"": 54, ""1756166400.0"": 34, ""1756252800.0"": 87, ""1756339200.0"": 148, ""1756425600.0"": 44, ""1756512000.0"": 58, ""1756598400.0"": 57, ""1756684800.0"": 50, ""1756771200.0"": 67, ""1756944000.0"": 68, ""1757030400.0"": 34, ""1757116800.0"": 62, ""1757203200.0"": 54, ""1757289600.0"": 41, ""1757376000.0"": 1, ""1757462400.0"": 35, ""1757548800.0"": 30, ""1757635200.0"": 41, ""1757721600.0"": 64, ""1757808000.0"": 61, ""1757894400.0"": 48, ""1757980800.0"": 37, ""1758067200.0"": 34, ""1758153600.0"": 40, ""1758240000.0"": 25, ""1758412800.0"": 1, ""1758499200.0"": 45, ""1758585600.0"": 124, ""1758672000.0"": 46, ""1758758400.0"": 34, ""1758844800.0"": 63, ""1758931200.0"": 6, ""1759017600.0"": 1, ""1759104000.0"": 67, ""1759276800.0"": 60, ""1759363200.0"": 57, ""1759449600.0"": 62, ""1759708800.0"": 44, ""1759795200.0"": 21, ""1759881600.0"": 38, ""1759968000.0"": 128, ""1760054400.0"": 27, ""1760140800.0"": 16, ""1760227200.0"": 14, ""1760400000.0"": 29, ""1760486400.0"": 41, ""1760572800.0"": 133, ""1760659200.0"": 162, ""1760745600.0"": 88, ""1760832000.0"": 84, ""1760918400.0"": 265, ""1761004800.0"": 179, ""1761091200.0"": 155, ""1761177600.0"": 178, ""1761264000.0"": 157, ""1761350400.0"": 94, ""1761436800.0"": 91, ""1761523200.0"": 239, ""1761609600.0"": 189, ""1761696000.0"": 195, ""1761782400.0"": 192, ""1761868800.0"": 42, ""1761955200.0"": 85, ""1762041600.0"": 93, ""1762128000.0"": 279, ""1762214400.0"": 195, ""1762300800.0"": 197, ""1762387200.0"": 188, ""1762473600.0"": 136, ""1762560000.0"": 10, ""1762646400.0"": 97, ""1762732800.0"": 225, ""1762819200.0"": 233, ""1762905600.0"": 192, ""1762992000.0"": 223, ""1763078400.0"": 171, ""1763164800.0"": 15, ""1763251200.0"": 120, ""1763337600.0"": 250, ""1763424000.0"": 177, ""1763510400.0"": 187, ""1763596800.0"": 163, ""1763683200.0"": 171, ""1763769600.0"": 106, ""1763856000.0"": 97, ""1763942400.0"": 225, ""1764028800.0"": 168, ""1764115200.0"": 156, ""1764201600.0"": 181, ""1764288000.0"": 156, ""1764374400.0"": 93, ""1764460800.0"": 87, ""1764547200.0"": 160, ""1764633600.0"": 147, ""1764720000.0"": 337, ""1764806400.0"": 89, ""1764892800.0"": 111, ""1764979200.0"": 81, ""1765065600.0"": 95, ""1765152000.0"": 206, ""1765238400.0"": 168, ""1765324800.0"": 128, ""1765411200.0"": 181, ""1765497600.0"": 111, ""1765584000.0"": 117, ""1765670400.0"": 96, ""1765756800.0"": 175, ""1765843200.0"": 229, ""1765929600.0"": 210, ""1766016000.0"": 176, ""1766102400.0"": 164, ""1766188800.0"": 50, ""1766275200.0"": 105, ""1766361600.0"": 305, ""1766448000.0"": 179, ""1766534400.0"": 167, ""1766620800.0"": 77, ""1766707200.0"": 128, ""1766793600.0"": 74, ""1766880000.0"": 87, ""1766966400.0"": 295, ""1767052800.0"": 184, ""1767139200.0"": 179, ""1767225600.0"": 83, ""1767312000.0"": 41, ""1767398400.0"": 5, ""1767484800.0"": 111, ""1767571200.0"": 261, ""1767657600.0"": 204, ""1767744000.0"": 6, ""1767830400.0"": 5, ""1767916800.0"": 8, ""1768003200.0"": 9, ""1768089600.0"": 1, ""1768176000.0"": 7, ""1768262400.0"": 223, ""1768348800.0"": 175, ""1768435200.0"": 188, ""1768521600.0"": 39, ""1768608000.0"": 81, ""1768694400.0"": 101, ""1768780800.0"": 249, ""1768867200.0"": 221, ""1768953600.0"": 179, ""1769040000.0"": 217, ""1769126400.0"": 262, ""1769212800.0"": 89, ""1769299200.0"": 160, ""1769385600.0"": 314, ""1769472000.0"": 310, ""1769558400.0"": 338, ""1769644800.0"": 295, ""1769731200.0"": 266, ""1769817600.0"": 163, ""1769904000.0"": 156, ""1769990400.0"": 289, ""1770076800.0"": 328, ""1770163200.0"": 203, ""1770249600.0"": 165, ""1770336000.0"": 226, ""1770422400.0"": 152, ""1770508800.0"": 117, ""1770595200.0"": 327, ""1770681600.0"": 322, ""1770768000.0"": 210, ""1770854400.0"": 290, ""1770940800.0"": 207, ""1771027200.0"": 134, ""1771113600.0"": 143, ""1771200000.0"": 393, ""1771286400.0"": 325, ""1771372800.0"": 265}",,Cash - NYGTRHC,Debtors - NYGTRHC,Round Off - NYGTRHC,Main - NYGTRHC,Write Off - NYGTRHC,Exchange Gain/Loss - NYGTRHC,,,0,Creditors - NYGTRHC,Cost of Goods Sold - NYGTRHC,Sales - NYGTRHC,,,,,Main - NYGTRHC,,1,0,Stock In Hand - NYGTRHC,Stock Adjustment - NYGTRHC,,Stock Received But Not Billed - NYGTRHC,,Accumulated Depreciation - NYGTRHC,Depreciation - NYGTRHC,,Gain/Loss on Asset Disposal - NYGTRHC,Main - NYGTRHC,CWIP Account - NYGTRHC,Asset Received But Not Billed - NYGTRHC,0,Daily,0,,,347,348,,,,,,Nyagatare,HC
Nyagihamba Health Center,2025-11-15 11:31:36.497293,2026-04-28 16:26:54.119621,hassannzayisenga7@gmail.com,mararashema@gmail.com,0,0,Nyagihamba Health Center,NYGBHC,0151,RWF,Rwanda,0,,,,,,,,,,,,,,,Standard Template,,Standard,,{},0.0,48400.0,,,0.0,"{""1763337600.0"": 85, ""1763424000.0"": 61, ""1763510400.0"": 42, ""1763942400.0"": 16, ""1764028800.0"": 7, ""1764115200.0"": 31, ""1764201600.0"": 36, ""1764288000.0"": 13, ""1764374400.0"": 38, ""1764460800.0"": 20, ""1764547200.0"": 32, ""1764633600.0"": 30, ""1764720000.0"": 24, ""1764806400.0"": 44, ""1764892800.0"": 32, ""1764979200.0"": 28, ""1765065600.0"": 27, ""1765152000.0"": 61, ""1765238400.0"": 15, ""1765324800.0"": 30, ""1765411200.0"": 38, ""1765497600.0"": 27, ""1765584000.0"": 27, ""1765670400.0"": 21, ""1765756800.0"": 13, ""1765843200.0"": 26, ""1765929600.0"": 29, ""1766016000.0"": 21, ""1766102400.0"": 31, ""1766188800.0"": 21, ""1766275200.0"": 25, ""1766361600.0"": 46, ""1766448000.0"": 36, ""1766534400.0"": 37, ""1766620800.0"": 14, ""1766707200.0"": 43, ""1766793600.0"": 50, ""1766880000.0"": 25, ""1766966400.0"": 56, ""1767052800.0"": 36, ""1767139200.0"": 52, ""1767225600.0"": 26, ""1767312000.0"": 60, ""1767398400.0"": 30, ""1767484800.0"": 42, ""1767571200.0"": 40, ""1767657600.0"": 35, ""1767744000.0"": 40, ""1767830400.0"": 40, ""1767916800.0"": 38, ""1768003200.0"": 35, ""1768089600.0"": 31, ""1768176000.0"": 22, ""1768262400.0"": 30, ""1768348800.0"": 50, ""1768435200.0"": 44, ""1768521600.0"": 12, ""1768608000.0"": 41, ""1768694400.0"": 37, ""1768780800.0"": 36, ""1768867200.0"": 38, ""1768953600.0"": 17, ""1769040000.0"": 24, ""1769126400.0"": 25, ""1769212800.0"": 31, ""1769299200.0"": 25, ""1769385600.0"": 63, ""1769472000.0"": 29, ""1769558400.0"": 24, ""1769644800.0"": 19, ""1769731200.0"": 4, ""1769817600.0"": 19, ""1769904000.0"": 9, ""1769990400.0"": 16, ""1770076800.0"": 22, ""1770163200.0"": 15, ""1770249600.0"": 24, ""1770336000.0"": 15, ""1770422400.0"": 18, ""1770508800.0"": 8, ""1770595200.0"": 20, ""1770681600.0"": 20, ""1770768000.0"": 22, ""1770854400.0"": 22, ""1770940800.0"": 3, ""1771027200.0"": 14, ""1771113600.0"": 9, ""1771200000.0"": 20, ""1771286400.0"": 19, ""1771372800.0"": 11}",,Cash - NYGBHC,Debtors - NYGBHC,Round Off - NYGBHC,Main - NYGBHC,Write Off - NYGBHC,Exchange Gain/Loss - NYGBHC,,,0,Creditors - NYGBHC,Cost of Goods Sold - NYGBHC,Sales - NYGBHC,,,,,Main - NYGBHC,,1,0,Stock In Hand - NYGBHC,Stock Adjustment - NYGBHC,,Stock Received But Not Billed - NYGBHC,,Accumulated Depreciation - NYGBHC,Depreciation - NYGBHC,,Gain/Loss on Asset Disposal - NYGBHC,Main - NYGBHC,CWIP Account - NYGBHC,Asset Received But Not Billed - NYGBHC,0,Daily,0,,,551,552,,,,,,Kamonyi,HC
Nyagihanga Health Center,2025-04-27 00:01:03.028367,2026-04-24 13:50:21.984288,marcelinenyirankuriyingoma@gmail.com,florentin.ndabarasa@moh.gov.rw,0,0,Nyagihanga Health Center,NYGIGHC,0400,RWF,Rwanda,0,,,,,,,,,,,,,,,Standard Template,,Standard,,{},0.0,16880.0,,,0.0,"{""1748044800.0"": 31, ""1748131200.0"": 1}",,Cash - NYGIGHC,Debtors - NYGIGHC,Round Off - NYGIGHC,Main - NYGIGHC,Write Off - NYGIGHC,Exchange Gain/Loss - NYGIGHC,,,0,Creditors - NYGIGHC,Cost of Goods Sold - NYGIGHC,Sales - NYGIGHC,,,,,Main - NYGIGHC,,1,0,Stock In Hand - NYGIGHC,Stock Adjustment - NYGIGHC,,Stock Received But Not Billed - NYGIGHC,,Accumulated Depreciation - NYGIGHC,Depreciation - NYGIGHC,,Gain/Loss on Asset Disposal - NYGIGHC,Main - NYGIGHC,CWIP Account - NYGIGHC,Asset Received But Not Billed - NYGIGHC,0,Daily,0,,,287,288,,,,,,Gatsibo,HC
Nyakabungo Health Center,2025-04-26 22:45:14.927383,2026-04-28 14:33:25.161233,nsibonov@yahoo.fr,florentin.ndabarasa@moh.gov.rw,0,0,Nyakabungo Health Center,NYKBGHC,0411,RWF,Rwanda,0,,,,,,,,,,,,,,,Standard Template,,Standard,,{},0.0,1570946.641,,,0.0,"{""1746057600.0"": 1, ""1746576000.0"": 1, ""1746662400.0"": 2, ""1746748800.0"": 1, ""1746835200.0"": 1, ""1746921600.0"": 3, ""1747094400.0"": 9, ""1747180800.0"": 13, ""1747267200.0"": 7, ""1747353600.0"": 3, ""1747440000.0"": 2, ""1747958400.0"": 1, ""1748044800.0"": 32, ""1748131200.0"": 11, ""1748390400.0"": 4, ""1748476800.0"": 4, ""1748736000.0"": 1, ""1748908800.0"": 4, ""1749168000.0"": 6, ""1749427200.0"": 2, ""1749600000.0"": 3, ""1749686400.0"": 5, ""1749772800.0"": 2, ""1749859200.0"": 7, ""1749945600.0"": 1, ""1750032000.0"": 3, ""1750118400.0"": 4, ""1750291200.0"": 1, ""1750377600.0"": 1, ""1750550400.0"": 4, ""1750636800.0"": 4, ""1750809600.0"": 1, ""1750982400.0"": 4, ""1751068800.0"": 7, ""1751155200.0"": 1, ""1751241600.0"": 1, ""1751414400.0"": 2, ""1751500800.0"": 4, ""1751587200.0"": 1, ""1751673600.0"": 1, ""1751760000.0"": 1, ""1751846400.0"": 2, ""1751932800.0"": 3, ""1752019200.0"": 2, ""1752278400.0"": 1, ""1752364800.0"": 4, ""1752537600.0"": 3, ""1752624000.0"": 2, ""1752796800.0"": 1, ""1752969600.0"": 1, ""1753056000.0"": 1, ""1753142400.0"": 1, ""1753228800.0"": 3, ""1753401600.0"": 1, ""1753488000.0"": 1, ""1753574400.0"": 4, ""1753660800.0"": 2, ""1753747200.0"": 4, ""1753833600.0"": 3, ""1754006400.0"": 4, ""1754092800.0"": 1, ""1754265600.0"": 5, ""1754870400.0"": 5, ""1754956800.0"": 3, ""1755129600.0"": 3, ""1755388800.0"": 2, ""1755475200.0"": 1, ""1755561600.0"": 1, ""1755734400.0"": 2, ""1755820800.0"": 1, ""1755907200.0"": 2, ""1756166400.0"": 21, ""1756598400.0"": 1, ""1756684800.0"": 2, ""1756771200.0"": 1, ""1756944000.0"": 1, ""1758412800.0"": 2, ""1758499200.0"": 2, ""1759276800.0"": 1, ""1759363200.0"": 2, ""1759536000.0"": 2, ""1760400000.0"": 13, ""1760659200.0"": 1, ""1760745600.0"": 7, ""1760832000.0"": 1, ""1761004800.0"": 1, ""1761350400.0"": 1, ""1761955200.0"": 18, ""1762041600.0"": 1, ""1762387200.0"": 1, ""1762560000.0"": 1, ""1762992000.0"": 2, ""1763164800.0"": 2, ""1763251200.0"": 6, ""1764460800.0"": 1, ""1764633600.0"": 3, ""1764720000.0"": 2, ""1765324800.0"": 3, ""1765411200.0"": 1, ""1765584000.0"": 8, ""1766016000.0"": 1, ""1766102400.0"": 2, ""1766448000.0"": 21, ""1766620800.0"": 2, ""1766880000.0"": 1, ""1767312000.0"": 2, ""1767398400.0"": 1, ""1767484800.0"": 1, ""1768003200.0"": 5, ""1771113600.0"": 1}",,Cash - NYKBGHC,Debtors - NYKBGHC,Round Off - NYKBGHC,Main - NYKBGHC,Write Off - NYKBGHC,Exchange Gain/Loss - NYKBGHC,,,0,Creditors - NYKBGHC,Cost of Goods Sold - NYKBGHC,Sales - NYKBGHC,,,,,Main - NYKBGHC,,1,0,Stock In Hand - NYKBGHC,Stock Adjustment - NYKBGHC,,Stock Received But Not Billed - NYKBGHC,,Accumulated Depreciation - NYKBGHC,Depreciation - NYKBGHC,,Gain/Loss on Asset Disposal - NYKBGHC,Main - NYKBGHC,CWIP Account - NYKBGHC,Asset Received But Not Billed - NYKBGHC,0,Daily,0,,,265,266,,,,,,Kayonza,HC
NYAKALIRO Health Center,2025-04-01 13:42:29.354432,2026-04-27 07:37:15.222273,mukanteziryayodevothe@gmail.com,mugipascal@gmail.com,0,0,NYAKALIRO Health Center,NYAKHC,0360,RWF,Rwanda,0,,,,,,,,,,,,,,,Standard Template,,Standard,,{},0.0,89088.6,,,0.0,"{""1743724800.0"": 1, ""1745539200.0"": 2, ""1747958400.0"": 6, ""1748044800.0"": 56, ""1748131200.0"": 13, ""1752105600.0"": 8, ""1752537600.0"": 42, ""1752624000.0"": 28, ""1752710400.0"": 11, ""1752796800.0"": 14, ""1752969600.0"": 21, ""1753056000.0"": 13, ""1753142400.0"": 1, ""1753228800.0"": 28, ""1753315200.0"": 59, ""1753401600.0"": 124, ""1753660800.0"": 79, ""1753747200.0"": 35, ""1753920000.0"": 67, ""1754006400.0"": 56, ""1754265600.0"": 9, ""1754352000.0"": 5, ""1754438400.0"": 37, ""1754524800.0"": 82, ""1754611200.0"": 29, ""1755129600.0"": 2, ""1755734400.0"": 3, ""1758844800.0"": 2, ""1761177600.0"": 2, ""1771200000.0"": 1}",,Cash - NYAKHC,Debtors - NYAKHC,Round Off - NYAKHC,Main - NYAKHC,Write Off - NYAKHC,Exchange Gain/Loss - NYAKHC,,,0,Creditors - NYAKHC,Cost of Goods Sold - NYAKHC,Sales - NYAKHC,,,,,Main - NYAKHC,,1,0,Stock In Hand - NYAKHC,Stock Adjustment - NYAKHC,,Stock Received But Not Billed - NYAKHC,,Accumulated Depreciation - NYAKHC,Depreciation - NYAKHC,,Gain/Loss on Asset Disposal - NYAKHC,Main - NYAKHC,CWIP Account - NYAKHC,Asset Received But Not Billed - NYAKHC,0,Daily,0,,,177,178,,,,,,Rwamagana,HC
Nyakigando Health Center,2024-11-05 11:42:28.893240,2026-04-28 16:42:36.852165,irimasodenyse@gmail.com,rukundojoe30@gmail.com,0,0,Nyakigando Health Center,NKGHC,0643,RWF,Rwanda,0,,,,,,,,,,,,,,,Standard Template,,Standard,,{},0.0,282120.2,,,0.0,"{""1740441600.0"": 1, ""1742342400.0"": 1, ""1747958400.0"": 1, ""1748044800.0"": 38, ""1748131200.0"": 23, ""1755475200.0"": 1, ""1758153600.0"": 15, ""1758240000.0"": 46, ""1758499200.0"": 10, ""1761609600.0"": 1, ""1761696000.0"": 28, ""1764028800.0"": 9, ""1764115200.0"": 29, ""1764201600.0"": 42, ""1764374400.0"": 1, ""1764806400.0"": 1, ""1765324800.0"": 2, ""1765411200.0"": 33, ""1765497600.0"": 88, ""1765584000.0"": 64, ""1765670400.0"": 43, ""1765756800.0"": 59, ""1765843200.0"": 86, ""1765929600.0"": 79, ""1766016000.0"": 117, ""1766102400.0"": 100, ""1766188800.0"": 18, ""1766275200.0"": 33, ""1766361600.0"": 88, ""1766448000.0"": 1, ""1766534400.0"": 60, ""1766620800.0"": 23, ""1766707200.0"": 84, ""1766793600.0"": 62, ""1766880000.0"": 40, ""1766966400.0"": 68, ""1767052800.0"": 81, ""1767139200.0"": 68, ""1767225600.0"": 27, ""1767312000.0"": 58, ""1767398400.0"": 46, ""1767484800.0"": 35, ""1767571200.0"": 56, ""1767657600.0"": 82, ""1767744000.0"": 74, ""1767830400.0"": 107, ""1767916800.0"": 95, ""1768003200.0"": 31, ""1768089600.0"": 32, ""1768176000.0"": 47, ""1768262400.0"": 74, ""1768348800.0"": 46, ""1768435200.0"": 76, ""1768521600.0"": 10, ""1768608000.0"": 39, ""1768694400.0"": 19, ""1768780800.0"": 63, ""1768867200.0"": 73, ""1768953600.0"": 49, ""1769040000.0"": 74, ""1769126400.0"": 97, ""1769212800.0"": 42, ""1769299200.0"": 38, ""1769385600.0"": 59, ""1769472000.0"": 7, ""1769558400.0"": 29, ""1769644800.0"": 15, ""1769731200.0"": 17, ""1769817600.0"": 41, ""1769904000.0"": 22, ""1769990400.0"": 53, ""1770076800.0"": 52, ""1770163200.0"": 49, ""1770249600.0"": 38, ""1770336000.0"": 78, ""1770422400.0"": 18, ""1770508800.0"": 26, ""1770595200.0"": 50, ""1770681600.0"": 39, ""1770768000.0"": 47, ""1770854400.0"": 56, ""1770940800.0"": 57, ""1771027200.0"": 33, ""1771113600.0"": 16, ""1771200000.0"": 55, ""1771286400.0"": 81, ""1771372800.0"": 37}",,Cash - NKGHC,Debtors - NKGHC,Round Off - NKGHC,Main - NKGHC,Write Off - NKGHC,Exchange Gain/Loss - NKGHC,,,0,Creditors - NKGHC,Cost of Goods Sold - NKGHC,Sales - NKGHC,,,,,Main - NKGHC,,1,0,Stock In Hand - NKGHC,Stock Adjustment - NKGHC,,Stock Received But Not Billed - NKGHC,,Accumulated Depreciation - NKGHC,Depreciation - NKGHC,,Gain/Loss on Asset Disposal - NKGHC,Main - NKGHC,CWIP Account - NKGHC,Asset Received But Not Billed - NKGHC,0,Daily,0,,,103,104,,,,,,Nyagatare,HC
Nyakinama Health Center,2025-09-16 20:19:26.544577,2026-03-28 17:03:59.934339,iradukunda1jo@gmail.com,ildephonse90@yahoo.com,0,0,Nyakinama Health Center,NYAKNMHC,0315,RWF,Rwanda,0,,,,,,,,,,,,,,,Standard Template,,Standard,,{},0.0,41670.0,,,0.0,"{""1761523200.0"": 1, ""1761782400.0"": 3, ""1761868800.0"": 3, ""1762041600.0"": 1, ""1762128000.0"": 1, ""1762214400.0"": 9, ""1762300800.0"": 2, ""1762387200.0"": 29, ""1762560000.0"": 1, ""1762646400.0"": 1, ""1762732800.0"": 4, ""1762905600.0"": 2, ""1762992000.0"": 1, ""1763078400.0"": 1, ""1763251200.0"": 1, ""1763337600.0"": 1, ""1763424000.0"": 1, ""1763683200.0"": 4, ""1764115200.0"": 11, ""1764201600.0"": 5, ""1764288000.0"": 8, ""1764460800.0"": 15, ""1764547200.0"": 26, ""1764633600.0"": 15, ""1764720000.0"": 9, ""1764806400.0"": 8, ""1765065600.0"": 1, ""1765152000.0"": 1, ""1765324800.0"": 13, ""1765411200.0"": 17, ""1765670400.0"": 1, ""1765756800.0"": 2, ""1765843200.0"": 3, ""1765929600.0"": 1, ""1766016000.0"": 2, ""1766620800.0"": 1, ""1766966400.0"": 10, ""1767052800.0"": 45, ""1767139200.0"": 43, ""1767484800.0"": 3, ""1767571200.0"": 64, ""1767744000.0"": 5, ""1767830400.0"": 1, ""1767916800.0"": 1, ""1768176000.0"": 1, ""1769040000.0"": 1}",,Cash - NYAKNMHC,Debtors - NYAKNMHC,Round Off - NYAKNMHC,Main - NYAKNMHC,Write Off - NYAKNMHC,Exchange Gain/Loss - NYAKNMHC,,,0,Creditors - NYAKNMHC,Cost of Goods Sold - NYAKNMHC,Sales - NYAKNMHC,,,,,Main - NYAKNMHC,,1,0,Stock In Hand - NYAKNMHC,Stock Adjustment - NYAKNMHC,,Stock Received But Not Billed - NYAKNMHC,,Accumulated Depreciation - NYAKNMHC,Depreciation - NYAKNMHC,,Gain/Loss on Asset Disposal - NYAKNMHC,Main - NYAKNMHC,CWIP Account - NYAKNMHC,Asset Received But Not Billed - NYAKNMHC,0,Daily,0,,,511,512,,,,,,Musanze,HC
Nyakiriba Health Center,2025-04-21 23:27:05.174725,2026-02-18 17:26:53.615876,Administrator,florentin.ndabarasa@moh.gov.rw,0,0,Nyakiriba Health Center,NYKRBHC,1555,RWF,Rwanda,0,,,,,,,,,,,,,,,Standard Template,,Standard,,{},0.0,2325.0,,,0.0,"{""1748044800.0"": 10, ""1750204800.0"": 2, ""1750896000.0"": 2, ""1752624000.0"": 1, ""1753833600.0"": 1}",,Cash - NYKRBHC,Debtors - NYKRBHC,Round Off - NYKRBHC,Main - NYKRBHC,Write Off - NYKRBHC,Exchange Gain/Loss - NYKRBHC,,,0,Creditors - NYKRBHC,Cost of Goods Sold - NYKRBHC,Sales - NYKRBHC,,,,,Main - NYKRBHC,,1,0,Stock In Hand - NYKRBHC,Stock Adjustment - NYKRBHC,,Stock Received But Not Billed - NYKRBHC,,Accumulated Depreciation - NYKRBHC,Depreciation - NYKRBHC,,Gain/Loss on Asset Disposal - NYKRBHC,Main - NYKRBHC,CWIP Account - NYKRBHC,Asset Received But Not Billed - NYKRBHC,0,Daily,0,,,219,220,,,,,,Rubavu,HC
Nyamasheke Health Center,2025-03-14 11:35:16.437962,2026-02-18 17:26:53.546745,Administrator,rukundojoe30@gmail.com,0,0,Nyamasheke Health Center,NYMHC,0267,RWF,Rwanda,0,,,,,,,,,,,,,,,Standard Template,,Standard,,{},0.0,200.0,,,0.0,"{""1742342400.0"": 2, ""1745280000.0"": 1, ""1747094400.0"": 1, ""1747180800.0"": 2, ""1748390400.0"": 1}",,Cash - NYMHC,Debtors - NYMHC,Round Off - NYMHC,Main - NYMHC,Write Off - NYMHC,Exchange Gain/Loss - NYMHC,,,0,Creditors - NYMHC,Cost of Goods Sold - NYMHC,Sales - NYMHC,,,,,Main - NYMHC,,1,0,Stock In Hand - NYMHC,Stock Adjustment - NYMHC,,Stock Received But Not Billed - NYMHC,,Accumulated Depreciation - NYMHC,Depreciation - NYMHC,,Gain/Loss on Asset Disposal - NYMHC,Main - NYMHC,CWIP Account - NYMHC,Asset Received But Not Billed - NYMHC,0,Daily,0,,,143,144,,,,,,Nyamasheke,HC
Nyamata Health Center,2025-01-21 18:02:29.810984,2026-02-18 17:26:54.910383,Administrator,info@spiderbit.rw,0,0,Nyamata Health Center,NYTHC,0453,RWF,Rwanda,0,,,,,,,,,,,,,,,Standard Template,,Standard,,{},0.0,760.0,,,0.0,{},,Cash - NYTHC,Debtors - NYTHC,Round Off - NYTHC,Main - NYTHC,Write Off - NYTHC,Exchange Gain/Loss - NYTHC,,,0,Creditors - NYTHC,Cost of Goods Sold - NYTHC,Sales - NYTHC,,,,,Main - NYTHC,,1,0,Stock In Hand - NYTHC,Stock Adjustment - NYTHC,,Stock Received But Not Billed - NYTHC,,Accumulated Depreciation - NYTHC,Depreciation - NYTHC,,Gain/Loss on Asset Disposal - NYTHC,Main - NYTHC,CWIP Account - NYTHC,Asset Received But Not Billed - NYTHC,0,Daily,0,,,111,112,,,,,,Bugesera,HC
Nyamirama Health Center,2025-04-26 23:17:18.903622,2026-04-28 09:53:23.737005,janemutangana6@gmail.com,florentin.ndabarasa@moh.gov.rw,0,0,Nyamirama Health Center,NYRMHC,0412,RWF,Rwanda,0,,,,,,,,,,,,,,,Standard Template,,Standard,,{},0.0,29470.0,,,0.0,"{""1748044800.0"": 17, ""1748131200.0"": 9, ""1766534400.0"": 2, ""1770940800.0"": 2}",,Cash - NYRMHC,Debtors - NYRMHC,Round Off - NYRMHC,Main - NYRMHC,Write Off - NYRMHC,Exchange Gain/Loss - NYRMHC,,,0,Creditors - NYRMHC,Cost of Goods Sold - NYRMHC,Sales - NYRMHC,,,,,Main - NYRMHC,,1,0,Stock In Hand - NYRMHC,Stock Adjustment - NYRMHC,,Stock Received But Not Billed - NYRMHC,,Accumulated Depreciation - NYRMHC,Depreciation - NYRMHC,,Gain/Loss on Asset Disposal - NYRMHC,Main - NYRMHC,CWIP Account - NYRMHC,Asset Received But Not Billed - NYRMHC,0,Daily,0,,,273,274,,,,,,Kayonza,HC
Nyamiyaga (Gicumbi) Health Center,2025-07-24 00:39:36.009909,2026-03-30 12:04:37.085217,bimenyiephre58@gmail.com,ildephonse90@yahoo.com,0,0,Nyamiyaga (Gicumbi) Health Center,NYAMHC,1824,RWF,Rwanda,0,,,,,,,,,,,,,,,Standard Template,,Standard,,{},0.0,2856.84,,,0.0,"{""1753833600.0"": 1, ""1754524800.0"": 3, ""1756252800.0"": 1}",,Cash - NYAMHC,Debtors - NYAMHC,Round Off - NYAMHC,Main - NYAMHC,Write Off - NYAMHC,Exchange Gain/Loss - NYAMHC,,,0,Creditors - NYAMHC,Cost of Goods Sold - NYAMHC,Sales - NYAMHC,,,,,Main - NYAMHC,,1,0,Stock In Hand - NYAMHC,Stock Adjustment - NYAMHC,,Stock Received But Not Billed - NYAMHC,,Accumulated Depreciation - NYAMHC,Depreciation - NYAMHC,,Gain/Loss on Asset Disposal - NYAMHC,Main - NYAMHC,CWIP Account - NYAMHC,Asset Received But Not Billed - NYAMHC,0,Daily,0,,,475,476,,,,,,Gicumbi,HC
Nyamiyaga(Kamonyi)Health Center,2025-11-15 11:22:06.343587,2026-04-28 16:41:07.076547,danielmbonimpa3@gmail.com,mararashema@gmail.com,0,0,Nyamiyaga(Kamonyi)Health Center,NYMGC,1342,RWF,Rwanda,0,,,,,,,,,,,,,,,Standard Template,,Standard,,{},0.0,316040.0,,,0.0,"{""1763424000.0"": 5, ""1763510400.0"": 4, ""1763596800.0"": 30, ""1763683200.0"": 51, ""1763856000.0"": 11, ""1763942400.0"": 14, ""1764028800.0"": 4, ""1764115200.0"": 67, ""1764201600.0"": 67, ""1764288000.0"": 29, ""1764374400.0"": 19, ""1764460800.0"": 37, ""1764547200.0"": 33, ""1764633600.0"": 15, ""1764720000.0"": 124, ""1764806400.0"": 98, ""1764892800.0"": 58, ""1764979200.0"": 50, ""1765065600.0"": 40, ""1765152000.0"": 70, ""1765238400.0"": 57, ""1765324800.0"": 67, ""1765411200.0"": 83, ""1765497600.0"": 48, ""1765584000.0"": 53, ""1765670400.0"": 22, ""1765756800.0"": 77, ""1765843200.0"": 69, ""1765929600.0"": 77, ""1766016000.0"": 64, ""1766102400.0"": 63, ""1766188800.0"": 53, ""1766275200.0"": 38, ""1766361600.0"": 90, ""1766448000.0"": 129, ""1766534400.0"": 108, ""1766620800.0"": 19, ""1766707200.0"": 66, ""1766793600.0"": 59, ""1766880000.0"": 48, ""1766966400.0"": 92, ""1767052800.0"": 89, ""1767139200.0"": 86, ""1767225600.0"": 49, ""1767312000.0"": 93, ""1767398400.0"": 73, ""1767484800.0"": 50, ""1767571200.0"": 96, ""1767657600.0"": 100, ""1767744000.0"": 153, ""1767830400.0"": 75, ""1767916800.0"": 49, ""1768003200.0"": 36, ""1768089600.0"": 43, ""1768176000.0"": 90, ""1768262400.0"": 92, ""1768348800.0"": 117, ""1768435200.0"": 86, ""1768608000.0"": 43, ""1768694400.0"": 49, ""1768780800.0"": 89, ""1768867200.0"": 139, ""1768953600.0"": 94, ""1769040000.0"": 89, ""1769126400.0"": 99, ""1769212800.0"": 60, ""1769299200.0"": 50, ""1769385600.0"": 91, ""1769472000.0"": 100, ""1769558400.0"": 134, ""1769644800.0"": 77, ""1769731200.0"": 70, ""1769817600.0"": 57, ""1769904000.0"": 25, ""1769990400.0"": 51, ""1770076800.0"": 92, ""1770163200.0"": 119, ""1770249600.0"": 98, ""1770336000.0"": 74, ""1770422400.0"": 59, ""1770508800.0"": 22, ""1770595200.0"": 66, ""1770681600.0"": 76, ""1770768000.0"": 85, ""1770854400.0"": 63, ""1770940800.0"": 15, ""1771027200.0"": 41, ""1771113600.0"": 15, ""1771200000.0"": 82, ""1771286400.0"": 45, ""1771372800.0"": 84}",,Cash - NYMGC,Debtors - NYMGC,Round Off - NYMGC,Main - NYMGC,Write Off - NYMGC,Exchange Gain/Loss - NYMGC,,,0,Creditors - NYMGC,Cost of Goods Sold - NYMGC,Sales - NYMGC,,,,,Main - NYMGC,,1,0,Stock In Hand - NYMGC,Stock Adjustment - NYMGC,,Stock Received But Not Billed - NYMGC,,Accumulated Depreciation - NYMGC,Depreciation - NYMGC,,Gain/Loss on Asset Disposal - NYMGC,Main - NYMGC,CWIP Account - NYMGC,Asset Received But Not Billed - NYMGC,0,Daily,0,,,549,550,,,,,,Kamonyi,HC
Nyamiyaga(Nyanza) Health Center,2025-11-15 16:40:04.072197,2026-04-18 08:40:31.215531,jpndayishimiye2000@gmail.com,mararashema@gmail.com,0,0,Nyamiyaga(Nyanza) Health Center,NYGAHC,0046,RWF,Rwanda,0,,,,,,,,,,,,,,,Standard Template,,Standard,,{},0.0,12539.2,,,0.0,"{""1763337600.0"": 10, ""1763424000.0"": 44, ""1763510400.0"": 63, ""1763596800.0"": 27, ""1763683200.0"": 31, ""1763769600.0"": 17, ""1763856000.0"": 4, ""1763942400.0"": 48, ""1764028800.0"": 33, ""1764115200.0"": 46, ""1764201600.0"": 45, ""1764288000.0"": 41, ""1764374400.0"": 29, ""1764460800.0"": 34, ""1764547200.0"": 78, ""1764633600.0"": 83, ""1764720000.0"": 86, ""1764806400.0"": 15, ""1764892800.0"": 34, ""1764979200.0"": 22, ""1765065600.0"": 10, ""1765152000.0"": 61, ""1765238400.0"": 43, ""1765324800.0"": 36, ""1765411200.0"": 44, ""1765497600.0"": 44, ""1765584000.0"": 33, ""1765670400.0"": 14, ""1765756800.0"": 59, ""1765843200.0"": 41, ""1765929600.0"": 34, ""1766016000.0"": 37, ""1766102400.0"": 40, ""1766188800.0"": 9, ""1766275200.0"": 18, ""1766361600.0"": 66, ""1766448000.0"": 59, ""1766534400.0"": 52, ""1766620800.0"": 21, ""1766707200.0"": 48, ""1766793600.0"": 28, ""1766880000.0"": 29, ""1766966400.0"": 78, ""1767052800.0"": 49, ""1767139200.0"": 65, ""1767225600.0"": 34, ""1767312000.0"": 41, ""1767398400.0"": 34, ""1767484800.0"": 33, ""1767571200.0"": 92, ""1767657600.0"": 71, ""1767744000.0"": 16, ""1767830400.0"": 4, ""1767916800.0"": 2, ""1768089600.0"": 1, ""1768176000.0"": 1, ""1768608000.0"": 4, ""1768694400.0"": 1, ""1768867200.0"": 1, ""1769731200.0"": 1, ""1771113600.0"": 2}",,Cash - NYGAHC,Debtors - NYGAHC,Round Off - NYGAHC,Main - NYGAHC,Write Off - NYGAHC,Exchange Gain/Loss - NYGAHC,,,0,Creditors - NYGAHC,Cost of Goods Sold - NYGAHC,Sales - NYGAHC,,,,,Main - NYGAHC,,1,0,Stock In Hand - NYGAHC,Stock Adjustment - NYGAHC,,Stock Received But Not Billed - NYGAHC,,Accumulated Depreciation - NYGAHC,Depreciation - NYGAHC,,Gain/Loss on Asset Disposal - NYGAHC,Main - NYGAHC,CWIP Account - NYGAHC,Asset Received But Not Billed - NYGAHC,0,Daily,0,,,591,592,,,,,,Nyanza,HC
Nyamure Health Center,2025-11-15 14:15:54.020291,2026-03-18 12:20:32.323461,hennettedusabe701@gmail.com,mararashema@gmail.com,0,0,Nyamure Health Center,NYMUHC,0047,RWF,Rwanda,0,,,,,,,,,,,,,,,Standard Template,,Standard,,{},0.0,200.0,,,0.0,"{""1764028800.0"": 3, ""1764115200.0"": 29, ""1764201600.0"": 10, ""1764288000.0"": 32, ""1764374400.0"": 13, ""1764460800.0"": 19, ""1764547200.0"": 60, ""1764633600.0"": 33, ""1764720000.0"": 15, ""1764806400.0"": 1, ""1764892800.0"": 25, ""1764979200.0"": 15, ""1765065600.0"": 19, ""1765152000.0"": 13, ""1765238400.0"": 17, ""1765324800.0"": 1, ""1765497600.0"": 1, ""1765756800.0"": 2, ""1766016000.0"": 2, ""1766361600.0"": 1}",,Cash - NYMUHC,Debtors - NYMUHC,Round Off - NYMUHC,Main - NYMUHC,Write Off - NYMUHC,Exchange Gain/Loss - NYMUHC,,,0,Creditors - NYMUHC,Cost of Goods Sold - NYMUHC,Sales - NYMUHC,,,,,Main - NYMUHC,,1,0,Stock In Hand - NYMUHC,Stock Adjustment - NYMUHC,,Stock Received But Not Billed - NYMUHC,,Accumulated Depreciation - NYMUHC,Depreciation - NYMUHC,,Gain/Loss on Asset Disposal - NYMUHC,Main - NYMUHC,CWIP Account - NYMUHC,Asset Received But Not Billed - NYMUHC,0,Daily,0,,,579,580,,,,,,Nyanza,HC
Nyange (Kibungo) Health center,2025-04-07 21:11:00.944742,2026-02-18 17:26:53.570582,Administrator,florentin.ndabarasa@moh.gov.rw,0,0,Nyange (Kibungo) Health center,NYKIBHC,0439,RWF,Rwanda,0,,,,,,,,,,,,,,,Standard Template,,Standard,,{},0.0,800.0,,,0.0,"{""1749686400.0"": 4}",,Cash - NYKIBHC,Debtors - NYKIBHC,Round Off - NYKIBHC,Main - NYKIBHC,Write Off - NYKIBHC,Exchange Gain/Loss - NYKIBHC,,,0,Creditors - NYKIBHC,Cost of Goods Sold - NYKIBHC,Sales - NYKIBHC,,,,,Main - NYKIBHC,,1,0,Stock In Hand - NYKIBHC,Stock Adjustment - NYKIBHC,,Stock Received But Not Billed - NYKIBHC,,Accumulated Depreciation - NYKIBHC,Depreciation - NYKIBHC,,Gain/Loss on Asset Disposal - NYKIBHC,Main - NYKIBHC,CWIP Account - NYKIBHC,Asset Received But Not Billed - NYKIBHC,0,Daily,0,,,203,204,,,,,,Ngoma,HC
Nyange (Musanze) Health Center,2025-05-03 22:17:07.183874,2026-04-28 11:01:58.706817,fezaconfi70@gmail.com,florentin.ndabarasa@moh.gov.rw,0,0,Nyange (Musanze) Health Center,NYGMSZHC,1688,RWF,Rwanda,0,,,,,,,,,,,,,,,Standard Template,,Standard,,{},0.0,105440.0,,,0.0,"{""1761868800.0"": 4, ""1762128000.0"": 2, ""1762214400.0"": 23, ""1762300800.0"": 36, ""1762387200.0"": 34, ""1762473600.0"": 43, ""1762560000.0"": 17, ""1762732800.0"": 65, ""1762819200.0"": 54, ""1762905600.0"": 39, ""1762992000.0"": 54, ""1763078400.0"": 58, ""1763337600.0"": 75, ""1763424000.0"": 39, ""1763510400.0"": 11, ""1764028800.0"": 49, ""1764115200.0"": 77, ""1764201600.0"": 74, ""1764288000.0"": 58, ""1764374400.0"": 32, ""1764460800.0"": 10, ""1764547200.0"": 97, ""1764633600.0"": 81, ""1764720000.0"": 89, ""1764806400.0"": 101, ""1764892800.0"": 58, ""1764979200.0"": 19, ""1765065600.0"": 18, ""1765152000.0"": 92, ""1765238400.0"": 54, ""1765324800.0"": 81, ""1765411200.0"": 88, ""1765497600.0"": 66, ""1765584000.0"": 39, ""1765670400.0"": 29, ""1765756800.0"": 92, ""1765843200.0"": 72, ""1765929600.0"": 55, ""1766016000.0"": 63, ""1766102400.0"": 46, ""1766188800.0"": 31, ""1766275200.0"": 23, ""1766361600.0"": 39, ""1766534400.0"": 100, ""1766620800.0"": 27, ""1766707200.0"": 55, ""1766793600.0"": 29, ""1766880000.0"": 27, ""1766966400.0"": 114, ""1767052800.0"": 65, ""1767139200.0"": 75, ""1767225600.0"": 20, ""1767312000.0"": 40, ""1767398400.0"": 29, ""1767484800.0"": 13, ""1767571200.0"": 69, ""1767657600.0"": 85, ""1767744000.0"": 19, ""1767830400.0"": 18, ""1767916800.0"": 20, ""1768003200.0"": 31, ""1768089600.0"": 14, ""1768176000.0"": 41, ""1768262400.0"": 64, ""1768348800.0"": 83, ""1768435200.0"": 64, ""1768521600.0"": 19, ""1768608000.0"": 25, ""1768694400.0"": 29, ""1768780800.0"": 71, ""1768867200.0"": 56, ""1768953600.0"": 71, ""1769040000.0"": 66, ""1769126400.0"": 53, ""1769212800.0"": 32, ""1769299200.0"": 16, ""1769385600.0"": 90, ""1769472000.0"": 69, ""1769558400.0"": 82, ""1769644800.0"": 49, ""1769731200.0"": 45, ""1769817600.0"": 27, ""1769904000.0"": 30, ""1769990400.0"": 58, ""1770076800.0"": 69, ""1770163200.0"": 63, ""1770249600.0"": 84, ""1770336000.0"": 41, ""1770422400.0"": 19, ""1770508800.0"": 22, ""1770595200.0"": 59, ""1770681600.0"": 49, ""1770768000.0"": 69, ""1770854400.0"": 66, ""1770940800.0"": 29, ""1771027200.0"": 36, ""1771113600.0"": 23, ""1771200000.0"": 59, ""1771286400.0"": 51, ""1771372800.0"": 66}",,Cash - NYGMSZHC,Debtors - NYGMSZHC,Round Off - NYGMSZHC,Main - NYGMSZHC,Write Off - NYGMSZHC,Exchange Gain/Loss - NYGMSZHC,,,0,Creditors - NYGMSZHC,Cost of Goods Sold - NYGMSZHC,Sales - NYGMSZHC,,,,,Main - NYGMSZHC,,1,0,Stock In Hand - NYGMSZHC,Stock Adjustment - NYGMSZHC,,Stock Received But Not Billed - NYGMSZHC,,Accumulated Depreciation - NYGMSZHC,Depreciation - NYGMSZHC,,Gain/Loss on Asset Disposal - NYGMSZHC,Main - NYGMSZHC,CWIP Account - NYGMSZHC,Asset Received But Not Billed - NYGMSZHC,0,Daily,0,,,311,312,,,,,,Musanze,HC
Nyange(Ruli) Health Center,2026-01-16 18:11:01.551978,2026-04-28 18:56:25.599314,bwengeregis012@gmail.com,mararashema@gmail.com,0,0,Nyange(Ruli) Health Center,NYNGHC,0298,RWF,Rwanda,0,,Kinihira PH,,,,,,,,,,,,,Standard Template,,Standard,,{},0.0,156160.0,,,0.0,"{""1768780800.0"": 5, ""1768867200.0"": 22, ""1768953600.0"": 27, ""1769040000.0"": 48, ""1769126400.0"": 36, ""1769212800.0"": 11, ""1769299200.0"": 8, ""1769385600.0"": 52, ""1769472000.0"": 49, ""1769558400.0"": 35, ""1769644800.0"": 54, ""1769731200.0"": 54, ""1769817600.0"": 26, ""1769904000.0"": 28, ""1769990400.0"": 18, ""1770076800.0"": 53, ""1770163200.0"": 31, ""1770249600.0"": 44, ""1770336000.0"": 47, ""1770422400.0"": 15, ""1770508800.0"": 21, ""1770595200.0"": 28, ""1770681600.0"": 25, ""1770768000.0"": 42, ""1770854400.0"": 33, ""1770940800.0"": 44, ""1771027200.0"": 10, ""1771113600.0"": 46, ""1771200000.0"": 30, ""1771286400.0"": 26, ""1771372800.0"": 37}",,Cash - NYNGHC,Debtors - NYNGHC,Round Off - NYNGHC,Main - NYNGHC,Write Off - NYNGHC,Exchange Gain/Loss - NYNGHC,,,0,Creditors - NYNGHC,Cost of Goods Sold - NYNGHC,Sales - NYNGHC,,,,,Main - NYNGHC,,1,0,Stock In Hand - NYNGHC,Stock Adjustment - NYNGHC,,Stock Received But Not Billed - NYNGHC,,Accumulated Depreciation - NYNGHC,Depreciation - NYNGHC,,Gain/Loss on Asset Disposal - NYNGHC,Main - NYNGHC,CWIP Account - NYNGHC,Asset Received But Not Billed - NYNGHC,0,Daily,0,,,657,658,,,,,,Gakenke,HC
Nyanza Health Center,2025-11-14 10:25:22.892670,2026-02-18 17:26:53.884345,Administrator,mararashema@gmail.com,0,0,Nyanza Health Center,NYNHC,0048,RWF,Rwanda,0,,,,,,,,,,,,,,,Standard Template,,Standard,,{},0.0,0.0,,,0.0,{},,Cash - NYNHC,Debtors - NYNHC,Round Off - NYNHC,Main - NYNHC,Write Off - NYNHC,Exchange Gain/Loss - NYNHC,,,0,Creditors - NYNHC,Cost of Goods Sold - NYNHC,Sales - NYNHC,,,,,Main - NYNHC,,1,0,Stock In Hand - NYNHC,Stock Adjustment - NYNHC,,Stock Received But Not Billed - NYNHC,,Accumulated Depreciation - NYNHC,Depreciation - NYNHC,,Gain/Loss on Asset Disposal - NYNHC,Main - NYNHC,CWIP Account - NYNHC,Asset Received But Not Billed - NYNHC,0,Daily,0,,,529,530,,,,,,Nyanza,HC
Nyarubuye  (Kirehe) Health Center,2025-07-23 19:51:17.886568,2026-02-18 17:26:54.919222,Administrator,mugipascal@gmail.com,0,0,Nyarubuye  (Kirehe) Health Center,NYRBYHC,0431,RWF,Rwanda,0,,,,,,,,,,,,,,,Standard Template,,Standard,,{},0.0,0.0,,,0.0,{},,Cash - NYRBYHC,Debtors - NYRBYHC,Round Off - NYRBYHC,Main - NYRBYHC,Write Off - NYRBYHC,Exchange Gain/Loss - NYRBYHC,,,0,Creditors - NYRBYHC,Cost of Goods Sold - NYRBYHC,Sales - NYRBYHC,,,,,Main - NYRBYHC,,1,0,Stock In Hand - NYRBYHC,Stock Adjustment - NYRBYHC,,Stock Received But Not Billed - NYRBYHC,,Accumulated Depreciation - NYRBYHC,Depreciation - NYRBYHC,,Gain/Loss on Asset Disposal - NYRBYHC,Main - NYRBYHC,CWIP Account - NYRBYHC,Asset Received But Not Billed - NYRBYHC,0,Daily,0,,,439,440,,,,,,Kirehe,HC
Nyarugenge Health Center,2025-01-22 10:23:41.680736,2026-04-28 16:15:49.634093,uzigamwenimanalouise@gmail.com,info@spiderbit.rw,0,0,Nyarugenge Health Center,NGHC,1323,RWF,Rwanda,0,,,,,,,,,,,,,,,Standard Template,,Standard,,{},0.0,41222.5,,,0.0,"{""1740441600.0"": 1, ""1740700800.0"": 5, ""1748131200.0"": 6, ""1757635200.0"": 1, ""1758153600.0"": 1, ""1760486400.0"": 30, ""1760572800.0"": 34, ""1760659200.0"": 1, ""1760832000.0"": 32, ""1760918400.0"": 31, ""1761004800.0"": 20, ""1761091200.0"": 59, ""1761177600.0"": 15, ""1761264000.0"": 25, ""1761436800.0"": 17, ""1761523200.0"": 33, ""1761609600.0"": 21, ""1761696000.0"": 18, ""1761868800.0"": 1, ""1763078400.0"": 1, ""1765843200.0"": 7, ""1766880000.0"": 2, ""1767225600.0"": 8, ""1767312000.0"": 8, ""1769212800.0"": 10, ""1770768000.0"": 1, ""1771286400.0"": 2, ""1771372800.0"": 35}",,Cash - NGHC,Debtors - NGHC,Round Off - NGHC,Main - NGHC,Write Off - NGHC,Exchange Gain/Loss - NGHC,,,0,Creditors - NGHC,Cost of Goods Sold - NGHC,Sales - NGHC,,,,,Main - NGHC,,1,0,Stock In Hand - NGHC,Stock Adjustment - NGHC,,Stock Received But Not Billed - NGHC,,Accumulated Depreciation - NGHC,Depreciation - NGHC,,Gain/Loss on Asset Disposal - NGHC,Main - NGHC,CWIP Account - NGHC,Asset Received But Not Billed - NGHC,0,Daily,0,,,117,118,,,,,,Bugesera,HC
Nyarugunga Health Center,2024-06-11 00:14:50.968390,2026-04-28 13:36:50.144206,jclaudemaniragaba@gmail.com,rukundojoe30@gmail.com,0,13,Nyarugunga Health Center,NHC,0558,RWF,Rwanda,0,,,,,,,,,,,,,,,Standard Template,,Standard,,{},0.0,198950.0,,,0.0,"{""1740096000.0"": 6, ""1740355200.0"": 4, ""1740528000.0"": 1, ""1740787200.0"": 1, ""1740960000.0"": 1, ""1741046400.0"": 3, ""1741132800.0"": 6, ""1741219200.0"": 1, ""1741305600.0"": 2, ""1741478400.0"": 2, ""1741651200.0"": 1, ""1741737600.0"": 1, ""1741824000.0"": 1, ""1741910400.0"": 2, ""1742169600.0"": 4, ""1742256000.0"": 5, ""1742342400.0"": 4, ""1742428800.0"": 3, ""1742515200.0"": 1, ""1742601600.0"": 3, ""1742688000.0"": 1, ""1742947200.0"": 2, ""1743120000.0"": 1, ""1743465600.0"": 1, ""1743552000.0"": 2, ""1743638400.0"": 1, ""1743984000.0"": 3, ""1744243200.0"": 2, ""1744502400.0"": 1, ""1744848000.0"": 1, ""1745539200.0"": 2, ""1745798400.0"": 2, ""1746057600.0"": 4, ""1746144000.0"": 3, ""1746576000.0"": 1, ""1747094400.0"": 4, ""1747267200.0"": 2, ""1747440000.0"": 1, ""1747958400.0"": 13, ""1748044800.0"": 61, ""1748131200.0"": 73, ""1748304000.0"": 5, ""1748390400.0"": 1, ""1748476800.0"": 1, ""1748736000.0"": 8, ""1748908800.0"": 5, ""1749168000.0"": 1, ""1749340800.0"": 2, ""1749513600.0"": 6, ""1749686400.0"": 1, ""1749772800.0"": 2, ""1749859200.0"": 1, ""1750032000.0"": 2, ""1750118400.0"": 1, ""1750291200.0"": 3, ""1750464000.0"": 2, ""1750636800.0"": 3, ""1750723200.0"": 1, ""1750809600.0"": 1, ""1750896000.0"": 3, ""1750982400.0"": 2, ""1751241600.0"": 1, ""1751587200.0"": 1, ""1751673600.0"": 2, ""1751760000.0"": 1, ""1751846400.0"": 1, ""1751932800.0"": 2, ""1752019200.0"": 5, ""1752105600.0"": 3, ""1752278400.0"": 1, ""1752364800.0"": 3, ""1752537600.0"": 8, ""1752624000.0"": 5, ""1752710400.0"": 1, ""1752796800.0"": 4, ""1752883200.0"": 2, ""1753056000.0"": 5, ""1753142400.0"": 1, ""1753228800.0"": 2, ""1753315200.0"": 2, ""1753401600.0"": 1, ""1753488000.0"": 1, ""1753574400.0"": 3, ""1753660800.0"": 1, ""1753747200.0"": 1, ""1754092800.0"": 2, ""1754265600.0"": 1, ""1755129600.0"": 1, ""1755820800.0"": 1, ""1756166400.0"": 1, ""1756252800.0"": 1, ""1756425600.0"": 1, ""1756598400.0"": 1, ""1756684800.0"": 2, ""1756944000.0"": 1, ""1757030400.0"": 1, ""1757203200.0"": 1, ""1757548800.0"": 1, ""1757894400.0"": 1, ""1758067200.0"": 1, ""1759363200.0"": 3, ""1759622400.0"": 1, ""1761523200.0"": 2, ""1761696000.0"": 59, ""1762128000.0"": 2, ""1762214400.0"": 3, ""1762300800.0"": 1, ""1762387200.0"": 125, ""1762473600.0"": 33, ""1762560000.0"": 77, ""1762646400.0"": 73, ""1762732800.0"": 147, ""1762819200.0"": 162, ""1762905600.0"": 95, ""1762992000.0"": 148, ""1763078400.0"": 87, ""1763164800.0"": 62, ""1763251200.0"": 56, ""1763337600.0"": 121, ""1763424000.0"": 40, ""1763510400.0"": 91, ""1763596800.0"": 25, ""1763683200.0"": 60, ""1763769600.0"": 64, ""1763856000.0"": 44, ""1763942400.0"": 101, ""1764028800.0"": 11, ""1764115200.0"": 77, ""1764201600.0"": 27, ""1764288000.0"": 35, ""1764374400.0"": 66, ""1764460800.0"": 56, ""1764547200.0"": 58, ""1764633600.0"": 99, ""1764720000.0"": 37, ""1764806400.0"": 101, ""1764892800.0"": 81, ""1764979200.0"": 57, ""1765065600.0"": 67, ""1765152000.0"": 110, ""1765238400.0"": 106, ""1765324800.0"": 79, ""1765411200.0"": 106, ""1765497600.0"": 73, ""1765584000.0"": 60, ""1765670400.0"": 67, ""1765756800.0"": 56, ""1765843200.0"": 112, ""1765929600.0"": 84, ""1766016000.0"": 111, ""1766102400.0"": 72, ""1766188800.0"": 54, ""1766275200.0"": 42, ""1766361600.0"": 105, ""1766448000.0"": 87, ""1766534400.0"": 79, ""1766620800.0"": 44, ""1766707200.0"": 34, ""1766793600.0"": 49, ""1766880000.0"": 40, ""1766966400.0"": 131, ""1767052800.0"": 31, ""1767139200.0"": 47, ""1767225600.0"": 22, ""1767312000.0"": 51, ""1767398400.0"": 27, ""1767484800.0"": 30, ""1767571200.0"": 136, ""1767657600.0"": 118, ""1767744000.0"": 5, ""1767830400.0"": 9, ""1767916800.0"": 1, ""1768003200.0"": 1, ""1768089600.0"": 1, ""1768176000.0"": 1, ""1768262400.0"": 1, ""1768348800.0"": 2, ""1768435200.0"": 1, ""1768521600.0"": 1, ""1768780800.0"": 1, ""1769299200.0"": 1, ""1769385600.0"": 2, ""1770076800.0"": 4, ""1770163200.0"": 35, ""1770249600.0"": 127, ""1770336000.0"": 54, ""1770422400.0"": 37, ""1770508800.0"": 38, ""1770595200.0"": 60, ""1770681600.0"": 69, ""1770768000.0"": 55, ""1770854400.0"": 55, ""1770940800.0"": 7, ""1771027200.0"": 16, ""1771113600.0"": 20, ""1771200000.0"": 81, ""1771286400.0"": 71}",,Cash - NHC,Debtors - NHC,Round Off - NHC,Main - NHC,Write Off - NHC,Exchange Gain/Loss - NHC,,,0,Creditors - NHC,Cost of Goods Sold - NHC,Sales - NHC,,,,,Main - NHC,,1,0,Stock In Hand - NHC,Stock Adjustment - NHC,,Stock Received But Not Billed - NHC,,Accumulated Depreciation - NHC,Depreciation - NHC,,Gain/Loss on Asset Disposal - NHC,Main - NHC,CWIP Account - NHC,Asset Received But Not Billed - NHC,0,Daily,0,,,23,24,,,,,,Kicukiro,HC
Nyarurema Health Center,2025-05-15 20:23:34.573085,2026-04-28 15:49:17.619448,nyiranshimyumuremyi@gmail.com,ildephonse90@yahoo.com,0,0,Nyarurema Health Center,NYARHC,0381,RWF,Rwanda,0,,,,,,,,,,,,,,,Standard Template,,Standard,,{},0.0,589069.09,,,0.0,"{""1748908800.0"": 1, ""1754784000.0"": 15, ""1755302400.0"": 13, ""1755388800.0"": 7, ""1755475200.0"": 11, ""1755561600.0"": 8, ""1755648000.0"": 2, ""1755734400.0"": 4, ""1755820800.0"": 19, ""1755907200.0"": 18, ""1755993600.0"": 20, ""1756080000.0"": 8, ""1756166400.0"": 8, ""1756252800.0"": 24, ""1756339200.0"": 17, ""1756425600.0"": 12, ""1756512000.0"": 15, ""1756598400.0"": 12, ""1756684800.0"": 6, ""1756771200.0"": 2, ""1756857600.0"": 20, ""1756944000.0"": 7, ""1757030400.0"": 6, ""1757116800.0"": 19, ""1757203200.0"": 23, ""1757289600.0"": 2, ""1757376000.0"": 2, ""1757462400.0"": 6, ""1757548800.0"": 2, ""1757635200.0"": 9, ""1757721600.0"": 25, ""1757808000.0"": 13, ""1757894400.0"": 8, ""1757980800.0"": 17, ""1758067200.0"": 7, ""1758153600.0"": 10, ""1758240000.0"": 2, ""1758326400.0"": 10, ""1758412800.0"": 1, ""1758499200.0"": 6, ""1759104000.0"": 4, ""1759276800.0"": 4, ""1759536000.0"": 16, ""1759622400.0"": 5, ""1759708800.0"": 1, ""1759881600.0"": 1, ""1760400000.0"": 15, ""1760486400.0"": 31, ""1760572800.0"": 12, ""1760659200.0"": 26, ""1760745600.0"": 12, ""1760832000.0"": 21, ""1760918400.0"": 30, ""1761004800.0"": 20, ""1761091200.0"": 30, ""1761177600.0"": 25, ""1761264000.0"": 15, ""1761523200.0"": 28, ""1761609600.0"": 16, ""1761696000.0"": 24, ""1761782400.0"": 29, ""1761868800.0"": 6, ""1761955200.0"": 23, ""1762041600.0"": 12, ""1762128000.0"": 9, ""1762214400.0"": 8, ""1762300800.0"": 77, ""1762387200.0"": 60, ""1762473600.0"": 49, ""1762560000.0"": 34, ""1762646400.0"": 33, ""1762732800.0"": 69, ""1762819200.0"": 100, ""1762905600.0"": 63, ""1762992000.0"": 52, ""1763078400.0"": 79, ""1763164800.0"": 16, ""1763251200.0"": 30, ""1763337600.0"": 105, ""1763424000.0"": 89, ""1763510400.0"": 76, ""1763596800.0"": 52, ""1763683200.0"": 95, ""1763769600.0"": 37, ""1763856000.0"": 38, ""1763942400.0"": 48, ""1764028800.0"": 82, ""1764115200.0"": 77, ""1764201600.0"": 74, ""1764288000.0"": 69, ""1764460800.0"": 21, ""1764547200.0"": 77, ""1764633600.0"": 65, ""1764720000.0"": 69, ""1764806400.0"": 48, ""1764892800.0"": 7, ""1764979200.0"": 27, ""1765065600.0"": 28, ""1765152000.0"": 46, ""1765238400.0"": 52, ""1765324800.0"": 62, ""1765411200.0"": 65, ""1765497600.0"": 55, ""1765584000.0"": 36, ""1765670400.0"": 26, ""1765756800.0"": 60, ""1765843200.0"": 80, ""1765929600.0"": 43, ""1766016000.0"": 61, ""1766102400.0"": 50, ""1766188800.0"": 18, ""1766275200.0"": 19, ""1766361600.0"": 32, ""1766448000.0"": 155, ""1766534400.0"": 64, ""1766620800.0"": 24, ""1766707200.0"": 45, ""1766793600.0"": 40, ""1766880000.0"": 40, ""1766966400.0"": 105, ""1767052800.0"": 84, ""1767139200.0"": 74, ""1767225600.0"": 31, ""1767312000.0"": 10, ""1767398400.0"": 41, ""1767484800.0"": 8, ""1767571200.0"": 30, ""1767657600.0"": 130, ""1767744000.0"": 100, ""1767830400.0"": 126, ""1767916800.0"": 98, ""1768003200.0"": 39, ""1768089600.0"": 1, ""1768176000.0"": 39, ""1768262400.0"": 22, ""1768348800.0"": 79, ""1768435200.0"": 26, ""1768521600.0"": 24, ""1768694400.0"": 56, ""1768780800.0"": 66, ""1768867200.0"": 65, ""1768953600.0"": 19, ""1769040000.0"": 126, ""1769126400.0"": 68, ""1769212800.0"": 50, ""1769299200.0"": 67, ""1769385600.0"": 33, ""1769472000.0"": 110, ""1769558400.0"": 47, ""1769644800.0"": 61, ""1769731200.0"": 66, ""1769817600.0"": 19, ""1769904000.0"": 6, ""1769990400.0"": 39, ""1770076800.0"": 19, ""1770163200.0"": 81, ""1770249600.0"": 33, ""1770336000.0"": 50, ""1770422400.0"": 9, ""1770508800.0"": 19, ""1770595200.0"": 37, ""1770681600.0"": 47, ""1770768000.0"": 54, ""1770854400.0"": 53, ""1770940800.0"": 11, ""1771027200.0"": 12, ""1771113600.0"": 32, ""1771200000.0"": 39, ""1771286400.0"": 24, ""1771372800.0"": 11, ""1771545600.0"": 1}",,Cash - NYARHC,Debtors - NYARHC,Round Off - NYARHC,Main - NYARHC,Write Off - NYARHC,Exchange Gain/Loss - NYARHC,,,0,Creditors - NYARHC,Cost of Goods Sold - NYARHC,Sales - NYARHC,,,,,Main - NYARHC,,1,0,Stock In Hand - NYARHC,Stock Adjustment - NYARHC,,Stock Received But Not Billed - NYARHC,,Accumulated Depreciation - NYARHC,Depreciation - NYARHC,,Gain/Loss on Asset Disposal - NYARHC,Main - NYARHC,CWIP Account - NYARHC,Asset Received But Not Billed - NYARHC,0,Daily,0,,,357,358,,,,,,Nyagatare,HC
Nyarurenzi Health Center,2024-11-11 22:18:01.181927,2026-02-18 17:26:53.908871,Administrator,rukundojoe30@gmail.com,0,1,Nyarurenzi Health Center,NYRHC,1328,RWF,Rwanda,0,,,,,,,,,,,,,,,Standard Template,,Standard,,{},0.0,700.0,,,0.0,"{""1742601600.0"": 3, ""1744588800.0"": 1, ""1744934400.0"": 1, ""1747958400.0"": 7, ""1748044800.0"": 37, ""1748131200.0"": 25, ""1748304000.0"": 2, ""1760572800.0"": 1, ""1762300800.0"": 1, ""1763337600.0"": 4}",,Cash - NYRHC,Debtors - NYRHC,Round Off - NYRHC,Main - NYRHC,Write Off - NYRHC,Exchange Gain/Loss - NYRHC,,,0,Creditors - NYRHC,Cost of Goods Sold - NYRHC,Sales - NYRHC,,,,,Main - NYRHC,,1,0,Stock In Hand - NYRHC,Stock Adjustment - NYRHC,,Stock Received But Not Billed - NYRHC,,Accumulated Depreciation - NYRHC,Depreciation - NYRHC,,Gain/Loss on Asset Disposal - NYRHC,Main - NYRHC,CWIP Account - NYRHC,Asset Received But Not Billed - NYRHC,0,Daily,0,,,107,108,,,,,,Nyarugenge,HC
Nyarusange (Nyanza) Health Center,2025-11-15 13:49:31.876169,2026-04-28 16:00:56.440330,dngiramahirwe@gmail.com,mararashema@gmail.com,0,0,Nyarusange (Nyanza) Health Center,NYARSHC,0593,RWF,Rwanda,0,,,,,,,,,,,,,,,Standard Template,,Standard,,{},0.0,262928.914,,,0.0,"{""1763337600.0"": 12, ""1763424000.0"": 3, ""1763510400.0"": 26, ""1763596800.0"": 1, ""1763683200.0"": 31, ""1763769600.0"": 25, ""1763856000.0"": 16, ""1763942400.0"": 50, ""1764028800.0"": 35, ""1764115200.0"": 25, ""1764201600.0"": 33, ""1764288000.0"": 16, ""1764374400.0"": 27, ""1764460800.0"": 16, ""1764547200.0"": 56, ""1764633600.0"": 33, ""1764720000.0"": 67, ""1764806400.0"": 45, ""1764892800.0"": 35, ""1764979200.0"": 13, ""1765065600.0"": 16, ""1765152000.0"": 61, ""1765238400.0"": 70, ""1765324800.0"": 63, ""1765411200.0"": 46, ""1765497600.0"": 51, ""1765584000.0"": 27, ""1765670400.0"": 18, ""1765756800.0"": 57, ""1765843200.0"": 35, ""1765929600.0"": 52, ""1766016000.0"": 40, ""1766102400.0"": 23, ""1766188800.0"": 19, ""1766275200.0"": 18, ""1766361600.0"": 69, ""1766448000.0"": 42, ""1766534400.0"": 58, ""1766620800.0"": 38, ""1766707200.0"": 37, ""1766793600.0"": 27, ""1766880000.0"": 23, ""1766966400.0"": 62, ""1767052800.0"": 36, ""1767139200.0"": 47, ""1767225600.0"": 24, ""1767312000.0"": 51, ""1767398400.0"": 32, ""1767484800.0"": 26, ""1767571200.0"": 77, ""1767657600.0"": 59, ""1767744000.0"": 67, ""1767830400.0"": 88, ""1767916800.0"": 73, ""1768003200.0"": 35, ""1768089600.0"": 34, ""1768176000.0"": 102, ""1768262400.0"": 83, ""1768348800.0"": 77, ""1768435200.0"": 64, ""1768521600.0"": 34, ""1768608000.0"": 42, ""1768694400.0"": 34, ""1768780800.0"": 94, ""1768867200.0"": 65, ""1768953600.0"": 56, ""1769040000.0"": 43, ""1769126400.0"": 53, ""1769212800.0"": 29, ""1769299200.0"": 25, ""1769385600.0"": 87, ""1769472000.0"": 59, ""1769558400.0"": 51, ""1769644800.0"": 49, ""1769731200.0"": 52, ""1769817600.0"": 34, ""1769904000.0"": 28, ""1769990400.0"": 74, ""1770076800.0"": 57, ""1770163200.0"": 73, ""1770249600.0"": 42, ""1770336000.0"": 47, ""1770422400.0"": 30, ""1770508800.0"": 16, ""1770595200.0"": 82, ""1770681600.0"": 70, ""1770768000.0"": 77, ""1770854400.0"": 64, ""1770940800.0"": 40, ""1771027200.0"": 20, ""1771113600.0"": 15, ""1771200000.0"": 52, ""1771286400.0"": 35, ""1771372800.0"": 41}",,Cash - NYARSHC,Debtors - NYARSHC,Round Off - NYARSHC,Main - NYARSHC,Write Off - NYARSHC,Exchange Gain/Loss - NYARSHC,,,0,Creditors - NYARSHC,Cost of Goods Sold - NYARSHC,Sales - NYARSHC,,,,,Main - NYARSHC,,1,0,Stock In Hand - NYARSHC,Stock Adjustment - NYARSHC,,Stock Received But Not Billed - NYARSHC,,Accumulated Depreciation - NYARSHC,Depreciation - NYARSHC,,Gain/Loss on Asset Disposal - NYARSHC,Main - NYARSHC,CWIP Account - NYARSHC,Asset Received But Not Billed - NYARSHC,0,Daily,0,,,575,576,,,,,,Nyanza,HC
Nyarusange Health Center,2025-07-08 09:34:00.239500,2026-04-28 16:12:12.477928,uwimpuhweth010@gmail.com,ildephonse90@yahoo.com,0,0,Nyarusange Health Center,NYRSHC,0138,RWF,Rwanda,0,,,,,,,,,,,,,,,Standard Template,,Standard,,{},0.0,475843.18,,,0.0,"{""1763424000.0"": 1, ""1763510400.0"": 5, ""1763596800.0"": 2, ""1763683200.0"": 2, ""1763942400.0"": 5, ""1764028800.0"": 3, ""1764115200.0"": 2, ""1764201600.0"": 10, ""1764288000.0"": 34, ""1764374400.0"": 28, ""1764460800.0"": 38, ""1764547200.0"": 9, ""1764633600.0"": 64, ""1764720000.0"": 25, ""1764806400.0"": 12, ""1764892800.0"": 2, ""1765324800.0"": 1, ""1765497600.0"": 2, ""1765584000.0"": 45, ""1765670400.0"": 29, ""1765756800.0"": 4, ""1765843200.0"": 1, ""1765929600.0"": 60, ""1766016000.0"": 106, ""1766102400.0"": 87, ""1766275200.0"": 56, ""1766361600.0"": 102, ""1766448000.0"": 134, ""1766534400.0"": 72, ""1766620800.0"": 44, ""1766707200.0"": 66, ""1766793600.0"": 63, ""1766880000.0"": 53, ""1766966400.0"": 108, ""1767052800.0"": 10, ""1767139200.0"": 93, ""1767225600.0"": 41, ""1767312000.0"": 93, ""1767398400.0"": 51, ""1767484800.0"": 53, ""1767571200.0"": 82, ""1767657600.0"": 112, ""1767744000.0"": 32, ""1767830400.0"": 83, ""1767916800.0"": 119, ""1768003200.0"": 42, ""1768089600.0"": 39, ""1768176000.0"": 62, ""1768262400.0"": 111, ""1768348800.0"": 99, ""1768435200.0"": 99, ""1768521600.0"": 17, ""1768608000.0"": 49, ""1768694400.0"": 41, ""1768780800.0"": 72, ""1768867200.0"": 108, ""1768953600.0"": 74, ""1769040000.0"": 71, ""1769126400.0"": 105, ""1769212800.0"": 47, ""1769299200.0"": 44, ""1769385600.0"": 78, ""1769472000.0"": 93, ""1769558400.0"": 81, ""1769644800.0"": 67, ""1769731200.0"": 68, ""1769817600.0"": 28, ""1769904000.0"": 30, ""1769990400.0"": 53, ""1770076800.0"": 96, ""1770163200.0"": 61, ""1770249600.0"": 76, ""1770336000.0"": 87, ""1770422400.0"": 24, ""1770508800.0"": 20, ""1770595200.0"": 71, ""1770681600.0"": 82, ""1770768000.0"": 77, ""1770854400.0"": 65, ""1770940800.0"": 84, ""1771027200.0"": 28, ""1771113600.0"": 21, ""1771200000.0"": 70, ""1771286400.0"": 85, ""1771372800.0"": 89}",,Cash - NYRSHC,Debtors - NYRSHC,Round Off - NYRSHC,Main - NYRSHC,Write Off - NYRSHC,Exchange Gain/Loss - NYRSHC,,,0,Creditors - NYRSHC,Cost of Goods Sold - NYRSHC,Sales - NYRSHC,,,,,Main - NYRSHC,,1,0,Stock In Hand - NYRSHC,Stock Adjustment - NYRSHC,,Stock Received But Not Billed - NYRSHC,,Accumulated Depreciation - NYRSHC,Depreciation - NYRSHC,,Gain/Loss on Asset Disposal - NYRSHC,Main - NYRSHC,CWIP Account - NYRSHC,Asset Received But Not Billed - NYRSHC,0,Daily,0,,,403,404,,,,,,Muhanga,HC
Nyundo (Rubavu) Health Center,2025-04-21 23:33:43.757263,2026-02-18 17:26:53.580340,Administrator,florentin.ndabarasa@moh.gov.rw,0,0,Nyundo (Rubavu) Health Center,NYDOHC,0204,RWF,Rwanda,0,,,,,,,,,,,,,,,Standard Template,,Standard,,{},0.0,1850.0,,,0.0,"{""1750204800.0"": 1}",,Cash - NYDOHC,Debtors - NYDOHC,Round Off - NYDOHC,Main - NYDOHC,Write Off - NYDOHC,Exchange Gain/Loss - NYDOHC,,,0,Creditors - NYDOHC,Cost of Goods Sold - NYDOHC,Sales - NYDOHC,,,,,Main - NYDOHC,,1,0,Stock In Hand - NYDOHC,Stock Adjustment - NYDOHC,,Stock Received But Not Billed - NYDOHC,,Accumulated Depreciation - NYDOHC,Depreciation - NYDOHC,,Gain/Loss on Asset Disposal - NYDOHC,Main - NYDOHC,CWIP Account - NYDOHC,Asset Received But Not Billed - NYDOHC,0,Daily,0,,,221,222,,,,,,Rubavu,HC
Nyundo(Gakenke) Health Center,2026-01-16 18:26:39.249451,2026-04-21 15:11:39.387183,aishakone254@gmail.com,mararashema@gmail.com,0,0,Nyundo(Gakenke) Health Center,NYNDHC,0299,RWF,Rwanda,0,,Kinihira PH,,,,,,,,,,,,,Standard Template,,Standard,,{},0.0,49288.8,,,0.0,"{""1768780800.0"": 2, ""1769040000.0"": 1, ""1769472000.0"": 69, ""1769558400.0"": 58, ""1769644800.0"": 24, ""1769731200.0"": 6, ""1769817600.0"": 3, ""1769990400.0"": 28, ""1770076800.0"": 72, ""1770163200.0"": 50, ""1770249600.0"": 20, ""1770336000.0"": 72, ""1770422400.0"": 40, ""1770508800.0"": 25, ""1770595200.0"": 1, ""1770681600.0"": 40, ""1770768000.0"": 17, ""1770854400.0"": 43, ""1770940800.0"": 33, ""1771027200.0"": 2, ""1771200000.0"": 52, ""1771286400.0"": 75, ""1771372800.0"": 42}",,Cash - NYNDHC,Debtors - NYNDHC,Round Off - NYNDHC,Main - NYNDHC,Write Off - NYNDHC,Exchange Gain/Loss - NYNDHC,,,0,Creditors - NYNDHC,Cost of Goods Sold - NYNDHC,Sales - NYNDHC,,,,,Main - NYNDHC,,1,0,Stock In Hand - NYNDHC,Stock Adjustment - NYNDHC,,Stock Received But Not Billed - NYNDHC,,Accumulated Depreciation - NYNDHC,Depreciation - NYNDHC,,Gain/Loss on Asset Disposal - NYNDHC,Main - NYNDHC,CWIP Account - NYNDHC,Asset Received But Not Billed - NYNDHC,0,Daily,0,,,659,660,,,,,,Gakenke,HC
Nzangwa Health Center,2025-01-23 10:15:56.212040,2026-03-31 14:59:01.276168,uzgrace1@gmail.com,rukundojoe30@gmail.com,0,1,Nzangwa Health Center,NZHC,0455,RWF,Rwanda,0,,,,,,,,,,,,,,,Standard Template,,Standard,,{},0.0,200.0,,,0.0,"{""1740096000.0"": 1, ""1740614400.0"": 1, ""1743033600.0"": 3, ""1744329600.0"": 2, ""1744675200.0"": 1, ""1748044800.0"": 4, ""1748131200.0"": 26, ""1757894400.0"": 1, ""1759104000.0"": 1, ""1770768000.0"": 1}",,Cash - NZHC,Debtors - NZHC,Round Off - NZHC,Main - NZHC,Write Off - NZHC,Exchange Gain/Loss - NZHC,,,0,Creditors - NZHC,Cost of Goods Sold - NZHC,Sales - NZHC,,,,,Main - NZHC,,1,0,Stock In Hand - NZHC,Stock Adjustment - NZHC,,Stock Received But Not Billed - NZHC,,Accumulated Depreciation - NZHC,Depreciation - NZHC,,Gain/Loss on Asset Disposal - NZHC,Main - NZHC,CWIP Account - NZHC,Asset Received But Not Billed - NZHC,0,Daily,0,,,133,134,,,,,,Bugesera,HC
NZIGE Health Center,2025-04-01 13:45:10.622551,2026-04-21 17:33:35.256920,florentinenimukuze@gmail.com,mugipascal@gmail.com,0,0,NZIGE Health Center,NZIGHC,0361,RWF,Rwanda,0,,,,,,,,,,,,,,,Standard Template,,Standard,,{},0.0,1900.0,,,0.0,"{""1747958400.0"": 18, ""1748044800.0"": 59, ""1748131200.0"": 40}",,Cash - NZIGHC,Debtors - NZIGHC,Round Off - NZIGHC,Main - NZIGHC,Write Off - NZIGHC,Exchange Gain/Loss - NZIGHC,,,0,Creditors - NZIGHC,Cost of Goods Sold - NZIGHC,Sales - NZIGHC,,,,,Main - NZIGHC,,1,0,Stock In Hand - NZIGHC,Stock Adjustment - NZIGHC,,Stock Received But Not Billed - NZIGHC,,Accumulated Depreciation - NZIGHC,Depreciation - NZIGHC,,Gain/Loss on Asset Disposal - NZIGHC,Main - NZIGHC,CWIP Account - NZIGHC,Asset Received But Not Billed - NZIGHC,0,Daily,0,,,179,180,,,,,,Rwamagana,HC
Prison Rwamagana HC,2025-06-27 21:46:52.643474,2026-02-18 17:26:53.622778,Administrator,Administrator,0,0,Prison Rwamagana HC,PRH,550,RWF,Rwanda,0,,,,,,,,,,,,,,,Standard Template,,Standard,,{},0.0,0.0,,,0.0,{},,Cash - PRH,Debtors - PRH,Round Off - PRH,Main - PRH,Write Off - PRH,Exchange Gain/Loss - PRH,,,0,Creditors - PRH,Cost of Goods Sold - PRH,Sales - PRH,,,,,Main - PRH,,1,0,Stock In Hand - PRH,Stock Adjustment - PRH,,Stock Received But Not Billed - PRH,,Accumulated Depreciation - PRH,Depreciation - PRH,,Gain/Loss on Asset Disposal - PRH,Main - PRH,CWIP Account - PRH,Asset Received But Not Billed - PRH,0,Daily,0,,,399,400,,,,,,Rwamagana,HC
Rangiro Health Center,2025-11-14 08:21:58.258214,2026-02-18 17:26:53.877166,Administrator,mararashema@gmail.com,0,0,Rangiro Health Center,RANGHC,0268,RWF,Rwanda,0,,,,,,,,,,,,,,,Standard Template,,Standard,,{},0.0,0.0,,,0.0,{},,Cash - RANGHC,Debtors - RANGHC,Round Off - RANGHC,Main - RANGHC,Write Off - RANGHC,Exchange Gain/Loss - RANGHC,,,0,Creditors - RANGHC,Cost of Goods Sold - RANGHC,Sales - RANGHC,,,,,Main - RANGHC,,1,0,Stock In Hand - RANGHC,Stock Adjustment - RANGHC,,Stock Received But Not Billed - RANGHC,,Accumulated Depreciation - RANGHC,Depreciation - RANGHC,,Gain/Loss on Asset Disposal - RANGHC,Main - RANGHC,CWIP Account - RANGHC,Asset Received But Not Billed - RANGHC,0,Daily,0,,,527,528,,,,,,Nyamasheke,HC
Rango Health Center,2026-01-14 11:01:18.252940,2026-04-28 16:41:34.317120,uwinezatiti@gmail.com,mararashema@gmail.com,0,0,Rango Health Center,RNGHC,0091,RWF,Rwanda,0,,Kinihira PH,,,,,,,,,,,,,Standard Template,,Standard,,{},0.0,569429.9,,,0.0,"{""1768780800.0"": 3, ""1768867200.0"": 49, ""1768953600.0"": 37, ""1769040000.0"": 97, ""1769126400.0"": 64, ""1769212800.0"": 1, ""1769385600.0"": 111, ""1769472000.0"": 93, ""1769558400.0"": 88, ""1769644800.0"": 83, ""1769731200.0"": 92, ""1769817600.0"": 56, ""1769904000.0"": 60, ""1769990400.0"": 66, ""1770076800.0"": 105, ""1770163200.0"": 85, ""1770249600.0"": 85, ""1770336000.0"": 103, ""1770422400.0"": 61, ""1770508800.0"": 63, ""1770595200.0"": 40, ""1770681600.0"": 94, ""1770768000.0"": 84, ""1770854400.0"": 106, ""1770940800.0"": 103, ""1771027200.0"": 41, ""1771200000.0"": 40, ""1771286400.0"": 89, ""1771372800.0"": 59}",,Cash - RNGHC,Debtors - RNGHC,Round Off - RNGHC,Main - RNGHC,Write Off - RNGHC,Exchange Gain/Loss - RNGHC,,,0,Creditors - RNGHC,Cost of Goods Sold - RNGHC,Sales - RNGHC,,,,,Main - RNGHC,,1,0,Stock In Hand - RNGHC,Stock Adjustment - RNGHC,,Stock Received But Not Billed - RNGHC,,Accumulated Depreciation - RNGHC,Depreciation - RNGHC,,Gain/Loss on Asset Disposal - RNGHC,Main - RNGHC,CWIP Account - RNGHC,Asset Received But Not Billed - RNGHC,0,Daily,0,,,613,614,,,,,,Huye,HC
Remera (Ngoma) Health Center,2025-04-16 22:51:15.384186,2026-02-18 17:26:53.312113,Administrator,florentin.ndabarasa@moh.gov.rw,0,0,Remera (Ngoma) Health Center,RMRHC,0440,RWF,Rwanda,0,,,,,,,,,,,,,,,Standard Template,,Standard,,{},0.0,0.0,,,0.0,{},,Cash - RMRHC,Debtors - RMRHC,Round Off - RMRHC,Main - RMRHC,Write Off - RMRHC,Exchange Gain/Loss - RMRHC,,,0,Creditors - RMRHC,Cost of Goods Sold - RMRHC,Sales - RMRHC,,,,,Main - RMRHC,,1,0,Stock In Hand - RMRHC,Stock Adjustment - RMRHC,,Stock Received But Not Billed - RMRHC,,Accumulated Depreciation - RMRHC,Depreciation - RMRHC,,Gain/Loss on Asset Disposal - RMRHC,Main - RMRHC,CWIP Account - RMRHC,Asset Received But Not Billed - RMRHC,0,Daily,0,,,215,216,,,,,,Ngoma,HC
Remera Rukoma Health Center,2025-11-15 11:50:05.374758,2026-04-28 12:20:53.157862,ibyishaka89@gmail.com,mararashema@gmail.com,0,0,Remera Rukoma Health Center,RRHC,0152,RWF,Rwanda,0,,,,,,,,,,,,,,,Standard Template,,Standard,,{},0.0,31500.0,,,0.0,"{""1763337600.0"": 3, ""1763424000.0"": 25, ""1763510400.0"": 127, ""1763596800.0"": 76, ""1763683200.0"": 48, ""1763769600.0"": 27, ""1763856000.0"": 30, ""1763942400.0"": 60, ""1764028800.0"": 72, ""1764115200.0"": 110, ""1764201600.0"": 107, ""1764288000.0"": 78, ""1764374400.0"": 67, ""1764460800.0"": 30, ""1764547200.0"": 105, ""1764633600.0"": 65, ""1764720000.0"": 93, ""1764806400.0"": 44, ""1764892800.0"": 78, ""1764979200.0"": 40, ""1765065600.0"": 53, ""1765152000.0"": 44, ""1765238400.0"": 75, ""1765324800.0"": 42, ""1765411200.0"": 19, ""1765497600.0"": 1, ""1765843200.0"": 24, ""1765929600.0"": 49, ""1766016000.0"": 29, ""1766102400.0"": 84, ""1766188800.0"": 32, ""1766275200.0"": 60, ""1766361600.0"": 55, ""1766448000.0"": 102, ""1766534400.0"": 84, ""1766620800.0"": 52, ""1766707200.0"": 88, ""1766793600.0"": 22, ""1766880000.0"": 18, ""1766966400.0"": 77, ""1767052800.0"": 13, ""1767139200.0"": 77, ""1767225600.0"": 43, ""1767398400.0"": 44, ""1767484800.0"": 77, ""1767571200.0"": 8, ""1767657600.0"": 13, ""1767744000.0"": 42, ""1767830400.0"": 86, ""1767916800.0"": 83, ""1768003200.0"": 47, ""1768089600.0"": 20, ""1768176000.0"": 19, ""1768262400.0"": 49, ""1768348800.0"": 35, ""1768435200.0"": 12, ""1768608000.0"": 27, ""1768694400.0"": 3, ""1768780800.0"": 28, ""1768867200.0"": 11, ""1768953600.0"": 18, ""1769040000.0"": 20, ""1769126400.0"": 11, ""1769385600.0"": 16, ""1769558400.0"": 91, ""1769644800.0"": 32, ""1769731200.0"": 36, ""1769817600.0"": 13, ""1769990400.0"": 10, ""1770076800.0"": 12, ""1770249600.0"": 10, ""1770336000.0"": 21, ""1770422400.0"": 18, ""1770508800.0"": 10, ""1770595200.0"": 25, ""1770681600.0"": 28, ""1770768000.0"": 5, ""1770854400.0"": 11, ""1770940800.0"": 10, ""1771286400.0"": 8}",,Cash - RRHC,Debtors - RRHC,Round Off - RRHC,Main - RRHC,Write Off - RRHC,Exchange Gain/Loss - RRHC,,,0,Creditors - RRHC,Cost of Goods Sold - RRHC,Sales - RRHC,,,,,Main - RRHC,,1,0,Stock In Hand - RRHC,Stock Adjustment - RRHC,,Stock Received But Not Billed - RRHC,,Accumulated Depreciation - RRHC,Depreciation - RRHC,,Gain/Loss on Asset Disposal - RRHC,Main - RRHC,CWIP Account - RRHC,Asset Received But Not Billed - RRHC,0,Daily,0,,,555,556,,,,,,Kamonyi,HC
Remera-Mbogo Health Center,2024-10-01 14:50:55.585351,2026-04-23 16:00:22.115344,mukamukwiyeeugenie@gmail.com,rukundojoe30@gmail.com,0,45,Remera-Mbogo Health Center,RMHC,0278,RWF,Rwanda,0,,,,,,,,,,,,,,,Standard Template,,Standard,,{},0.0,105685.262,,,0.0,"{""1744848000.0"": 1, ""1747958400.0"": 2, ""1748044800.0"": 34, ""1748131200.0"": 11, ""1751846400.0"": 2, ""1752796800.0"": 1, ""1753142400.0"": 1, ""1753228800.0"": 1, ""1765843200.0"": 2, ""1770854400.0"": 3}",,Cash - RMHC,Debtors - RMHC,Round Off - RMHC,Main - RMHC,Write Off - RMHC,Exchange Gain/Loss - RMHC,,,0,Creditors - RMHC,Cost of Goods Sold - RMHC,Sales - RMHC,,,,,Main - RMHC,,1,0,Stock In Hand - RMHC,Stock Adjustment - RMHC,,Stock Received But Not Billed - RMHC,,Accumulated Depreciation - RMHC,Depreciation - RMHC,,Gain/Loss on Asset Disposal - RMHC,Main - RMHC,CWIP Account - RMHC,Asset Received But Not Billed - RMHC,0,Daily,0,,,83,84,,,,,,Rulindo,HC
Rilima Health Center,2025-01-22 15:04:42.488839,2026-04-28 15:58:09.828497,nzayisengamariagoretti2@gmail.com,info@spiderbit.rw,0,0,Rilima Health Center,RLHC,0457,RWF,Rwanda,0,,,,,,,,,,,,,,,Standard Template,,Standard,,{},0.0,110762.166,,,0.0,"{""1740528000.0"": 1, ""1742860800.0"": 1, ""1744070400.0"": 3, ""1744156800.0"": 3, ""1744243200.0"": 4, ""1744329600.0"": 8, ""1744416000.0"": 4, ""1744588800.0"": 1, ""1744675200.0"": 9, ""1744761600.0"": 2, ""1744848000.0"": 3, ""1744934400.0"": 12, ""1745020800.0"": 4, ""1745193600.0"": 7, ""1745280000.0"": 2, ""1745366400.0"": 1, ""1745452800.0"": 1, ""1745539200.0"": 5, ""1745625600.0"": 2, ""1745798400.0"": 2, ""1745884800.0"": 5, ""1745971200.0"": 3, ""1746057600.0"": 1, ""1746316800.0"": 1, ""1746403200.0"": 4, ""1746489600.0"": 3, ""1746576000.0"": 1, ""1746662400.0"": 7, ""1746748800.0"": 1, ""1746835200.0"": 1, ""1746921600.0"": 1, ""1747267200.0"": 2, ""1747353600.0"": 1, ""1747440000.0"": 5, ""1747526400.0"": 1, ""1747612800.0"": 1, ""1747699200.0"": 2, ""1747785600.0"": 5, ""1747958400.0"": 5, ""1748044800.0"": 54, ""1748131200.0"": 13, ""1748217600.0"": 5, ""1748304000.0"": 1, ""1748476800.0"": 5, ""1748563200.0"": 3, ""1748908800.0"": 7, ""1748995200.0"": 3, ""1749081600.0"": 1, ""1749168000.0"": 2, ""1749254400.0"": 3, ""1749427200.0"": 2, ""1749513600.0"": 5, ""1749772800.0"": 9, ""1749859200.0"": 5, ""1750032000.0"": 2, ""1750118400.0"": 2, ""1750204800.0"": 7, ""1750377600.0"": 4, ""1750464000.0"": 5, ""1750636800.0"": 2, ""1750896000.0"": 1, ""1750982400.0"": 4, ""1751068800.0"": 2, ""1751155200.0"": 1, ""1751241600.0"": 2, ""1751328000.0"": 4, ""1751414400.0"": 4, ""1751500800.0"": 1, ""1751587200.0"": 3, ""1751846400.0"": 4, ""1751932800.0"": 2, ""1752019200.0"": 8, ""1752192000.0"": 4, ""1752278400.0"": 3, ""1752364800.0"": 1, ""1752451200.0"": 2, ""1752537600.0"": 3, ""1752710400.0"": 3, ""1752796800.0"": 8, ""1752883200.0"": 3, ""1752969600.0"": 5, ""1753056000.0"": 2, ""1753142400.0"": 4, ""1753228800.0"": 4, ""1753315200.0"": 4, ""1753401600.0"": 6, ""1753488000.0"": 3, ""1753574400.0"": 4, ""1753660800.0"": 1, ""1753747200.0"": 5, ""1753833600.0"": 9, ""1753920000.0"": 2, ""1754092800.0"": 2, ""1754179200.0"": 4, ""1754265600.0"": 1, ""1754352000.0"": 1, ""1754438400.0"": 2, ""1754611200.0"": 1, ""1754784000.0"": 3, ""1754870400.0"": 2, ""1754956800.0"": 1, ""1755043200.0"": 5, ""1755129600.0"": 1, ""1755216000.0"": 1, ""1755302400.0"": 3, ""1755475200.0"": 3, ""1755561600.0"": 5, ""1755648000.0"": 2, ""1755734400.0"": 2, ""1755820800.0"": 1, ""1755907200.0"": 4, ""1755993600.0"": 1, ""1756080000.0"": 1, ""1756166400.0"": 8, ""1756252800.0"": 5, ""1756339200.0"": 2, ""1756512000.0"": 2, ""1756598400.0"": 1, ""1756684800.0"": 1, ""1756771200.0"": 3, ""1756857600.0"": 2, ""1757030400.0"": 1, ""1757203200.0"": 1, ""1757289600.0"": 1, ""1757376000.0"": 1, ""1757635200.0"": 1, ""1757721600.0"": 2, ""1757894400.0"": 1, ""1757980800.0"": 9, ""1758067200.0"": 1, ""1758153600.0"": 1, ""1758240000.0"": 2, ""1758326400.0"": 1, ""1758412800.0"": 4, ""1758499200.0"": 9, ""1758585600.0"": 8, ""1758672000.0"": 4, ""1758758400.0"": 3, ""1758844800.0"": 4, ""1758931200.0"": 1, ""1759017600.0"": 3, ""1759104000.0"": 5, ""1759190400.0"": 5, ""1759276800.0"": 4, ""1759363200.0"": 1, ""1759449600.0"": 3, ""1759622400.0"": 3, ""1759708800.0"": 3, ""1759795200.0"": 5, ""1759881600.0"": 1, ""1759968000.0"": 5, ""1760054400.0"": 6, ""1760140800.0"": 4, ""1760227200.0"": 4, ""1760313600.0"": 1, ""1760400000.0"": 3, ""1760486400.0"": 3, ""1760572800.0"": 1, ""1760659200.0"": 4, ""1760745600.0"": 1, ""1760918400.0"": 4, ""1761004800.0"": 9, ""1761091200.0"": 7, ""1761177600.0"": 2, ""1761264000.0"": 4, ""1761350400.0"": 3, ""1761436800.0"": 3, ""1761523200.0"": 4, ""1761609600.0"": 3, ""1761696000.0"": 2, ""1761782400.0"": 2, ""1761868800.0"": 3, ""1761955200.0"": 1, ""1762041600.0"": 1, ""1762128000.0"": 5, ""1762214400.0"": 3, ""1762300800.0"": 10, ""1762387200.0"": 7, ""1762473600.0"": 1, ""1762560000.0"": 4, ""1762646400.0"": 4, ""1762732800.0"": 5, ""1762819200.0"": 10, ""1762905600.0"": 5, ""1762992000.0"": 7, ""1763078400.0"": 3, ""1763164800.0"": 2, ""1763251200.0"": 2, ""1763337600.0"": 2, ""1763424000.0"": 5, ""1763510400.0"": 7, ""1763596800.0"": 7, ""1763683200.0"": 9, ""1763769600.0"": 4, ""1763856000.0"": 1, ""1763942400.0"": 3, ""1764028800.0"": 6, ""1764115200.0"": 8, ""1764201600.0"": 3, ""1764288000.0"": 3, ""1764460800.0"": 3, ""1764720000.0"": 4, ""1764806400.0"": 4, ""1764892800.0"": 2, ""1764979200.0"": 2, ""1765065600.0"": 5, ""1765238400.0"": 6, ""1765324800.0"": 2, ""1765497600.0"": 6, ""1765584000.0"": 4, ""1765670400.0"": 3, ""1765756800.0"": 9, ""1765843200.0"": 4, ""1765929600.0"": 4, ""1766016000.0"": 4, ""1766102400.0"": 7, ""1766188800.0"": 3, ""1766275200.0"": 3, ""1766361600.0"": 1, ""1766448000.0"": 1, ""1766534400.0"": 5, ""1766620800.0"": 2, ""1766707200.0"": 6, ""1766793600.0"": 1, ""1766880000.0"": 1, ""1767052800.0"": 8, ""1767139200.0"": 5, ""1767312000.0"": 6, ""1767571200.0"": 3, ""1767657600.0"": 8, ""1767744000.0"": 11, ""1767830400.0"": 2, ""1767916800.0"": 7, ""1768003200.0"": 3, ""1768089600.0"": 1, ""1768176000.0"": 5, ""1768262400.0"": 6, ""1768348800.0"": 5, ""1768435200.0"": 7, ""1768608000.0"": 2, ""1768694400.0"": 1, ""1768780800.0"": 6, ""1768867200.0"": 13, ""1768953600.0"": 2, ""1769040000.0"": 4, ""1769126400.0"": 11, ""1769212800.0"": 2, ""1769299200.0"": 8, ""1769385600.0"": 11, ""1769472000.0"": 1, ""1769558400.0"": 7, ""1769644800.0"": 8, ""1769731200.0"": 7, ""1769817600.0"": 5, ""1769904000.0"": 3, ""1769990400.0"": 8, ""1770076800.0"": 5, ""1770249600.0"": 2, ""1770422400.0"": 4, ""1770595200.0"": 3, ""1770681600.0"": 6, ""1770768000.0"": 2, ""1770854400.0"": 4, ""1770940800.0"": 1, ""1771027200.0"": 1, ""1771113600.0"": 1, ""1771200000.0"": 4, ""1771286400.0"": 1, ""1771372800.0"": 9}",,Cash - RLHC,Debtors - RLHC,Round Off - RLHC,Main - RLHC,Write Off - RLHC,Exchange Gain/Loss - RLHC,,,0,Creditors - RLHC,Cost of Goods Sold - RLHC,Sales - RLHC,,,,,Main - RLHC,,1,0,Stock In Hand - RLHC,Stock Adjustment - RLHC,,Stock Received But Not Billed - RLHC,,Accumulated Depreciation - RLHC,Depreciation - RLHC,,Gain/Loss on Asset Disposal - RLHC,Main - RLHC,CWIP Account - RLHC,Asset Received But Not Billed - RLHC,0,Daily,0,,,125,126,,,,,,Bugesera,HC
Rubaya (Gicumbi) Health Center,2025-07-24 00:47:51.252320,2026-02-18 17:26:55.386624,Administrator,ildephonse90@yahoo.com,0,0,Rubaya (Gicumbi) Health Center,RBYHC,0348,RWF,Rwanda,0,,,,,,,,,,,,,,,Standard Template,,Standard,,{},0.0,695.1,,,0.0,"{""1753833600.0"": 1, ""1754438400.0"": 10, ""1754524800.0"": 13, ""1754611200.0"": 2, ""1755302400.0"": 3, ""1755388800.0"": 8, ""1755820800.0"": 2, ""1756771200.0"": 27, ""1756857600.0"": 40, ""1756944000.0"": 1, ""1757030400.0"": 1, ""1758499200.0"": 1, ""1766448000.0"": 13, ""1766620800.0"": 6, ""1770681600.0"": 2, ""1770768000.0"": 3}",,Cash - RBYHC,Debtors - RBYHC,Round Off - RBYHC,Main - RBYHC,Write Off - RBYHC,Exchange Gain/Loss - RBYHC,,,0,Creditors - RBYHC,Cost of Goods Sold - RBYHC,Sales - RBYHC,,,,,Main - RBYHC,,1,0,Stock In Hand - RBYHC,Stock Adjustment - RBYHC,,Stock Received But Not Billed - RBYHC,,Accumulated Depreciation - RBYHC,Depreciation - RBYHC,,Gain/Loss on Asset Disposal - RBYHC,Main - RBYHC,CWIP Account - RBYHC,Asset Received But Not Billed - RBYHC,0,Daily,0,,,479,480,,,,,,Gicumbi,HC
RUBONA Health Center,2025-04-01 13:47:30.358487,2026-04-24 15:02:58.577114,ndayishimiyedany40@gmail.com,mugipascal@gmail.com,0,0,RUBONA Health Center,RUBHC,0362,RWF,Rwanda,0,,,,,,,,,,,,,,,Standard Template,,Standard,,{},0.0,68861.2,,,0.0,"{""1746144000.0"": 1, ""1748044800.0"": 103, ""1748131200.0"": 46, ""1750723200.0"": 2, ""1750896000.0"": 1, ""1751328000.0"": 2, ""1754611200.0"": 1, ""1754870400.0"": 1, ""1754956800.0"": 3, ""1755302400.0"": 1, ""1758067200.0"": 45, ""1758153600.0"": 1, ""1758240000.0"": 11, ""1758326400.0"": 23, ""1758585600.0"": 2, ""1758672000.0"": 21, ""1758758400.0"": 15, ""1758844800.0"": 91, ""1758931200.0"": 3, ""1759017600.0"": 20, ""1759104000.0"": 30, ""1759190400.0"": 22, ""1759276800.0"": 49, ""1759363200.0"": 55, ""1759449600.0"": 38, ""1759536000.0"": 44, ""1759708800.0"": 19, ""1759881600.0"": 9, ""1759968000.0"": 2, ""1762992000.0"": 75, ""1763078400.0"": 82, ""1763164800.0"": 61, ""1763251200.0"": 76, ""1763337600.0"": 49, ""1763424000.0"": 26, ""1763510400.0"": 29, ""1768953600.0"": 3}",,Cash - RUBHC,Debtors - RUBHC,Round Off - RUBHC,Main - RUBHC,Write Off - RUBHC,Exchange Gain/Loss - RUBHC,,,0,Creditors - RUBHC,Cost of Goods Sold - RUBHC,Sales - RUBHC,,,,,Main - RUBHC,,1,0,Stock In Hand - RUBHC,Stock Adjustment - RUBHC,,Stock Received But Not Billed - RUBHC,,Accumulated Depreciation - RUBHC,Depreciation - RUBHC,,Gain/Loss on Asset Disposal - RUBHC,Main - RUBHC,CWIP Account - RUBHC,Asset Received But Not Billed - RUBHC,0,Daily,0,,,181,182,,,,,,Rwamagana,HC
Rubona(Ngoma) Health Center,2025-06-07 18:25:50.584739,2026-02-18 17:26:54.021947,Administrator,mugipascal@gmail.com,0,0,Rubona(Ngoma) Health Center,RBNHC,0628 ,RWF,Rwanda,0,,,,,,,,,,,,,,,Standard Template,,Standard,,{},0.0,1063258.0,,,0.0,"{""1761868800.0"": 12, ""1763510400.0"": 2, ""1764633600.0"": 7, ""1765929600.0"": 4}",,Cash - RBNHC,Debtors - RBNHC,Round Off - RBNHC,Main - RBNHC,Write Off - RBNHC,Exchange Gain/Loss - RBNHC,,,0,Creditors - RBNHC,Cost of Goods Sold - RBNHC,Sales - RBNHC,,,,,Main - RBNHC,,1,0,Stock In Hand - RBNHC,Stock Adjustment - RBNHC,,Stock Received But Not Billed - RBNHC,,Accumulated Depreciation - RBNHC,Depreciation - RBNHC,,Gain/Loss on Asset Disposal - RBNHC,Main - RBNHC,CWIP Account - RBNHC,Asset Received But Not Billed - RBNHC,0,Daily,0,,,395,396,,,,,,Ngoma,HC
Rugarama (Nyarugenge) Health Center,2024-11-05 11:46:32.669110,2026-02-18 17:26:55.166009,Administrator,rukundojoe30@gmail.com,0,1342,Rugarama (Nyarugenge) Health Center,RGNHC,0011,RWF,Rwanda,0,,,,,,,,,,,,,,,Standard Template,,Standard,,{},0.0,334.03,,,0.0,"{""1739923200.0"": 1, ""1740009600.0"": 1, ""1740528000.0"": 1, ""1740787200.0"": 2, ""1741046400.0"": 2, ""1741132800.0"": 2, ""1741478400.0"": 2, ""1741564800.0"": 1, ""1741737600.0"": 2, ""1741910400.0"": 3, ""1742169600.0"": 2, ""1742774400.0"": 1, ""1743206400.0"": 1, ""1744329600.0"": 1, ""1744588800.0"": 1, ""1745712000.0"": 1, ""1746230400.0"": 2, ""1746316800.0"": 1, ""1746489600.0"": 1, ""1746576000.0"": 1, ""1746662400.0"": 1, ""1746835200.0"": 2, ""1747008000.0"": 1, ""1747353600.0"": 6, ""1747612800.0"": 1, ""1747958400.0"": 2, ""1748044800.0"": 70, ""1748131200.0"": 31, ""1748304000.0"": 2, ""1748390400.0"": 3, ""1748476800.0"": 2, ""1748649600.0"": 1, ""1748995200.0"": 2, ""1749513600.0"": 1, ""1749600000.0"": 1, ""1749772800.0"": 1, ""1750118400.0"": 1, ""1750204800.0"": 2, ""1750377600.0"": 1, ""1750723200.0"": 3, ""1750809600.0"": 1, ""1751328000.0"": 1, ""1752796800.0"": 1, ""1752969600.0"": 1, ""1753056000.0"": 14, ""1753142400.0"": 3, ""1753401600.0"": 1, ""1753488000.0"": 1, ""1753660800.0"": 1, ""1753833600.0"": 3, ""1753920000.0"": 2, ""1762300800.0"": 1, ""1762387200.0"": 2, ""1762646400.0"": 59, ""1762732800.0"": 23, ""1762819200.0"": 2, ""1762905600.0"": 2, ""1762992000.0"": 19, ""1763510400.0"": 1, ""1763769600.0"": 1, ""1766102400.0"": 1, ""1766188800.0"": 1, ""1770076800.0"": 1}",,Cash - RGNHC,Debtors - RGNHC,Round Off - RGNHC,Main - RGNHC,Write Off - RGNHC,Exchange Gain/Loss - RGNHC,,,0,Creditors - RGNHC,Cost of Goods Sold - RGNHC,Sales - RGNHC,,,,,Main - RGNHC,,1,0,Stock In Hand - RGNHC,Stock Adjustment - RGNHC,,Stock Received But Not Billed - RGNHC,,Accumulated Depreciation - RGNHC,Depreciation - RGNHC,,Gain/Loss on Asset Disposal - RGNHC,Main - RGNHC,CWIP Account - RGNHC,Asset Received But Not Billed - RGNHC,0,Daily,0,,,105,106,,,,,,Nyarugenge,HC
RUGARAMA Health Center,2025-04-27 21:11:03.550004,2026-02-18 17:26:54.663812,Administrator,mugipascal@gmail.com,0,0,RUGARAMA Health Center,RUGMHC,0401,RWF,Rwanda,0,,,,,,,,,,,,,,,Standard Template,,Standard,,{},0.0,250.0,,,0.0,"{""1745884800.0"": 1, ""1746057600.0"": 1, ""1746748800.0"": 4, ""1746835200.0"": 7, ""1746921600.0"": 37, ""1747008000.0"": 18, ""1747094400.0"": 58, ""1747180800.0"": 98, ""1747267200.0"": 112, ""1747353600.0"": 32, ""1747440000.0"": 46, ""1747612800.0"": 148, ""1747872000.0"": 5, ""1748217600.0"": 3, ""1748304000.0"": 3, ""1748390400.0"": 4, ""1749081600.0"": 1, ""1749427200.0"": 1, ""1753228800.0"": 1, ""1754265600.0"": 3, ""1762905600.0"": 3, ""1764806400.0"": 1, ""1765670400.0"": 1, ""1768348800.0"": 2}",,Cash - RUGMHC,Debtors - RUGMHC,Round Off - RUGMHC,Main - RUGMHC,Write Off - RUGMHC,Exchange Gain/Loss - RUGMHC,,,0,Creditors - RUGMHC,Cost of Goods Sold - RUGMHC,Sales - RUGMHC,,,,,Main - RUGMHC,,1,0,Stock In Hand - RUGMHC,Stock Adjustment - RUGMHC,,Stock Received But Not Billed - RUGMHC,,Accumulated Depreciation - RUGMHC,Depreciation - RUGMHC,,Gain/Loss on Asset Disposal - RUGMHC,Main - RUGMHC,CWIP Account - RUGMHC,Asset Received But Not Billed - RUGMHC,0,Daily,0,,,303,304,,,,,,Gatsibo,HC
Rugendabali Health Center,2025-04-23 00:00:55.890959,2026-04-28 16:08:45.474782,mbatuyimanaeugenie13@gmail.com,florentin.ndabarasa@moh.gov.rw,0,0,Rugendabali Health Center,RGDBLHC,1321,RWF,Rwanda,0,,,,,,,,,,,,,,,Standard Template,,Standard,,{},0.0,357187.919,,,0.0,"{""1748044800.0"": 5, ""1748131200.0"": 2, ""1763424000.0"": 1, ""1763510400.0"": 16, ""1763596800.0"": 31, ""1763683200.0"": 2, ""1763942400.0"": 50, ""1764028800.0"": 68, ""1764115200.0"": 59, ""1764201600.0"": 38, ""1764288000.0"": 11, ""1764633600.0"": 27, ""1764720000.0"": 2, ""1764806400.0"": 4, ""1764892800.0"": 5, ""1765065600.0"": 2, ""1765152000.0"": 1, ""1765324800.0"": 3, ""1765497600.0"": 1, ""1765756800.0"": 1, ""1765843200.0"": 19, ""1765929600.0"": 1, ""1766016000.0"": 1, ""1766275200.0"": 1, ""1766361600.0"": 8, ""1766448000.0"": 1, ""1766534400.0"": 1, ""1766620800.0"": 1, ""1766707200.0"": 2, ""1766793600.0"": 1, ""1766880000.0"": 2, ""1766966400.0"": 6, ""1767052800.0"": 3, ""1767139200.0"": 2, ""1767225600.0"": 2, ""1767312000.0"": 1, ""1767398400.0"": 6, ""1767571200.0"": 1, ""1767744000.0"": 6, ""1767830400.0"": 4, ""1767916800.0"": 1, ""1768003200.0"": 3, ""1768089600.0"": 2, ""1768348800.0"": 17, ""1768435200.0"": 3, ""1768521600.0"": 1, ""1768780800.0"": 2, ""1768867200.0"": 8, ""1768953600.0"": 2, ""1769040000.0"": 3, ""1769126400.0"": 3, ""1769299200.0"": 1, ""1769385600.0"": 2, ""1769472000.0"": 4, ""1769558400.0"": 2, ""1769644800.0"": 4, ""1769731200.0"": 2, ""1769904000.0"": 2, ""1769990400.0"": 5, ""1770076800.0"": 2, ""1770249600.0"": 6, ""1770336000.0"": 5, ""1770508800.0"": 2, ""1770595200.0"": 7, ""1770681600.0"": 1, ""1770768000.0"": 2, ""1770854400.0"": 4, ""1770940800.0"": 1, ""1771027200.0"": 1, ""1771200000.0"": 3, ""1771286400.0"": 2, ""1771372800.0"": 3}",,Cash - RGDBLHC,Debtors - RGDBLHC,Round Off - RGDBLHC,Main - RGDBLHC,Write Off - RGDBLHC,Exchange Gain/Loss - RGDBLHC,,,0,Creditors - RGDBLHC,Cost of Goods Sold - RGDBLHC,Sales - RGDBLHC,,,,,Main - RGDBLHC,,1,0,Stock In Hand - RGDBLHC,Stock Adjustment - RGDBLHC,,Stock Received But Not Billed - RGDBLHC,,Accumulated Depreciation - RGDBLHC,Depreciation - RGDBLHC,,Gain/Loss on Asset Disposal - RGDBLHC,Main - RGDBLHC,CWIP Account - RGDBLHC,Asset Received But Not Billed - RGDBLHC,0,Daily,0,,,231,232,,,,,,Muhanga,HC
Rugerero Health Center,2025-06-03 23:26:17.292059,2026-02-18 17:26:53.681685,Administrator,florentin.ndabarasa@moh.gov.rw,0,0,Rugerero Health Center,RGRRHC,2864,RWF,Rwanda,0,,,,,,,,,,,,,,,Standard Template,,Standard,,{},0.0,7182.84,,,0.0,"{""1749427200.0"": 1, ""1755043200.0"": 3, ""1755475200.0"": 3}",,Cash - RGRRHC,Debtors - RGRRHC,Round Off - RGRRHC,Main - RGRRHC,Write Off - RGRRHC,Exchange Gain/Loss - RGRRHC,,,0,Creditors - RGRRHC,Cost of Goods Sold - RGRRHC,Sales - RGRRHC,,,,,Main - RGRRHC,,1,0,Stock In Hand - RGRRHC,Stock Adjustment - RGRRHC,,Stock Received But Not Billed - RGRRHC,,Accumulated Depreciation - RGRRHC,Depreciation - RGRRHC,,Gain/Loss on Asset Disposal - RGRRHC,Main - RGRRHC,CWIP Account - RGRRHC,Asset Received But Not Billed - RGRRHC,0,Daily,0,,,387,388,,,,,,Rubavu,HC
Ruhango Health Center,2025-10-25 11:15:24.433843,2026-04-28 18:39:53.836786,muzirankonimarieaime82@gmail.com,ildephonse90@yahoo.com,0,0,Ruhango Health Center,RHNHC,0126,RWF,Rwanda,0,,,,,,,,,,,,,,,Standard Template,,Standard,,{},0.0,8468808.854,,,0.0,"{""1761523200.0"": 1, ""1761609600.0"": 2, ""1761696000.0"": 5, ""1761782400.0"": 54, ""1761868800.0"": 34, ""1761955200.0"": 27, ""1762041600.0"": 31, ""1762128000.0"": 36, ""1762214400.0"": 90, ""1762300800.0"": 206, ""1762387200.0"": 202, ""1762473600.0"": 57, ""1762560000.0"": 129, ""1762646400.0"": 38, ""1762732800.0"": 149, ""1762819200.0"": 129, ""1762905600.0"": 127, ""1762992000.0"": 107, ""1763078400.0"": 82, ""1763164800.0"": 97, ""1763251200.0"": 49, ""1763337600.0"": 128, ""1763424000.0"": 89, ""1763510400.0"": 103, ""1763596800.0"": 74, ""1763683200.0"": 67, ""1763769600.0"": 88, ""1763856000.0"": 39, ""1763942400.0"": 99, ""1764028800.0"": 75, ""1764115200.0"": 112, ""1764201600.0"": 74, ""1764288000.0"": 78, ""1764374400.0"": 65, ""1764460800.0"": 48, ""1764547200.0"": 99, ""1764633600.0"": 91, ""1764720000.0"": 72, ""1764806400.0"": 112, ""1764892800.0"": 50, ""1764979200.0"": 77, ""1765065600.0"": 31, ""1765152000.0"": 68, ""1765238400.0"": 43, ""1765324800.0"": 113, ""1765411200.0"": 130, ""1765497600.0"": 76, ""1765584000.0"": 91, ""1765670400.0"": 49, ""1765756800.0"": 114, ""1765843200.0"": 69, ""1765929600.0"": 123, ""1766016000.0"": 117, ""1766102400.0"": 68, ""1766188800.0"": 69, ""1766275200.0"": 42, ""1766361600.0"": 120, ""1766448000.0"": 104, ""1766534400.0"": 85, ""1766620800.0"": 35, ""1766707200.0"": 63, ""1766793600.0"": 65, ""1766880000.0"": 41, ""1766966400.0"": 101, ""1767052800.0"": 93, ""1767139200.0"": 84, ""1767225600.0"": 76, ""1767312000.0"": 63, ""1767398400.0"": 78, ""1767484800.0"": 51, ""1767571200.0"": 79, ""1767657600.0"": 107, ""1767744000.0"": 118, ""1767830400.0"": 137, ""1767916800.0"": 85, ""1768003200.0"": 81, ""1768089600.0"": 70, ""1768176000.0"": 55, ""1768262400.0"": 125, ""1768348800.0"": 145, ""1768435200.0"": 159, ""1768521600.0"": 43, ""1768608000.0"": 60, ""1768694400.0"": 67, ""1768780800.0"": 122, ""1768867200.0"": 126, ""1768953600.0"": 109, ""1769040000.0"": 134, ""1769126400.0"": 50, ""1769212800.0"": 94, ""1769299200.0"": 46, ""1769385600.0"": 92, ""1769472000.0"": 112, ""1769558400.0"": 90, ""1769644800.0"": 104, ""1769731200.0"": 68, ""1769817600.0"": 62, ""1769904000.0"": 57, ""1769990400.0"": 39, ""1770076800.0"": 134, ""1770249600.0"": 112, ""1770336000.0"": 208, ""1770422400.0"": 77, ""1770508800.0"": 27, ""1770595200.0"": 93, ""1770681600.0"": 88, ""1770768000.0"": 69, ""1770854400.0"": 105, ""1770940800.0"": 47, ""1771027200.0"": 76, ""1771113600.0"": 42, ""1771200000.0"": 104, ""1771286400.0"": 124, ""1771372800.0"": 103}",,Cash - RHNHC,Debtors - RHNHC,Round Off - RHNHC,Main - RHNHC,Write Off - RHNHC,Exchange Gain/Loss - RHNHC,,,0,Creditors - RHNHC,Cost of Goods Sold - RHNHC,Sales - RHNHC,,,,,Main - RHNHC,,1,0,Stock In Hand - RHNHC,Stock Adjustment - RHNHC,,Stock Received But Not Billed - RHNHC,,Accumulated Depreciation - RHNHC,Depreciation - RHNHC,,Gain/Loss on Asset Disposal - RHNHC,Main - RHNHC,CWIP Account - RHNHC,Asset Received But Not Billed - RHNHC,0,Daily,0,,,515,516,,,,,,Ruhango,HC
Ruhenda Health Center,2025-07-23 23:45:56.061274,2026-04-02 10:31:34.448004,uwachris298@gmail.com,ildephonse90@yahoo.com,0,0,Ruhenda Health Center,RHNDHC,0349,RWF,Rwanda,0,,,,,,,,,,,,,,,Standard Template,,Standard,,{},0.0,284.22,,,0.0,"{""1755388800.0"": 1, ""1755648000.0"": 3, ""1755734400.0"": 2, ""1756771200.0"": 1, ""1757289600.0"": 3, ""1757721600.0"": 4, ""1757808000.0"": 7, ""1760400000.0"": 1, ""1765238400.0"": 2, ""1765843200.0"": 3, ""1767571200.0"": 2, ""1767657600.0"": 2, ""1768953600.0"": 1, ""1769126400.0"": 1, ""1770163200.0"": 7, ""1770249600.0"": 54, ""1770336000.0"": 43, ""1770595200.0"": 10, ""1770681600.0"": 27, ""1771027200.0"": 22, ""1771286400.0"": 7}",,Cash - RHNDHC,Debtors - RHNDHC,Round Off - RHNDHC,Main - RHNDHC,Write Off - RHNDHC,Exchange Gain/Loss - RHNDHC,,,0,Creditors - RHNDHC,Cost of Goods Sold - RHNDHC,Sales - RHNDHC,,,,,Main - RHNDHC,,1,0,Stock In Hand - RHNDHC,Stock Adjustment - RHNDHC,,Stock Received But Not Billed - RHNDHC,,Accumulated Depreciation - RHNDHC,Depreciation - RHNDHC,,Gain/Loss on Asset Disposal - RHNDHC,Main - RHNDHC,CWIP Account - RHNDHC,Asset Received But Not Billed - RHNDHC,0,Daily,0,,,453,454,,,,,,Gicumbi,HC
Ruheru (kanjongo Nyamasheke) HC,2025-05-06 23:12:05.042393,2026-02-18 17:26:53.422028,Administrator,florentin.ndabarasa@moh.gov.rw,0,0,Ruheru (kanjongo Nyamasheke) HC,RHRNYSHKHC,0269,RWF,Rwanda,0,,,,,,,,,,,,,,,Standard Template,,Standard,,{},0.0,0.0,,,0.0,{},,Cash - RHRNYSHKHC,Debtors - RHRNYSHKHC,Round Off - RHRNYSHKHC,Main - RHRNYSHKHC,Write Off - RHRNYSHKHC,Exchange Gain/Loss - RHRNYSHKHC,,,0,Creditors - RHRNYSHKHC,Cost of Goods Sold - RHRNYSHKHC,Sales - RHRNYSHKHC,,,,,Main - RHRNYSHKHC,,1,0,Stock In Hand - RHRNYSHKHC,Stock Adjustment - RHRNYSHKHC,,Stock Received But Not Billed - RHRNYSHKHC,,Accumulated Depreciation - RHRNYSHKHC,Depreciation - RHRNYSHKHC,,Gain/Loss on Asset Disposal - RHRNYSHKHC,Main - RHRNYSHKHC,CWIP Account - RHRNYSHKHC,Asset Received But Not Billed - RHRNYSHKHC,0,Daily,0,,,325,326,,,,,,Nyamasheke,HC
Ruheru Health Center,2025-04-25 02:56:03.442607,2026-02-18 17:26:53.370075,Administrator,rukundojoe30@gmail.com,0,0,Ruheru Health Center,RHRHC,78,RWF,Rwanda,0,,,,,,,,,,,,,,,Standard Template,,Standard,,{},0.0,0.0,,,0.0,{},,Cash - RHRHC,Debtors - RHRHC,Round Off - RHRHC,Main - RHRHC,Write Off - RHRHC,Exchange Gain/Loss - RHRHC,,,0,Creditors - RHRHC,Cost of Goods Sold - RHRHC,Sales - RHRHC,,,,,Main - RHRHC,,1,0,Stock In Hand - RHRHC,Stock Adjustment - RHRHC,,Stock Received But Not Billed - RHRHC,,Accumulated Depreciation - RHRHC,Depreciation - RHRHC,,Gain/Loss on Asset Disposal - RHRHC,Main - RHRHC,CWIP Account - RHRHC,Asset Received But Not Billed - RHRHC,0,Daily,0,,,257,258,,,,,,Nyaruguru,HC
Ruhuha Health Center,2025-01-22 10:14:32.454897,2026-04-21 14:23:33.171426,yamuragiyelouise66@gmail.com,info@spiderbit.rw,0,6,Ruhuha Health Center,RHHC,0458,RWF,Rwanda,0,,,,,,,,,,,,,,,Standard Template,,Standard,,{},0.0,85814.928,,,0.0,"{""1740096000.0"": 2, ""1740528000.0"": 1, ""1740700800.0"": 1, ""1740873600.0"": 4, ""1741132800.0"": 1, ""1741651200.0"": 1, ""1741824000.0"": 7, ""1742083200.0"": 5, ""1742515200.0"": 1, ""1743465600.0"": 1, ""1747958400.0"": 4, ""1748044800.0"": 55, ""1748131200.0"": 19, ""1757980800.0"": 1, ""1762300800.0"": 5, ""1767744000.0"": 5, ""1767830400.0"": 2, ""1768262400.0"": 2, ""1768348800.0"": 1, ""1768435200.0"": 4, ""1768694400.0"": 2, ""1768780800.0"": 11, ""1768867200.0"": 3, ""1769040000.0"": 16, ""1769126400.0"": 17, ""1769299200.0"": 2, ""1769385600.0"": 1, ""1769472000.0"": 7, ""1769558400.0"": 8, ""1769644800.0"": 1, ""1769731200.0"": 1, ""1769904000.0"": 5, ""1770076800.0"": 2, ""1770336000.0"": 5, ""1770768000.0"": 1, ""1770854400.0"": 3, ""1770940800.0"": 5, ""1771200000.0"": 3, ""1771286400.0"": 6, ""1771372800.0"": 3}",,Cash - RHHC,Debtors - RHHC,Round Off - RHHC,Main - RHHC,Write Off - RHHC,Exchange Gain/Loss - RHHC,,,0,Creditors - RHHC,Cost of Goods Sold - RHHC,Sales - RHHC,,,,,Main - RHHC,,1,0,Stock In Hand - RHHC,Stock Adjustment - RHHC,,Stock Received But Not Billed - RHHC,,Accumulated Depreciation - RHHC,Depreciation - RHHC,,Gain/Loss on Asset Disposal - RHHC,Main - RHHC,CWIP Account - RHHC,Asset Received But Not Billed - RHHC,0,Daily,0,,,115,116,,,,,,Bugesera,HC
RUHUNDA HC,2025-03-31 16:04:11.379971,2026-04-28 15:51:07.445769,kagajuepiphanie@gmail.com,mugipascal@gmail.com,0,2,RUHUNDA HC,RUHHC,0363,RWF,Rwanda,0,,,,,,,,,,,,,,,Standard Template,,Standard,,{},0.0,11519845.756,,,0.0,"{""1744761600.0"": 1, ""1744848000.0"": 2, ""1745625600.0"": 1, ""1745971200.0"": 1, ""1747958400.0"": 10, ""1748044800.0"": 35, ""1748131200.0"": 15, ""1753056000.0"": 2, ""1757548800.0"": 10, ""1757635200.0"": 78, ""1757721600.0"": 34, ""1757808000.0"": 41, ""1757894400.0"": 66, ""1757980800.0"": 92, ""1758067200.0"": 56, ""1758153600.0"": 75, ""1758240000.0"": 83, ""1758326400.0"": 28, ""1758412800.0"": 29, ""1758499200.0"": 70, ""1758585600.0"": 87, ""1758672000.0"": 57, ""1758758400.0"": 64, ""1758844800.0"": 63, ""1758931200.0"": 37, ""1759017600.0"": 42, ""1759104000.0"": 51, ""1759190400.0"": 74, ""1759276800.0"": 43, ""1759363200.0"": 75, ""1759449600.0"": 72, ""1759536000.0"": 43, ""1759622400.0"": 27, ""1759708800.0"": 56, ""1759795200.0"": 27, ""1759881600.0"": 37, ""1759968000.0"": 68, ""1760054400.0"": 66, ""1760140800.0"": 36, ""1760227200.0"": 32, ""1760313600.0"": 82, ""1760400000.0"": 73, ""1760486400.0"": 61, ""1760572800.0"": 71, ""1760659200.0"": 59, ""1760745600.0"": 24, ""1760832000.0"": 39, ""1760918400.0"": 59, ""1761004800.0"": 109, ""1761091200.0"": 35, ""1761177600.0"": 58, ""1761264000.0"": 67, ""1761350400.0"": 44, ""1761436800.0"": 33, ""1761523200.0"": 65, ""1761609600.0"": 65, ""1761696000.0"": 46, ""1761782400.0"": 66, ""1761868800.0"": 47, ""1761955200.0"": 38, ""1762041600.0"": 38, ""1762128000.0"": 76, ""1762214400.0"": 89, ""1762300800.0"": 64, ""1762387200.0"": 61, ""1762473600.0"": 45, ""1762646400.0"": 1, ""1762732800.0"": 75, ""1762819200.0"": 88, ""1762905600.0"": 53, ""1762992000.0"": 86, ""1763078400.0"": 84, ""1763164800.0"": 35, ""1763251200.0"": 34, ""1763337600.0"": 60, ""1763424000.0"": 113, ""1763510400.0"": 72, ""1763596800.0"": 3, ""1764288000.0"": 1, ""1764806400.0"": 4, ""1764892800.0"": 3, ""1765497600.0"": 3, ""1765843200.0"": 4, ""1765929600.0"": 2, ""1766102400.0"": 3, ""1766534400.0"": 3, ""1766620800.0"": 3, ""1766793600.0"": 1, ""1767744000.0"": 4, ""1768003200.0"": 2, ""1768176000.0"": 1, ""1768348800.0"": 3, ""1768435200.0"": 1, ""1768521600.0"": 2, ""1768780800.0"": 3, ""1768953600.0"": 3, ""1769040000.0"": 5, ""1769558400.0"": 6, ""1769644800.0"": 1, ""1769731200.0"": 3, ""1769817600.0"": 4, ""1769904000.0"": 1, ""1769990400.0"": 2, ""1770076800.0"": 3, ""1770249600.0"": 1, ""1770336000.0"": 5, ""1770422400.0"": 1, ""1770508800.0"": 2, ""1770595200.0"": 3, ""1770681600.0"": 2, ""1770854400.0"": 2, ""1770940800.0"": 1, ""1771027200.0"": 1, ""1771286400.0"": 2, ""1771372800.0"": 5}",,Cash - RUHHC,Debtors - RUHHC,Round Off - RUHHC,Main - RUHHC,Write Off - RUHHC,Exchange Gain/Loss - RUHHC,,,0,Creditors - RUHHC,Cost of Goods Sold - RUHHC,Sales - RUHHC,,,,,Main - RUHHC,,1,0,Stock In Hand - RUHHC,Stock Adjustment - RUHHC,,Stock Received But Not Billed - RUHHC,,Accumulated Depreciation - RUHHC,Depreciation - RUHHC,,Gain/Loss on Asset Disposal - RUHHC,Main - RUHHC,CWIP Account - RUHHC,Asset Received But Not Billed - RUHHC,0,Daily,0,,,153,154,,,,,,Rwamagana,HC
Rukara Health Center,2025-04-24 21:33:20.360024,2026-02-18 17:26:53.354809,Administrator,florentin.ndabarasa@moh.gov.rw,0,0,Rukara Health Center,RKRAHC,0413,RWF,Rwanda,0,,,,,,,,,,,,,,,Standard Template,,Standard,,{},0.0,0.0,,,0.0,{},,Cash - RKRAHC,Debtors - RKRAHC,Round Off - RKRAHC,Main - RKRAHC,Write Off - RKRAHC,Exchange Gain/Loss - RKRAHC,,,0,Creditors - RKRAHC,Cost of Goods Sold - RKRAHC,Sales - RKRAHC,,,,,Main - RKRAHC,,1,0,Stock In Hand - RKRAHC,Stock Adjustment - RKRAHC,,Stock Received But Not Billed - RKRAHC,,Accumulated Depreciation - RKRAHC,Depreciation - RKRAHC,,Gain/Loss on Asset Disposal - RKRAHC,Main - RKRAHC,CWIP Account - RKRAHC,Asset Received But Not Billed - RKRAHC,0,Daily,0,,,251,252,,,,,,Kayonza,HC
Rukira Health Center,2025-04-21 23:47:04.142849,2026-02-18 17:26:53.327042,Administrator,florentin.ndabarasa@moh.gov.rw,0,0,Rukira Health Center,RKRHC,0441,RWF,Rwanda,0,,,,,,,,,,,,,,,Standard Template,,Standard,,{},0.0,0.0,,,0.0,{},,Cash - RKRHC,Debtors - RKRHC,Round Off - RKRHC,Main - RKRHC,Write Off - RKRHC,Exchange Gain/Loss - RKRHC,,,0,Creditors - RKRHC,Cost of Goods Sold - RKRHC,Sales - RKRHC,,,,,Main - RKRHC,,1,0,Stock In Hand - RKRHC,Stock Adjustment - RKRHC,,Stock Received But Not Billed - RKRHC,,Accumulated Depreciation - RKRHC,Depreciation - RKRHC,,Gain/Loss on Asset Disposal - RKRHC,Main - RKRHC,CWIP Account - RKRHC,Asset Received But Not Billed - RKRHC,0,Daily,0,,,225,226,,,,,,Ngoma,HC
Rukoma Sake Health Center,2025-04-21 23:38:01.963285,2026-02-18 17:26:53.319197,Administrator,florentin.ndabarasa@moh.gov.rw,0,0,Rukoma Sake Health Center,RKMSKHC,0442,RWF,Rwanda,0,,,,,,,,,,,,,,,Standard Template,,Standard,,{},0.0,0.0,,,0.0,{},,Cash - RKMSKHC,Debtors - RKMSKHC,Round Off - RKMSKHC,Main - RKMSKHC,Write Off - RKMSKHC,Exchange Gain/Loss - RKMSKHC,,,0,Creditors - RKMSKHC,Cost of Goods Sold - RKMSKHC,Sales - RKMSKHC,,,,,Main - RKMSKHC,,1,0,Stock In Hand - RKMSKHC,Stock Adjustment - RKMSKHC,,Stock Received But Not Billed - RKMSKHC,,Accumulated Depreciation - RKMSKHC,Depreciation - RKMSKHC,,Gain/Loss on Asset Disposal - RKMSKHC,Main - RKMSKHC,CWIP Account - RKMSKHC,Asset Received But Not Billed - RKMSKHC,0,Daily,0,,,223,224,,,,,,Ngoma,HC
Rukomo Health Center,2025-05-15 19:51:25.885891,2026-04-28 17:26:03.491718,dusabimanaesp@gmail.com,info@spiderbit.rw,0,27,Rukomo Health Center,RKMHC,0382,RWF,Rwanda,0,,,,,,,,,,,,,,,Standard Template,,Standard,,{},0.0,12258431.508,,,0.0,"{""1747785600.0"": 2, ""1750377600.0"": 1, ""1750982400.0"": 1, ""1751068800.0"": 1, ""1751241600.0"": 2, ""1752019200.0"": 1, ""1752537600.0"": 1, ""1753315200.0"": 1, ""1754179200.0"": 4, ""1754870400.0"": 5, ""1755475200.0"": 2, ""1755734400.0"": 2, ""1756598400.0"": 1, ""1757462400.0"": 1, ""1757548800.0"": 1, ""1757980800.0"": 1, ""1758067200.0"": 2, ""1758153600.0"": 6, ""1758240000.0"": 14, ""1758326400.0"": 2, ""1758499200.0"": 3, ""1758672000.0"": 6, ""1758758400.0"": 1, ""1758844800.0"": 33, ""1758931200.0"": 6, ""1759017600.0"": 7, ""1759104000.0"": 8, ""1759190400.0"": 3, ""1759276800.0"": 3, ""1759363200.0"": 65, ""1759449600.0"": 21, ""1759536000.0"": 10, ""1759708800.0"": 2, ""1759795200.0"": 3, ""1759881600.0"": 2, ""1759968000.0"": 5, ""1760054400.0"": 1, ""1760140800.0"": 2, ""1760227200.0"": 4, ""1760313600.0"": 4, ""1760400000.0"": 3, ""1760486400.0"": 7, ""1760572800.0"": 7, ""1760659200.0"": 4, ""1760745600.0"": 4, ""1760832000.0"": 11, ""1760918400.0"": 26, ""1761004800.0"": 107, ""1761091200.0"": 115, ""1761177600.0"": 76, ""1761264000.0"": 96, ""1761350400.0"": 64, ""1761436800.0"": 56, ""1761523200.0"": 110, ""1761609600.0"": 71, ""1761696000.0"": 93, ""1761782400.0"": 111, ""1761868800.0"": 40, ""1761955200.0"": 25, ""1762041600.0"": 52, ""1762128000.0"": 81, ""1762214400.0"": 58, ""1762300800.0"": 113, ""1762387200.0"": 100, ""1762473600.0"": 61, ""1762560000.0"": 52, ""1762646400.0"": 48, ""1762732800.0"": 194, ""1762819200.0"": 255, ""1762905600.0"": 192, ""1762992000.0"": 253, ""1763078400.0"": 323, ""1763164800.0"": 1, ""1763251200.0"": 128, ""1763337600.0"": 348, ""1763424000.0"": 96, ""1763510400.0"": 269, ""1763596800.0"": 278, ""1763683200.0"": 254, ""1763769600.0"": 151, ""1763856000.0"": 113, ""1763942400.0"": 299, ""1764028800.0"": 137, ""1764115200.0"": 144, ""1764201600.0"": 261, ""1764288000.0"": 265, ""1764374400.0"": 154, ""1764460800.0"": 138, ""1764547200.0"": 342, ""1764633600.0"": 262, ""1764720000.0"": 236, ""1764806400.0"": 3, ""1764892800.0"": 203, ""1764979200.0"": 79, ""1765065600.0"": 163, ""1765152000.0"": 308, ""1765238400.0"": 209, ""1765324800.0"": 103, ""1765411200.0"": 219, ""1765497600.0"": 189, ""1765584000.0"": 94, ""1765670400.0"": 113, ""1765756800.0"": 154, ""1765843200.0"": 180, ""1765929600.0"": 331, ""1766016000.0"": 238, ""1766102400.0"": 320, ""1766188800.0"": 103, ""1766275200.0"": 144, ""1766361600.0"": 306, ""1766448000.0"": 333, ""1766534400.0"": 271, ""1766620800.0"": 105, ""1766707200.0"": 173, ""1766793600.0"": 135, ""1766880000.0"": 138, ""1766966400.0"": 242, ""1767052800.0"": 241, ""1767139200.0"": 289, ""1767225600.0"": 160, ""1767312000.0"": 171, ""1767398400.0"": 162, ""1767484800.0"": 168, ""1767571200.0"": 172, ""1767657600.0"": 180, ""1767744000.0"": 82, ""1767830400.0"": 57, ""1767916800.0"": 49, ""1768003200.0"": 61, ""1768089600.0"": 75, ""1768176000.0"": 18, ""1768262400.0"": 152, ""1768348800.0"": 272, ""1768435200.0"": 284, ""1768521600.0"": 88, ""1768608000.0"": 86, ""1768694400.0"": 22, ""1768780800.0"": 334, ""1768867200.0"": 262, ""1768953600.0"": 198, ""1769040000.0"": 353, ""1769126400.0"": 271, ""1769212800.0"": 162, ""1769299200.0"": 194, ""1769385600.0"": 95, ""1769472000.0"": 234, ""1769558400.0"": 245, ""1769644800.0"": 274, ""1769731200.0"": 305, ""1769817600.0"": 142, ""1769904000.0"": 138, ""1769990400.0"": 234, ""1770076800.0"": 216, ""1770163200.0"": 106, ""1770249600.0"": 98, ""1770336000.0"": 225, ""1770422400.0"": 105, ""1770508800.0"": 90, ""1770595200.0"": 198, ""1770681600.0"": 173, ""1770768000.0"": 100, ""1770854400.0"": 168, ""1770940800.0"": 99, ""1771027200.0"": 109, ""1771113600.0"": 150, ""1771200000.0"": 174, ""1771286400.0"": 226, ""1771372800.0"": 203}",,Cash - RKMHC,Debtors - RKMHC,Round Off - RKMHC,Main - RKMHC,Write Off - RKMHC,Exchange Gain/Loss - RKMHC,,,0,Creditors - RKMHC,Cost of Goods Sold - RKMHC,Sales - RKMHC,,,,,Main - RKMHC,,1,0,Stock In Hand - RKMHC,Stock Adjustment - RKMHC,,Stock Received But Not Billed - RKMHC,,Accumulated Depreciation - RKMHC,Depreciation - RKMHC,,Gain/Loss on Asset Disposal - RKMHC,Main - RKMHC,CWIP Account - RKMHC,Asset Received But Not Billed - RKMHC,0,Daily,0,,,351,352,,,,,,Nyagatare,HC
Rukozo Health Center,2024-09-30 15:28:14.563224,2026-04-28 09:09:45.661739,havugimanacyriaque@gmail.com,rukundojoe30@gmail.com,0,1396,Rukozo Health Center,RUHC,0279,RWF,Rwanda,0,,,,,,,,,,,,,,,Standard Template,,Standard,,{},0.0,1024963.239,,,0.0,"{""1739923200.0"": 35, ""1740009600.0"": 15, ""1740182400.0"": 4, ""1740268800.0"": 9, ""1740355200.0"": 16, ""1740441600.0"": 24, ""1740528000.0"": 9, ""1740700800.0"": 7, ""1740873600.0"": 5, ""1740960000.0"": 12, ""1741046400.0"": 7, ""1741132800.0"": 10, ""1741219200.0"": 11, ""1741305600.0"": 20, ""1741564800.0"": 1, ""1741651200.0"": 13, ""1741824000.0"": 10, ""1741910400.0"": 22, ""1741996800.0"": 7, ""1742083200.0"": 8, ""1742169600.0"": 4, ""1742342400.0"": 1, ""1742601600.0"": 18, ""1742688000.0"": 3, ""1742860800.0"": 1, ""1743033600.0"": 2, ""1743120000.0"": 3, ""1743465600.0"": 4, ""1743984000.0"": 8, ""1744329600.0"": 6, ""1744588800.0"": 25, ""1744675200.0"": 4, ""1744761600.0"": 4, ""1745539200.0"": 6, ""1745625600.0"": 15, ""1745712000.0"": 3, ""1745884800.0"": 9, ""1745971200.0"": 2, ""1746576000.0"": 5, ""1746748800.0"": 25, ""1746835200.0"": 15, ""1746921600.0"": 25, ""1747008000.0"": 22, ""1747180800.0"": 1, ""1747785600.0"": 1, ""1747958400.0"": 10, ""1748044800.0"": 44, ""1748131200.0"": 33, ""1748390400.0"": 32, ""1748476800.0"": 16, ""1748563200.0"": 3, ""1748649600.0"": 7, ""1748736000.0"": 2, ""1748822400.0"": 4, ""1748995200.0"": 1, ""1749168000.0"": 1, ""1750118400.0"": 3, ""1750204800.0"": 7, ""1750291200.0"": 2, ""1750377600.0"": 35, ""1750636800.0"": 1, ""1750723200.0"": 4, ""1750896000.0"": 3, ""1751068800.0"": 1, ""1751328000.0"": 1, ""1751673600.0"": 19, ""1751760000.0"": 25, ""1751846400.0"": 4, ""1752105600.0"": 4, ""1752192000.0"": 8, ""1752537600.0"": 1, ""1752624000.0"": 27, ""1752710400.0"": 48, ""1752796800.0"": 32, ""1753056000.0"": 27, ""1753142400.0"": 104, ""1753228800.0"": 51, ""1753315200.0"": 62, ""1753401600.0"": 30, ""1753574400.0"": 2, ""1753660800.0"": 34, ""1753747200.0"": 14, ""1753833600.0"": 52, ""1753920000.0"": 8, ""1754006400.0"": 11, ""1754524800.0"": 5, ""1754611200.0"": 3, ""1756252800.0"": 3, ""1756339200.0"": 2, ""1756857600.0"": 6, ""1756944000.0"": 4, ""1757116800.0"": 6, ""1758067200.0"": 1, ""1758153600.0"": 4, ""1758240000.0"": 20, ""1758499200.0"": 26, ""1758585600.0"": 37, ""1758672000.0"": 18, ""1758758400.0"": 1, ""1758844800.0"": 19, ""1758931200.0"": 34, ""1759017600.0"": 19, ""1759104000.0"": 4, ""1759190400.0"": 13, ""1759276800.0"": 2, ""1759449600.0"": 10, ""1759536000.0"": 8, ""1759622400.0"": 24, ""1759881600.0"": 2, ""1760227200.0"": 1, ""1760313600.0"": 46, ""1760400000.0"": 51, ""1760486400.0"": 40, ""1760572800.0"": 11, ""1760659200.0"": 2, ""1760832000.0"": 1, ""1760918400.0"": 5, ""1761091200.0"": 7, ""1761177600.0"": 10, ""1761523200.0"": 1, ""1761609600.0"": 39, ""1761696000.0"": 17, ""1762128000.0"": 8, ""1762214400.0"": 22, ""1762732800.0"": 1, ""1762819200.0"": 7, ""1762992000.0"": 1, ""1763078400.0"": 1, ""1763164800.0"": 3, ""1763337600.0"": 44, ""1763510400.0"": 16, ""1763596800.0"": 30, ""1763683200.0"": 30, ""1764288000.0"": 16, ""1764547200.0"": 5, ""1764633600.0"": 23, ""1764720000.0"": 3, ""1764806400.0"": 32, ""1764892800.0"": 28, ""1764979200.0"": 38, ""1765065600.0"": 33, ""1765152000.0"": 30, ""1765238400.0"": 52, ""1765324800.0"": 17, ""1765411200.0"": 18, ""1765497600.0"": 18, ""1765584000.0"": 14, ""1765670400.0"": 14, ""1765756800.0"": 40, ""1765843200.0"": 59, ""1765929600.0"": 48, ""1766016000.0"": 39, ""1766102400.0"": 25, ""1766188800.0"": 5, ""1766275200.0"": 35, ""1766361600.0"": 23, ""1766448000.0"": 36, ""1766534400.0"": 10, ""1766620800.0"": 26, ""1766707200.0"": 35, ""1766793600.0"": 32, ""1766880000.0"": 31, ""1766966400.0"": 30, ""1767052800.0"": 32, ""1767139200.0"": 27, ""1767225600.0"": 19, ""1767312000.0"": 26, ""1767398400.0"": 33, ""1767484800.0"": 32, ""1767571200.0"": 31, ""1767657600.0"": 49, ""1767744000.0"": 36, ""1767830400.0"": 41, ""1767916800.0"": 26, ""1768003200.0"": 32, ""1768089600.0"": 13, ""1768176000.0"": 11, ""1768262400.0"": 30, ""1768348800.0"": 27, ""1768435200.0"": 20, ""1768694400.0"": 2, ""1768780800.0"": 21, ""1768867200.0"": 15, ""1768953600.0"": 14, ""1769040000.0"": 41, ""1769126400.0"": 29, ""1769299200.0"": 1, ""1769385600.0"": 8, ""1769472000.0"": 43, ""1769644800.0"": 14, ""1769990400.0"": 1, ""1770076800.0"": 26, ""1770249600.0"": 4, ""1770336000.0"": 14, ""1770422400.0"": 16, ""1770508800.0"": 8, ""1770595200.0"": 28, ""1770681600.0"": 46, ""1770768000.0"": 9, ""1770854400.0"": 16, ""1770940800.0"": 15, ""1771200000.0"": 19, ""1771286400.0"": 49, ""1771372800.0"": 32}",,Cash - RUHC,Debtors - RUHC,Round Off - RUHC,Main - RUHC,Write Off - RUHC,Exchange Gain/Loss - RUHC,,,0,Creditors - RUHC,Cost of Goods Sold - RUHC,Sales - RUHC,,,,,Main - RUHC,,1,0,Stock In Hand - RUHC,Stock Adjustment - RUHC,,Stock Received But Not Billed - RUHC,,Accumulated Depreciation - RUHC,Depreciation - RUHC,,Gain/Loss on Asset Disposal - RUHC,Main - RUHC,CWIP Account - RUHC,Asset Received But Not Billed - RUHC,0,Daily,0,,,67,68,,,,,,Rulindo,HC
Rukumberi Health Center,2025-04-16 22:53:54.842464,2026-02-18 17:26:53.589289,Administrator,florentin.ndabarasa@moh.gov.rw,0,0,Rukumberi Health Center,RKBRHC,0443,RWF,Rwanda,0,,,,,,,,,,,,,,,Standard Template,,Standard,,{},0.0,6579.45,,,0.0,"{""1748908800.0"": 3, ""1748995200.0"": 2, ""1749081600.0"": 1, ""1749513600.0"": 1, ""1749772800.0"": 2, ""1750377600.0"": 1, ""1757894400.0"": 1}",,Cash - RKBRHC,Debtors - RKBRHC,Round Off - RKBRHC,Main - RKBRHC,Write Off - RKBRHC,Exchange Gain/Loss - RKBRHC,,,0,Creditors - RKBRHC,Cost of Goods Sold - RKBRHC,Sales - RKBRHC,,,,,Main - RKBRHC,,1,0,Stock In Hand - RKBRHC,Stock Adjustment - RKBRHC,,Stock Received But Not Billed - RKBRHC,,Accumulated Depreciation - RKBRHC,Depreciation - RKBRHC,,Gain/Loss on Asset Disposal - RKBRHC,Main - RKBRHC,CWIP Account - RKBRHC,Asset Received But Not Billed - RKBRHC,0,Daily,0,,,217,218,,,,,,Ngoma,HC
Rukura Health Center,2026-01-16 18:44:48.825024,2026-04-28 19:06:43.349580,nshimiyumuremyitheoneste@yahoo.com,mararashema@gmail.com,0,0,Rukura Health Center,RKURHC,0300,RWF,Rwanda,0,,Kinihira PH,,,,,,,,,,,,,Standard Template,,Standard,,{},0.0,374666.37,,,0.0,"{""1768780800.0"": 71, ""1768867200.0"": 99, ""1768953600.0"": 88, ""1769040000.0"": 67, ""1769126400.0"": 77, ""1769212800.0"": 32, ""1769299200.0"": 37, ""1769385600.0"": 108, ""1769472000.0"": 92, ""1769558400.0"": 71, ""1769644800.0"": 54, ""1769731200.0"": 47, ""1769817600.0"": 31, ""1769904000.0"": 37, ""1769990400.0"": 59, ""1770076800.0"": 60, ""1770163200.0"": 74, ""1770249600.0"": 84, ""1770336000.0"": 46, ""1770422400.0"": 35, ""1770508800.0"": 25, ""1770595200.0"": 73, ""1770681600.0"": 64, ""1770768000.0"": 51, ""1770854400.0"": 68, ""1770940800.0"": 5, ""1771027200.0"": 32, ""1771113600.0"": 32, ""1771200000.0"": 92}",,Cash - RKURHC,Debtors - RKURHC,Round Off - RKURHC,Main - RKURHC,Write Off - RKURHC,Exchange Gain/Loss - RKURHC,,,0,Creditors - RKURHC,Cost of Goods Sold - RKURHC,Sales - RKURHC,,,,,Main - RKURHC,,1,0,Stock In Hand - RKURHC,Stock Adjustment - RKURHC,,Stock Received But Not Billed - RKURHC,,Accumulated Depreciation - RKURHC,Depreciation - RKURHC,,Gain/Loss on Asset Disposal - RKURHC,Main - RKURHC,CWIP Account - RKURHC,Asset Received But Not Billed - RKURHC,0,Daily,0,,,661,662,,,,,,Gakenke,HC
Ruli Health Center,2026-01-16 19:00:01.126548,2026-04-28 17:02:45.864421,anualithebenimana@gmail.com,mararashema@gmail.com,0,0,Ruli Health Center,RLIHC,0301,RWF,Rwanda,0,,Kinihira PH,,,,,,,,,,,,,Standard Template,,Standard,,{},0.0,445007.5,,,0.0,"{""1768780800.0"": 17, ""1768867200.0"": 80, ""1768953600.0"": 97, ""1769040000.0"": 110, ""1769126400.0"": 139, ""1769212800.0"": 45, ""1769299200.0"": 41, ""1769385600.0"": 99, ""1769472000.0"": 142, ""1769558400.0"": 76, ""1769644800.0"": 95, ""1769731200.0"": 132, ""1769817600.0"": 32, ""1769904000.0"": 55, ""1769990400.0"": 66, ""1770076800.0"": 133, ""1770163200.0"": 81, ""1770249600.0"": 91, ""1770336000.0"": 105, ""1770422400.0"": 33, ""1770508800.0"": 49, ""1770595200.0"": 125, ""1770681600.0"": 114, ""1770768000.0"": 80, ""1770854400.0"": 81, ""1770940800.0"": 84, ""1771027200.0"": 55, ""1771113600.0"": 65, ""1771200000.0"": 101, ""1771286400.0"": 128, ""1771372800.0"": 105}",,Cash - RLIHC,Debtors - RLIHC,Round Off - RLIHC,Main - RLIHC,Write Off - RLIHC,Exchange Gain/Loss - RLIHC,,,0,Creditors - RLIHC,Cost of Goods Sold - RLIHC,Sales - RLIHC,,,,,Main - RLIHC,,1,0,Stock In Hand - RLIHC,Stock Adjustment - RLIHC,,Stock Received But Not Billed - RLIHC,,Accumulated Depreciation - RLIHC,Depreciation - RLIHC,,Gain/Loss on Asset Disposal - RLIHC,Main - RLIHC,CWIP Account - RLIHC,Asset Received But Not Billed - RLIHC,0,Daily,0,,,663,664,,,,,,Gakenke,HC
Rulindo Health Center,2024-10-02 12:11:30.397919,2026-04-19 15:01:47.178224,Jeandamouriranyumvira@gmail.com,rukundojoe30@gmail.com,0,44,Rulindo Health Center,RULHC,0280,RWF,Rwanda,0,,,,,,,,,,,,,,,Standard Template,,Standard,,{},0.0,36930.9,,,0.0,"{""1747958400.0"": 2, ""1748044800.0"": 73, ""1748131200.0"": 53, ""1767139200.0"": 56, ""1767312000.0"": 13, ""1767398400.0"": 14, ""1767484800.0"": 34, ""1767657600.0"": 1, ""1767744000.0"": 28, ""1767916800.0"": 1, ""1768348800.0"": 3, ""1768435200.0"": 2, ""1768521600.0"": 1, ""1768694400.0"": 3, ""1769644800.0"": 5, ""1769731200.0"": 3, ""1770336000.0"": 10, ""1770768000.0"": 1, ""1770854400.0"": 2, ""1771372800.0"": 3}",,Cash - RULHC,Debtors - RULHC,Round Off - RULHC,Main - RULHC,Write Off - RULHC,Exchange Gain/Loss - RULHC,,,0,Creditors - RULHC,Cost of Goods Sold - RULHC,Sales - RULHC,,,,,Main - RULHC,,1,0,Stock In Hand - RULHC,Stock Adjustment - RULHC,,Stock Received But Not Billed - RULHC,,Accumulated Depreciation - RULHC,Depreciation - RULHC,,Gain/Loss on Asset Disposal - RULHC,Main - RULHC,CWIP Account - RULHC,Asset Received But Not Billed - RULHC,0,Daily,0,,,85,86,,,,,,Rulindo,HC
Ruramira Health Center,2025-04-26 23:22:28.563138,2026-04-28 12:57:37.589297,bertinbugi@gmail.com,florentin.ndabarasa@moh.gov.rw,0,0,Ruramira Health Center,RURMRHC,0414,RWF,Rwanda,0,,,,,,,,,,,,,,,Standard Template,,Standard,,{},0.0,211328.296,,,0.0,"{""1746057600.0"": 1, ""1746144000.0"": 19, ""1746489600.0"": 1, ""1747440000.0"": 1, ""1748044800.0"": 4, ""1748131200.0"": 6, ""1748390400.0"": 2, ""1750809600.0"": 1, ""1770940800.0"": 2, ""1771027200.0"": 2}",,Cash - RURMRHC,Debtors - RURMRHC,Round Off - RURMRHC,Main - RURMRHC,Write Off - RURMRHC,Exchange Gain/Loss - RURMRHC,,,0,Creditors - RURMRHC,Cost of Goods Sold - RURMRHC,Sales - RURMRHC,,,,,Main - RURMRHC,,1,0,Stock In Hand - RURMRHC,Stock Adjustment - RURMRHC,,Stock Received But Not Billed - RURMRHC,,Accumulated Depreciation - RURMRHC,Depreciation - RURMRHC,,Gain/Loss on Asset Disposal - RURMRHC,Main - RURMRHC,CWIP Account - RURMRHC,Asset Received But Not Billed - RURMRHC,0,Daily,0,,,275,276,,,,,,Kayonza,HC
Rurenge Health Center,2025-05-15 20:42:15.047087,2026-04-28 16:58:00.916192,olivamuka2020@gmail.com,ildephonse90@yahoo.com,0,0,Rurenge Health Center,RRNGHC,0383,RWF,Rwanda,0,,,,,,,,,,,,,,,Standard Template,,Standard,,{},0.0,323414.98,,,0.0,"{""1747872000.0"": 2, ""1750464000.0"": 1, ""1750550400.0"": 1, ""1750723200.0"": 1, ""1751846400.0"": 1, ""1752278400.0"": 1, ""1753142400.0"": 1, ""1757203200.0"": 1, ""1757980800.0"": 1, ""1758153600.0"": 47, ""1758240000.0"": 9, ""1758326400.0"": 30, ""1758412800.0"": 51, ""1758499200.0"": 80, ""1758585600.0"": 90, ""1758672000.0"": 50, ""1758758400.0"": 66, ""1758844800.0"": 88, ""1758931200.0"": 44, ""1759017600.0"": 18, ""1759104000.0"": 67, ""1759190400.0"": 66, ""1759276800.0"": 43, ""1759363200.0"": 36, ""1759449600.0"": 23, ""1759536000.0"": 32, ""1759622400.0"": 45, ""1759708800.0"": 28, ""1759795200.0"": 13, ""1759881600.0"": 26, ""1759968000.0"": 41, ""1760054400.0"": 6, ""1760140800.0"": 2, ""1760227200.0"": 9, ""1760313600.0"": 2, ""1760400000.0"": 5, ""1760486400.0"": 18, ""1760572800.0"": 11, ""1760659200.0"": 15, ""1760745600.0"": 12, ""1760832000.0"": 4, ""1760918400.0"": 18, ""1761004800.0"": 30, ""1761091200.0"": 10, ""1761177600.0"": 13, ""1761264000.0"": 1, ""1761350400.0"": 48, ""1761436800.0"": 2, ""1761523200.0"": 4, ""1761609600.0"": 5, ""1761696000.0"": 11, ""1761782400.0"": 2, ""1761868800.0"": 5, ""1761955200.0"": 11, ""1762041600.0"": 5, ""1762128000.0"": 46, ""1762214400.0"": 6, ""1762300800.0"": 15, ""1762387200.0"": 4, ""1762473600.0"": 1, ""1762560000.0"": 1, ""1762646400.0"": 2, ""1762732800.0"": 7, ""1762819200.0"": 7, ""1762905600.0"": 14, ""1762992000.0"": 5, ""1763078400.0"": 19, ""1763251200.0"": 7, ""1763337600.0"": 6, ""1763510400.0"": 3, ""1763596800.0"": 2, ""1763683200.0"": 2, ""1763769600.0"": 5, ""1763942400.0"": 1, ""1764028800.0"": 2, ""1764201600.0"": 3, ""1764288000.0"": 4, ""1764547200.0"": 3, ""1764633600.0"": 1, ""1764720000.0"": 1, ""1764806400.0"": 1, ""1764892800.0"": 2, ""1764979200.0"": 3, ""1765065600.0"": 4, ""1765152000.0"": 5, ""1765238400.0"": 1, ""1765324800.0"": 1, ""1765411200.0"": 1, ""1765497600.0"": 1, ""1765584000.0"": 1, ""1765670400.0"": 2, ""1765756800.0"": 2, ""1765843200.0"": 2, ""1765929600.0"": 7, ""1766016000.0"": 5, ""1766188800.0"": 1, ""1766275200.0"": 2, ""1766361600.0"": 7, ""1766448000.0"": 6, ""1766534400.0"": 6, ""1766620800.0"": 3, ""1766707200.0"": 2, ""1766966400.0"": 2, ""1767052800.0"": 64, ""1767139200.0"": 70, ""1767225600.0"": 63, ""1767312000.0"": 48, ""1767398400.0"": 106, ""1767484800.0"": 77, ""1767571200.0"": 73, ""1767657600.0"": 47, ""1767744000.0"": 27, ""1767830400.0"": 17, ""1767916800.0"": 7, ""1768003200.0"": 1, ""1768089600.0"": 3, ""1768176000.0"": 7, ""1768262400.0"": 11, ""1768348800.0"": 3, ""1768435200.0"": 4, ""1768521600.0"": 5, ""1768608000.0"": 2, ""1768694400.0"": 7, ""1768780800.0"": 95, ""1768867200.0"": 45, ""1768953600.0"": 13, ""1769040000.0"": 25, ""1769126400.0"": 28, ""1769212800.0"": 9, ""1769299200.0"": 3, ""1769385600.0"": 4, ""1769472000.0"": 10, ""1769558400.0"": 90, ""1769644800.0"": 157, ""1769731200.0"": 112, ""1769817600.0"": 18, ""1769904000.0"": 8, ""1769990400.0"": 14, ""1770076800.0"": 24, ""1770163200.0"": 15, ""1770249600.0"": 6, ""1770336000.0"": 8, ""1770422400.0"": 4, ""1770508800.0"": 4, ""1770595200.0"": 9, ""1770681600.0"": 2, ""1770768000.0"": 28, ""1770854400.0"": 63, ""1770940800.0"": 62, ""1771027200.0"": 36, ""1771113600.0"": 46, ""1771200000.0"": 65, ""1771286400.0"": 95, ""1771372800.0"": 49}",,Cash - RRNGHC,Debtors - RRNGHC,Round Off - RRNGHC,Main - RRNGHC,Write Off - RRNGHC,Exchange Gain/Loss - RRNGHC,,,0,Creditors - RRNGHC,Cost of Goods Sold - RRNGHC,Sales - RRNGHC,,,,,Main - RRNGHC,,1,0,Stock In Hand - RRNGHC,Stock Adjustment - RRNGHC,,Stock Received But Not Billed - RRNGHC,,Accumulated Depreciation - RRNGHC,Depreciation - RRNGHC,,Gain/Loss on Asset Disposal - RRNGHC,Main - RRNGHC,CWIP Account - RRNGHC,Asset Received But Not Billed - RRNGHC,0,Daily,0,,,363,364,,,,,,Nyagatare,HC
Rushaki Health Center,2025-07-24 00:59:05.254493,2026-04-28 16:33:10.119246,annualithatuyizere@gmail.com,ildephonse90@yahoo.com,0,0,Rushaki Health Center,RUSHHC,0350,RWF,Rwanda,0,,,,,,,,,,,,,,,Standard Template,,Standard,,{},0.0,245664.494,,,0.0,"{""1754092800.0"": 1, ""1754179200.0"": 1, ""1754265600.0"": 7, ""1754352000.0"": 15, ""1754438400.0"": 31, ""1754524800.0"": 26, ""1754611200.0"": 4, ""1754697600.0"": 10, ""1754784000.0"": 14, ""1754870400.0"": 4, ""1754956800.0"": 31, ""1755043200.0"": 28, ""1755129600.0"": 104, ""1755216000.0"": 31, ""1755388800.0"": 12, ""1755475200.0"": 6, ""1755561600.0"": 37, ""1755648000.0"": 8, ""1755734400.0"": 49, ""1755820800.0"": 68, ""1755907200.0"": 26, ""1755993600.0"": 22, ""1756166400.0"": 3, ""1756252800.0"": 1, ""1756339200.0"": 15, ""1756425600.0"": 29, ""1756512000.0"": 40, ""1756598400.0"": 31, ""1756684800.0"": 27, ""1756771200.0"": 42, ""1756857600.0"": 14, ""1756944000.0"": 1, ""1757030400.0"": 1, ""1757116800.0"": 7, ""1757203200.0"": 1, ""1757376000.0"": 5, ""1757548800.0"": 3, ""1757635200.0"": 4, ""1757721600.0"": 1, ""1757808000.0"": 2, ""1757894400.0"": 3, ""1758067200.0"": 1, ""1758153600.0"": 6, ""1758240000.0"": 1, ""1758326400.0"": 13, ""1758412800.0"": 9, ""1758499200.0"": 6, ""1758585600.0"": 1, ""1758758400.0"": 12, ""1758844800.0"": 1, ""1759017600.0"": 7, ""1759104000.0"": 57, ""1759190400.0"": 1, ""1759276800.0"": 1, ""1759363200.0"": 5, ""1759449600.0"": 1, ""1759708800.0"": 6, ""1759795200.0"": 1, ""1759881600.0"": 2, ""1760054400.0"": 4, ""1760140800.0"": 2, ""1760486400.0"": 8, ""1760572800.0"": 1, ""1760745600.0"": 24, ""1760832000.0"": 29, ""1760918400.0"": 24, ""1761004800.0"": 3, ""1761091200.0"": 3, ""1761177600.0"": 22, ""1761264000.0"": 15, ""1761350400.0"": 17, ""1761436800.0"": 19, ""1761523200.0"": 3, ""1761609600.0"": 1, ""1761696000.0"": 5, ""1761782400.0"": 1, ""1761955200.0"": 20, ""1762041600.0"": 7, ""1762128000.0"": 50, ""1762214400.0"": 12, ""1762300800.0"": 10, ""1762387200.0"": 7, ""1762473600.0"": 4, ""1762646400.0"": 2, ""1762732800.0"": 33, ""1762819200.0"": 6, ""1762905600.0"": 66, ""1762992000.0"": 67, ""1763078400.0"": 29, ""1763251200.0"": 12, ""1763337600.0"": 56, ""1763424000.0"": 44, ""1763510400.0"": 41, ""1764115200.0"": 7, ""1764979200.0"": 8, ""1765065600.0"": 12, ""1765152000.0"": 2, ""1765238400.0"": 4, ""1765324800.0"": 1, ""1765497600.0"": 2, ""1765584000.0"": 1, ""1765843200.0"": 4, ""1765929600.0"": 2, ""1766102400.0"": 6, ""1766275200.0"": 4, ""1766534400.0"": 12, ""1766620800.0"": 31, ""1766707200.0"": 96, ""1766793600.0"": 37, ""1766880000.0"": 25, ""1766966400.0"": 72, ""1767052800.0"": 63, ""1767139200.0"": 45, ""1767225600.0"": 27, ""1767312000.0"": 82, ""1767398400.0"": 23, ""1767484800.0"": 19, ""1767571200.0"": 63, ""1767657600.0"": 66, ""1767744000.0"": 51, ""1767830400.0"": 43, ""1767916800.0"": 98, ""1768003200.0"": 41, ""1768089600.0"": 47, ""1768176000.0"": 48, ""1768262400.0"": 58, ""1768348800.0"": 113, ""1768435200.0"": 82, ""1768521600.0"": 55, ""1768608000.0"": 50, ""1768694400.0"": 58, ""1768780800.0"": 83, ""1768867200.0"": 68, ""1768953600.0"": 73, ""1769040000.0"": 68, ""1769126400.0"": 82, ""1769212800.0"": 43, ""1769299200.0"": 14, ""1769385600.0"": 74, ""1769472000.0"": 82, ""1769558400.0"": 149, ""1769644800.0"": 125, ""1769731200.0"": 127, ""1769817600.0"": 58, ""1769904000.0"": 58, ""1769990400.0"": 114, ""1770076800.0"": 60, ""1770163200.0"": 105, ""1770249600.0"": 88, ""1770336000.0"": 105, ""1770422400.0"": 55, ""1770508800.0"": 31, ""1770595200.0"": 103, ""1770681600.0"": 102, ""1770768000.0"": 124, ""1770854400.0"": 105, ""1770940800.0"": 53, ""1771027200.0"": 55, ""1771113600.0"": 45, ""1771200000.0"": 97, ""1771286400.0"": 71, ""1771372800.0"": 23}",,Cash - RUSHHC,Debtors - RUSHHC,Round Off - RUSHHC,Main - RUSHHC,Write Off - RUSHHC,Exchange Gain/Loss - RUSHHC,,,0,Creditors - RUSHHC,Cost of Goods Sold - RUSHHC,Sales - RUSHHC,,,,,Main - RUSHHC,,1,0,Stock In Hand - RUSHHC,Stock Adjustment - RUSHHC,,Stock Received But Not Billed - RUSHHC,,Accumulated Depreciation - RUSHHC,Depreciation - RUSHHC,,Gain/Loss on Asset Disposal - RUSHHC,Main - RUSHHC,CWIP Account - RUSHHC,Asset Received But Not Billed - RUSHHC,0,Daily,0,,,485,486,,,,,,Gicumbi,HC
Rushashi Health Center,2026-01-16 19:11:40.125515,2026-04-24 13:50:11.444197,mukamunezavestine@gmail.com,mararashema@gmail.com,0,0,Rushashi Health Center,RSHSHHC,0303,RWF,Rwanda,0,,Kinihira PH,,,,,,,,,,,,,Standard Template,,Standard,,{},0.0,53400.0,,,0.0,"{""1768780800.0"": 1, ""1769126400.0"": 12, ""1769385600.0"": 1, ""1769731200.0"": 1, ""1770076800.0"": 19, ""1770163200.0"": 1, ""1770422400.0"": 3}",,Cash - RSHSHHC,Debtors - RSHSHHC,Round Off - RSHSHHC,Main - RSHSHHC,Write Off - RSHSHHC,Exchange Gain/Loss - RSHSHHC,,,0,Creditors - RSHSHHC,Cost of Goods Sold - RSHSHHC,Sales - RSHSHHC,,,,,Main - RSHSHHC,,1,0,Stock In Hand - RSHSHHC,Stock Adjustment - RSHSHHC,,Stock Received But Not Billed - RSHSHHC,,Accumulated Depreciation - RSHSHHC,Depreciation - RSHSHHC,,Gain/Loss on Asset Disposal - RSHSHHC,Main - RSHSHHC,CWIP Account - RSHSHHC,Asset Received But Not Billed - RSHSHHC,0,Daily,0,,,665,666,,,,,,Gakenke,HC
Rusoro Health Center,2026-01-16 21:17:41.496179,2026-04-28 16:08:17.442958,bizimanaj391@gmail.com,mararashema@gmail.com,0,0,Rusoro Health Center,RSROHC,0304,RWF,Rwanda,0,,Kinihira PH,,,,,,,,,,,,,Standard Template,,Standard,,{},0.0,223190.037,,,0.0,"{""1768867200.0"": 35, ""1768953600.0"": 24, ""1769040000.0"": 59, ""1769126400.0"": 55, ""1769212800.0"": 47, ""1769299200.0"": 27, ""1769385600.0"": 37, ""1769472000.0"": 62, ""1769558400.0"": 53, ""1769644800.0"": 38, ""1769731200.0"": 44, ""1769817600.0"": 30, ""1769904000.0"": 31, ""1769990400.0"": 39, ""1770076800.0"": 55, ""1770163200.0"": 36, ""1770249600.0"": 85, ""1770336000.0"": 55, ""1770422400.0"": 20, ""1770508800.0"": 23, ""1770595200.0"": 39, ""1770681600.0"": 47, ""1770768000.0"": 24, ""1770854400.0"": 54, ""1770940800.0"": 42, ""1771027200.0"": 13, ""1771113600.0"": 18, ""1771200000.0"": 48, ""1771286400.0"": 40, ""1771372800.0"": 24}",,Cash - RSROHC,Debtors - RSROHC,Round Off - RSROHC,Main - RSROHC,Write Off - RSROHC,Exchange Gain/Loss - RSROHC,,,0,Creditors - RSROHC,Cost of Goods Sold - RSROHC,Sales - RSROHC,,,,,Main - RSROHC,,1,0,Stock In Hand - RSROHC,Stock Adjustment - RSROHC,,Stock Received But Not Billed - RSROHC,,Accumulated Depreciation - RSROHC,Depreciation - RSROHC,,Gain/Loss on Asset Disposal - RSROHC,Main - RSROHC,CWIP Account - RSROHC,Asset Received But Not Billed - RSROHC,0,Daily,0,,,667,668,,,,,,Gakenke,HC
Rusumo  Health Center,2025-07-23 19:23:42.106457,2026-04-28 16:34:49.125878,josianeniyomwungeri@gmail.com,mugipascal@gmail.com,0,1,Rusumo  Health Center,RSMHC,0432,RWF,Rwanda,0,,,,,,,,,,,,,,,Standard Template,,Standard,,{},0.0,36622465.427,,,0.0,"{""1754265600.0"": 47, ""1754352000.0"": 77, ""1754438400.0"": 70, ""1754524800.0"": 39, ""1754784000.0"": 29, ""1755129600.0"": 1, ""1755820800.0"": 5, ""1755993600.0"": 31, ""1756080000.0"": 8, ""1756598400.0"": 31, ""1756944000.0"": 1, ""1759363200.0"": 1, ""1759449600.0"": 1, ""1759795200.0"": 2, ""1759881600.0"": 41, ""1759968000.0"": 11, ""1760054400.0"": 23, ""1760572800.0"": 2, ""1760659200.0"": 4, ""1761091200.0"": 73, ""1764720000.0"": 9, ""1764806400.0"": 1, ""1765843200.0"": 1, ""1765929600.0"": 1, ""1766016000.0"": 26, ""1766448000.0"": 83, ""1766534400.0"": 19, ""1766620800.0"": 32, ""1766793600.0"": 36, ""1766880000.0"": 39, ""1767571200.0"": 32, ""1767657600.0"": 51, ""1767744000.0"": 68, ""1767830400.0"": 101, ""1767916800.0"": 90, ""1768003200.0"": 51, ""1768089600.0"": 71, ""1768176000.0"": 70, ""1768262400.0"": 87, ""1768348800.0"": 127, ""1768435200.0"": 37, ""1768608000.0"": 35, ""1768694400.0"": 51, ""1768867200.0"": 140, ""1768953600.0"": 28, ""1769040000.0"": 41, ""1769126400.0"": 14, ""1769212800.0"": 42, ""1769299200.0"": 57, ""1769385600.0"": 2, ""1769472000.0"": 110, ""1769558400.0"": 3, ""1769644800.0"": 212, ""1769731200.0"": 182, ""1769817600.0"": 71, ""1769904000.0"": 50, ""1769990400.0"": 93, ""1770076800.0"": 133, ""1770163200.0"": 107, ""1770249600.0"": 200, ""1770336000.0"": 157, ""1770422400.0"": 61, ""1770595200.0"": 97, ""1770681600.0"": 138, ""1770768000.0"": 5, ""1770854400.0"": 1, ""1770940800.0"": 113, ""1771027200.0"": 85, ""1771113600.0"": 58, ""1771200000.0"": 37, ""1771286400.0"": 49, ""1771372800.0"": 19}",,Cash - RSMHC,Debtors - RSMHC,Round Off - RSMHC,Main - RSMHC,Write Off - RSMHC,Exchange Gain/Loss - RSMHC,,,0,Creditors - RSMHC,Cost of Goods Sold - RSMHC,Sales - RSMHC,,,,,Main - RSMHC,,1,0,Stock In Hand - RSMHC,Stock Adjustment - RSMHC,,Stock Received But Not Billed - RSMHC,,Accumulated Depreciation - RSMHC,Depreciation - RSMHC,,Gain/Loss on Asset Disposal - RSMHC,Main - RSMHC,CWIP Account - RSMHC,Asset Received But Not Billed - RSMHC,0,Daily,0,,,423,424,,,,,,Kirehe,HC
Rutake Health Center,2026-01-17 18:52:59.256079,2026-04-18 08:50:54.045551,bucyayunguraemm@gmail.com,mararashema@gmail.com,0,0,Rutake Health Center,RTKHC,0305,RWF,Rwanda,0,,Kinihira PH,,,,,,,,,,,,,Standard Template,,Standard,,{},0.0,2000.0,,,0.0,"{""1768953600.0"": 4, ""1769472000.0"": 1, ""1769558400.0"": 3, ""1769644800.0"": 22, ""1769731200.0"": 8, ""1769817600.0"": 22, ""1769904000.0"": 35, ""1769990400.0"": 34, ""1770076800.0"": 14, ""1770163200.0"": 24, ""1770249600.0"": 50, ""1770336000.0"": 3, ""1770422400.0"": 19, ""1770508800.0"": 5, ""1770595200.0"": 35, ""1770681600.0"": 34, ""1770768000.0"": 13, ""1770854400.0"": 43, ""1770940800.0"": 20, ""1771027200.0"": 25, ""1771113600.0"": 18, ""1771200000.0"": 18, ""1771286400.0"": 6, ""1771372800.0"": 22}",,Cash - RTKHC,Debtors - RTKHC,Round Off - RTKHC,Main - RTKHC,Write Off - RTKHC,Exchange Gain/Loss - RTKHC,,,0,Creditors - RTKHC,Cost of Goods Sold - RTKHC,Sales - RTKHC,,,,,Main - RTKHC,,1,0,Stock In Hand - RTKHC,Stock Adjustment - RTKHC,,Stock Received But Not Billed - RTKHC,,Accumulated Depreciation - RTKHC,Depreciation - RTKHC,,Gain/Loss on Asset Disposal - RTKHC,Main - RTKHC,CWIP Account - RTKHC,Asset Received But Not Billed - RTKHC,0,Daily,0,,,669,670,,,,,,Gakenke,HC
Rutare (Gicumbi) Health Center,2025-07-24 01:02:33.007952,2026-02-18 17:26:55.115127,Administrator,ildephonse90@yahoo.com,0,0,Rutare (Gicumbi) Health Center,RTRHC,0351,RWF,Rwanda,0,,,,,,,,,,,,,,,Standard Template,,Standard,,{},0.0,0.0,,,0.0,{},,Cash - RTRHC,Debtors - RTRHC,Round Off - RTRHC,Main - RTRHC,Write Off - RTRHC,Exchange Gain/Loss - RTRHC,,,0,Creditors - RTRHC,Cost of Goods Sold - RTRHC,Sales - RTRHC,,,,,Main - RTRHC,,1,0,Stock In Hand - RTRHC,Stock Adjustment - RTRHC,,Stock Received But Not Billed - RTRHC,,Accumulated Depreciation - RTRHC,Depreciation - RTRHC,,Gain/Loss on Asset Disposal - RTRHC,Main - RTRHC,CWIP Account - RTRHC,Asset Received But Not Billed - RTRHC,0,Daily,0,,,487,488,,,,,,Gicumbi,HC
Rutare Health Center,2025-04-27 23:13:18.545209,2026-02-18 17:26:53.414527,Administrator,florentin.ndabarasa@moh.gov.rw,0,0,Rutare Health Center,RUTRHC,0415,RWF,Rwanda,0,,,,,,,,,,,,,,,Standard Template,,Standard,,{},0.0,10635.0,,,0.0,"{""1745971200.0"": 5, ""1746057600.0"": 27, ""1746144000.0"": 7, ""1746230400.0"": 14, ""1746316800.0"": 7}",,Cash - RUTRHC,Debtors - RUTRHC,Round Off - RUTRHC,Main - RUTRHC,Write Off - RUTRHC,Exchange Gain/Loss - RUTRHC,,,0,Creditors - RUTRHC,Cost of Goods Sold - RUTRHC,Sales - RUTRHC,,,,,Main - RUTRHC,,1,0,Stock In Hand - RUTRHC,Stock Adjustment - RUTRHC,,Stock Received But Not Billed - RUTRHC,,Accumulated Depreciation - RUTRHC,Depreciation - RUTRHC,,Gain/Loss on Asset Disposal - RUTRHC,Main - RUTRHC,CWIP Account - RUTRHC,Asset Received But Not Billed - RUTRHC,0,Daily,0,,,307,308,,,,,,Kayonza,HC
Rutenderi Health Center,2026-01-17 19:15:21.641407,2026-04-21 16:51:51.739213,nizeredo@gmail.com,mararashema@gmail.com,0,0,Rutenderi Health Center,RTNDRHC,0306,RWF,Rwanda,0,,Kinihira PH,,,,,,,,,,,,,Standard Template,,Standard,,{},0.0,10790.0,,,0.0,"{""1768780800.0"": 8, ""1768867200.0"": 20, ""1768953600.0"": 10, ""1769040000.0"": 71, ""1769126400.0"": 60, ""1769212800.0"": 1, ""1769385600.0"": 28, ""1769472000.0"": 63, ""1769558400.0"": 115, ""1769644800.0"": 157, ""1769817600.0"": 2, ""1770076800.0"": 1, ""1770336000.0"": 124, ""1770422400.0"": 59, ""1770595200.0"": 62, ""1770681600.0"": 47, ""1770854400.0"": 1, ""1770940800.0"": 1}",,Cash - RTNDRHC,Debtors - RTNDRHC,Round Off - RTNDRHC,Main - RTNDRHC,Write Off - RTNDRHC,Exchange Gain/Loss - RTNDRHC,,,0,Creditors - RTNDRHC,Cost of Goods Sold - RTNDRHC,Sales - RTNDRHC,,,,,Main - RTNDRHC,,1,0,Stock In Hand - RTNDRHC,Stock Adjustment - RTNDRHC,,Stock Received But Not Billed - RTNDRHC,,Accumulated Depreciation - RTNDRHC,Depreciation - RTNDRHC,,Gain/Loss on Asset Disposal - RTNDRHC,Main - RTNDRHC,CWIP Account - RTNDRHC,Asset Received But Not Billed - RTNDRHC,0,Daily,0,,,671,672,,,,,,Gakenke,HC
Rutobwe Health Center,2025-08-12 16:05:34.820469,2026-04-28 17:13:13.891311,amrijdedieu@gmail.com,ildephonse90@yahoo.com,0,0,Rutobwe Health Center,RTBHC,0140,RWF,Rwanda,0,,,,,,,,,,,,,,,Standard Template,,Standard,,{},0.0,323804.0,,,0.0,"{""1763424000.0"": 4, ""1763510400.0"": 87, ""1763596800.0"": 93, ""1763683200.0"": 57, ""1763769600.0"": 46, ""1763856000.0"": 34, ""1763942400.0"": 78, ""1764028800.0"": 97, ""1764115200.0"": 62, ""1764201600.0"": 74, ""1764288000.0"": 61, ""1764460800.0"": 41, ""1764547200.0"": 87, ""1764633600.0"": 84, ""1764720000.0"": 53, ""1764806400.0"": 62, ""1764892800.0"": 49, ""1764979200.0"": 42, ""1765065600.0"": 24, ""1765152000.0"": 60, ""1765238400.0"": 87, ""1765324800.0"": 71, ""1765411200.0"": 90, ""1765497600.0"": 27, ""1765584000.0"": 33, ""1765670400.0"": 45, ""1765756800.0"": 67, ""1765843200.0"": 105, ""1765929600.0"": 63, ""1766016000.0"": 80, ""1766102400.0"": 49, ""1766188800.0"": 35, ""1766275200.0"": 27, ""1766361600.0"": 57, ""1766448000.0"": 77, ""1766534400.0"": 44, ""1766620800.0"": 24, ""1766707200.0"": 56, ""1766793600.0"": 44, ""1766880000.0"": 40, ""1766966400.0"": 56, ""1767052800.0"": 90, ""1767139200.0"": 72, ""1767225600.0"": 34, ""1767312000.0"": 61, ""1767398400.0"": 42, ""1767484800.0"": 36, ""1767571200.0"": 25, ""1767657600.0"": 59, ""1767744000.0"": 82, ""1767830400.0"": 67, ""1767916800.0"": 59, ""1768003200.0"": 52, ""1768089600.0"": 52, ""1768176000.0"": 21, ""1768262400.0"": 118, ""1768348800.0"": 93, ""1768435200.0"": 95, ""1768521600.0"": 12, ""1768608000.0"": 33, ""1768694400.0"": 18, ""1768780800.0"": 85, ""1768867200.0"": 74, ""1768953600.0"": 38, ""1769040000.0"": 50, ""1769126400.0"": 83, ""1769212800.0"": 32, ""1769299200.0"": 38, ""1769385600.0"": 78, ""1769472000.0"": 67, ""1769558400.0"": 61, ""1769644800.0"": 66, ""1769731200.0"": 51, ""1769817600.0"": 38, ""1769904000.0"": 31, ""1769990400.0"": 47, ""1770076800.0"": 47, ""1770163200.0"": 79, ""1770249600.0"": 89, ""1770336000.0"": 62, ""1770422400.0"": 37, ""1770595200.0"": 58, ""1770681600.0"": 36, ""1770768000.0"": 61, ""1770854400.0"": 75, ""1770940800.0"": 6, ""1771027200.0"": 28, ""1771113600.0"": 26, ""1771200000.0"": 47, ""1771286400.0"": 71, ""1771372800.0"": 50}",,Cash - RTBHC,Debtors - RTBHC,Round Off - RTBHC,Main - RTBHC,Write Off - RTBHC,Exchange Gain/Loss - RTBHC,,,0,Creditors - RTBHC,Cost of Goods Sold - RTBHC,Sales - RTBHC,,,,,Main - RTBHC,,1,0,Stock In Hand - RTBHC,Stock Adjustment - RTBHC,,Stock Received But Not Billed - RTBHC,,Accumulated Depreciation - RTBHC,Depreciation - RTBHC,,Gain/Loss on Asset Disposal - RTBHC,Main - RTBHC,CWIP Account - RTBHC,Asset Received But Not Billed - RTBHC,0,Daily,0,,,499,500,,,,,,Muhanga,HC
Rutonde Health Center,2024-09-27 02:14:43.383743,2026-04-09 10:01:08.699649,hirwagustave1@gmail.com,rukundojoe30@gmail.com,0,2,Rutonde Health Center,RHC,0281,RWF,Rwanda,0,,,,,,,,,,,,,,,Standard Template,,Standard,,{},0.0,6141.6,,,0.0,"{""1754438400.0"": 3, ""1767052800.0"": 4, ""1770854400.0"": 1}",,Cash - RHC,Debtors - RHC,Round Off - RHC,Main - RHC,Write Off - RHC,Exchange Gain/Loss - RHC,,,0,Creditors - RHC,Cost of Goods Sold - RHC,Sales - RHC,,,,,Main - RHC,,1,0,Stock In Hand - RHC,Stock Adjustment - RHC,,Stock Received But Not Billed - RHC,,Accumulated Depreciation - RHC,Depreciation - RHC,,Gain/Loss on Asset Disposal - RHC,Main - RHC,CWIP Account - RHC,Asset Received But Not Billed - RHC,0,Daily,0,,,53,54,,,,,,Rulindo,HC
Ruvune Health Center,2025-07-24 01:10:57.615154,2026-04-23 09:30:36.195474,immaculeemutoni12@gmail.com,ildephonse90@yahoo.com,0,414,Ruvune Health Center,RVNHC,1345,RWF,Rwanda,0,,,,,,,,,,,,,,,Standard Template,,Standard,,{},0.0,3817.0,,,0.0,"{""1754438400.0"": 1, ""1756425600.0"": 1, ""1756857600.0"": 1, ""1758931200.0"": 2, ""1759017600.0"": 1, ""1759276800.0"": 1, ""1759968000.0"": 1, ""1761177600.0"": 1, ""1762128000.0"": 1, ""1764892800.0"": 2, ""1765324800.0"": 4, ""1765411200.0"": 1, ""1765756800.0"": 1, ""1765843200.0"": 5, ""1766966400.0"": 7, ""1767052800.0"": 23, ""1767139200.0"": 7, ""1767225600.0"": 13, ""1767398400.0"": 1, ""1767571200.0"": 3, ""1767657600.0"": 5, ""1767744000.0"": 2, ""1767916800.0"": 1, ""1769731200.0"": 5, ""1769817600.0"": 4, ""1769990400.0"": 1, ""1770595200.0"": 9, ""1770768000.0"": 1}",,Cash - RVNHC,Debtors - RVNHC,Round Off - RVNHC,Main - RVNHC,Write Off - RVNHC,Exchange Gain/Loss - RVNHC,,,0,Creditors - RVNHC,Cost of Goods Sold - RVNHC,Sales - RVNHC,,,,,Main - RVNHC,,1,0,Stock In Hand - RVNHC,Stock Adjustment - RVNHC,,Stock Received But Not Billed - RVNHC,,Accumulated Depreciation - RVNHC,Depreciation - RVNHC,,Gain/Loss on Asset Disposal - RVNHC,Main - RVNHC,CWIP Account - RVNHC,Asset Received But Not Billed - RVNHC,0,Daily,0,,,489,490,,,,,,Gicumbi,HC
Ruyenzi Health Center,2025-11-15 16:28:32.755629,2026-04-28 16:04:18.654557,uwimanab200@gmail.com,mararashema@gmail.com,0,0,Ruyenzi Health Center,RYZHC,0052,RWF,Rwanda,0,,,,,,,,,,,,,,,Standard Template,,Standard,,{},0.0,110892.0,,,0.0,"{""1763337600.0"": 12, ""1763424000.0"": 28, ""1763510400.0"": 25, ""1763596800.0"": 45, ""1763683200.0"": 28, ""1763769600.0"": 13, ""1763942400.0"": 27, ""1764028800.0"": 46, ""1764115200.0"": 53, ""1764201600.0"": 37, ""1764288000.0"": 53, ""1764374400.0"": 41, ""1764460800.0"": 31, ""1764547200.0"": 49, ""1764633600.0"": 46, ""1764720000.0"": 54, ""1764806400.0"": 41, ""1764892800.0"": 43, ""1765065600.0"": 16, ""1765152000.0"": 42, ""1765238400.0"": 50, ""1765324800.0"": 46, ""1765411200.0"": 29, ""1765497600.0"": 42, ""1765584000.0"": 37, ""1765670400.0"": 27, ""1765756800.0"": 29, ""1765843200.0"": 58, ""1765929600.0"": 48, ""1766016000.0"": 59, ""1766102400.0"": 45, ""1766188800.0"": 40, ""1766275200.0"": 36, ""1766361600.0"": 29, ""1766448000.0"": 46, ""1766534400.0"": 41, ""1766620800.0"": 14, ""1766707200.0"": 47, ""1766793600.0"": 35, ""1766880000.0"": 36, ""1766966400.0"": 37, ""1767052800.0"": 48, ""1767139200.0"": 38, ""1767225600.0"": 19, ""1767312000.0"": 39, ""1767398400.0"": 48, ""1767484800.0"": 28, ""1767571200.0"": 52, ""1767657600.0"": 69, ""1767744000.0"": 53, ""1767830400.0"": 31, ""1767916800.0"": 45, ""1768003200.0"": 35, ""1768089600.0"": 22, ""1768176000.0"": 34, ""1768262400.0"": 60, ""1768348800.0"": 58, ""1768435200.0"": 35, ""1768521600.0"": 42, ""1768608000.0"": 27, ""1768694400.0"": 8, ""1768780800.0"": 56, ""1768867200.0"": 81, ""1768953600.0"": 51, ""1769040000.0"": 28, ""1769126400.0"": 39, ""1769212800.0"": 37, ""1769299200.0"": 26, ""1769385600.0"": 70, ""1769472000.0"": 66, ""1769558400.0"": 40, ""1769644800.0"": 49, ""1769731200.0"": 42, ""1769817600.0"": 52, ""1769904000.0"": 18, ""1769990400.0"": 48, ""1770163200.0"": 55, ""1770249600.0"": 21, ""1770336000.0"": 49, ""1770422400.0"": 44, ""1770508800.0"": 12, ""1770595200.0"": 69, ""1770681600.0"": 55, ""1770768000.0"": 48, ""1770854400.0"": 36, ""1771027200.0"": 16, ""1771113600.0"": 30, ""1771200000.0"": 44, ""1771286400.0"": 60, ""1771372800.0"": 19}",,Cash - RYZHC,Debtors - RYZHC,Round Off - RYZHC,Main - RYZHC,Write Off - RYZHC,Exchange Gain/Loss - RYZHC,,,0,Creditors - RYZHC,Cost of Goods Sold - RYZHC,Sales - RYZHC,,,,,Main - RYZHC,,1,0,Stock In Hand - RYZHC,Stock Adjustment - RYZHC,,Stock Received But Not Billed - RYZHC,,Accumulated Depreciation - RYZHC,Depreciation - RYZHC,,Gain/Loss on Asset Disposal - RYZHC,Main - RYZHC,CWIP Account - RYZHC,Asset Received But Not Billed - RYZHC,0,Daily,0,,,589,590,,,,,,Nyanza,HC
Rwahi Health Center,2024-09-30 15:28:57.055937,2026-04-22 08:00:44.451158,jeannetuyishime4@gmail.com,rukundojoe30@gmail.com,0,0,Rwahi Health Center,RWHC,0283,RWF,Rwanda,0,,,,,,,,,,,,,,,Standard Template,,Standard,,{},0.0,0.0,,,0.0,"{""1748044800.0"": 14, ""1748131200.0"": 21, ""1770854400.0"": 1}",,Cash - RWHC,Debtors - RWHC,Round Off - RWHC,Main - RWHC,Write Off - RWHC,Exchange Gain/Loss - RWHC,,,0,Creditors - RWHC,Cost of Goods Sold - RWHC,Sales - RWHC,,,,,Main - RWHC,,1,0,Stock In Hand - RWHC,Stock Adjustment - RWHC,,Stock Received But Not Billed - RWHC,,Accumulated Depreciation - RWHC,Depreciation - RWHC,,Gain/Loss on Asset Disposal - RWHC,Main - RWHC,CWIP Account - RWHC,Asset Received But Not Billed - RWHC,0,Daily,0,,,69,70,,,,,,Rulindo,HC
RWAMAGANA HC,2025-03-31 16:14:39.737679,2026-04-28 17:32:28.034118,olivemuhire69@gmail.com,mugipascal@gmail.com,0,856,RWAMAGANA HC,RWAMHC,0364,RWF,Rwanda,0,,,,,,,,,,,,,,,Standard Template,,Standard,,{},0.0,134953.948,,,0.0,"{""1747958400.0"": 7, ""1748044800.0"": 52, ""1748131200.0"": 14}",,Cash - RWAMHC,Debtors - RWAMHC,Round Off - RWAMHC,Main - RWAMHC,Write Off - RWAMHC,Exchange Gain/Loss - RWAMHC,,,0,Creditors - RWAMHC,Cost of Goods Sold - RWAMHC,Sales - RWAMHC,,,,,Main - RWAMHC,,1,0,Stock In Hand - RWAMHC,Stock Adjustment - RWAMHC,,Stock Received But Not Billed - RWAMHC,,Accumulated Depreciation - RWAMHC,Depreciation - RWAMHC,,Gain/Loss on Asset Disposal - RWAMHC,Main - RWAMHC,CWIP Account - RWAMHC,Asset Received But Not Billed - RWAMHC,0,Daily,0,,,155,156,,,,,,Rwamagana,HC
Rwanda Womens Network Health Center,2024-08-08 15:05:00.176846,2026-03-08 09:36:56.710077,mukamanzijeannette97@gmail.com,rukundojoe30@gmail.com,0,0,Rwanda Womens Network Health Center,RWNHC,1229,RWF,Rwanda,0,,,,,,,,,,,,,,,Standard Template,,Standard,,{},0.0,200.0,,,0.0,"{""1748044800.0"": 2, ""1748131200.0"": 8, ""1750377600.0"": 1, ""1753315200.0"": 1, ""1754438400.0"": 1, ""1756080000.0"": 1, ""1758672000.0"": 1, ""1758758400.0"": 2, ""1759190400.0"": 3, ""1759968000.0"": 1, ""1761264000.0"": 2, ""1761782400.0"": 1, ""1762300800.0"": 2, ""1763510400.0"": 12}",,Cash - RWNHC,Debtors - RWNHC,Round Off - RWNHC,Main - RWNHC,Write Off - RWNHC,Exchange Gain/Loss - RWNHC,,,0,Creditors - RWNHC,Cost of Goods Sold - RWNHC,Sales - RWNHC,,,,,Main - RWNHC,,1,0,Stock In Hand - RWNHC,Stock Adjustment - RWNHC,,Stock Received But Not Billed - RWNHC,,Accumulated Depreciation - RWNHC,Depreciation - RWNHC,,Gain/Loss on Asset Disposal - RWNHC,Main - RWNHC,CWIP Account - RWNHC,Asset Received But Not Billed - RWNHC,0,Daily,0,,,47,48,,,,,,Gasabo,HC
Rwankuba Health Center,2026-01-17 19:27:14.231002,2026-03-24 11:58:11.644198,ibikoranezao@gmail.com,mararashema@gmail.com,0,0,Rwankuba Health Center,RWKBHC,0307,RWF,Rwanda,0,,Kinihira PH,,,,,,,,,,,,,Standard Template,,Standard,,{},0.0,1132.297,,,0.0,"{""1768780800.0"": 3, ""1768867200.0"": 3, ""1768953600.0"": 22, ""1769040000.0"": 44, ""1769126400.0"": 27, ""1769385600.0"": 43, ""1769472000.0"": 53, ""1769558400.0"": 29, ""1769731200.0"": 86, ""1769990400.0"": 27, ""1770076800.0"": 70, ""1770163200.0"": 61, ""1770249600.0"": 92, ""1770336000.0"": 87, ""1770508800.0"": 57, ""1770595200.0"": 65, ""1770681600.0"": 42, ""1770768000.0"": 37, ""1770854400.0"": 56, ""1770940800.0"": 80, ""1771027200.0"": 38, ""1771113600.0"": 22, ""1771286400.0"": 79, ""1771372800.0"": 71}",,Cash - RWKBHC,Debtors - RWKBHC,Round Off - RWKBHC,Main - RWKBHC,Write Off - RWKBHC,Exchange Gain/Loss - RWKBHC,,,0,Creditors - RWKBHC,Cost of Goods Sold - RWKBHC,Sales - RWKBHC,,,,,Main - RWKBHC,,1,0,Stock In Hand - RWKBHC,Stock Adjustment - RWKBHC,,Stock Received But Not Billed - RWKBHC,,Accumulated Depreciation - RWKBHC,Depreciation - RWKBHC,,Gain/Loss on Asset Disposal - RWKBHC,Main - RWKBHC,CWIP Account - RWKBHC,Asset Received But Not Billed - RWKBHC,0,Daily,0,,,673,674,,,,,,Gakenke,HC
Rwantonde Health Center,2025-07-23 11:29:49.088883,2026-03-09 18:09:06.208785,mukizajpierre1234@gmail.com,mugipascal@gmail.com,0,0,Rwantonde Health Center,RWNTDHC,1325,RWF,Rwanda,0,,,,,,,,,,,,,,,Standard Template,,Standard,,{},0.0,400.0,,,0.0,"{""1754179200.0"": 2, ""1754438400.0"": 1, ""1754524800.0"": 1, ""1758153600.0"": 2, ""1758585600.0"": 55, ""1758672000.0"": 54, ""1758758400.0"": 20, ""1758931200.0"": 33, ""1759017600.0"": 19, ""1759104000.0"": 17, ""1759190400.0"": 1, ""1759449600.0"": 14, ""1759622400.0"": 1, ""1759708800.0"": 8, ""1759795200.0"": 1}",,Cash - RWNTDHC,Debtors - RWNTDHC,Round Off - RWNTDHC,Main - RWNTDHC,Write Off - RWNTDHC,Exchange Gain/Loss - RWNTDHC,,,0,Creditors - RWNTDHC,Cost of Goods Sold - RWNTDHC,Sales - RWNTDHC,,,,,Main - RWNTDHC,,1,0,Stock In Hand - RWNTDHC,Stock Adjustment - RWNTDHC,,Stock Received But Not Billed - RWNTDHC,,Accumulated Depreciation - RWNTDHC,Depreciation - RWNTDHC,,Gain/Loss on Asset Disposal - RWNTDHC,Main - RWNTDHC,CWIP Account - RWNTDHC,Asset Received But Not Billed - RWNTDHC,0,Daily,0,,,409,410,,,,,,Kirehe,HC
Rwaza Health Center,2025-10-22 16:09:12.261823,2026-03-03 14:24:41.254182,ganzamado6@gmail.com,ildephonse90@yahoo.com,0,0,Rwaza Health Center,RZHC,0318,RWF,Rwanda,0,,,,,,,,,,,,,,,Standard Template,,Standard,,{},0.0,3600.2,,,0.0,"{""1762387200.0"": 5, ""1763078400.0"": 1, ""1764288000.0"": 40, ""1764374400.0"": 18, ""1764547200.0"": 39, ""1764633600.0"": 20, ""1764720000.0"": 5, ""1764806400.0"": 5, ""1764892800.0"": 21, ""1764979200.0"": 12, ""1765065600.0"": 5, ""1765152000.0"": 30, ""1765238400.0"": 12, ""1765756800.0"": 13, ""1765843200.0"": 22, ""1765929600.0"": 41, ""1766016000.0"": 43, ""1766102400.0"": 43, ""1766188800.0"": 16, ""1766275200.0"": 29, ""1766361600.0"": 44, ""1766448000.0"": 59, ""1766534400.0"": 30, ""1766620800.0"": 29, ""1766707200.0"": 41, ""1766793600.0"": 31, ""1766880000.0"": 37, ""1766966400.0"": 55, ""1767052800.0"": 46, ""1767139200.0"": 40, ""1767225600.0"": 28, ""1767312000.0"": 45, ""1767398400.0"": 16, ""1767484800.0"": 36, ""1767571200.0"": 65, ""1767657600.0"": 73, ""1767744000.0"": 33, ""1767830400.0"": 6, ""1767916800.0"": 53, ""1768003200.0"": 31, ""1768089600.0"": 29, ""1768176000.0"": 5, ""1768262400.0"": 16, ""1768348800.0"": 30, ""1768435200.0"": 2, ""1768521600.0"": 18, ""1768608000.0"": 20, ""1768694400.0"": 22, ""1768780800.0"": 1, ""1768867200.0"": 1, ""1768953600.0"": 6, ""1769212800.0"": 12, ""1769299200.0"": 27, ""1769385600.0"": 2, ""1769472000.0"": 2, ""1769817600.0"": 28, ""1769904000.0"": 14, ""1770422400.0"": 4}",,Cash - RZHC,Debtors - RZHC,Round Off - RZHC,Main - RZHC,Write Off - RZHC,Exchange Gain/Loss - RZHC,,,0,Creditors - RZHC,Cost of Goods Sold - RZHC,Sales - RZHC,,,,,Main - RZHC,,1,0,Stock In Hand - RZHC,Stock Adjustment - RZHC,,Stock Received But Not Billed - RZHC,,Accumulated Depreciation - RZHC,Depreciation - RZHC,,Gain/Loss on Asset Disposal - RZHC,Main - RZHC,CWIP Account - RZHC,Asset Received But Not Billed - RZHC,0,Daily,0,,,513,514,,,,,,Musanze,HC
Rwempasha Health Center,2025-05-15 20:52:51.995244,2026-04-28 17:40:59.631288,rurangangaboalexis@gmail.com,ildephonse90@yahoo.com,0,0,Rwempasha Health Center,RWMPSHHC,0384,RWF,Rwanda,0,,,,,,,,,,,,,,,Standard Template,,Standard,,{},0.0,275708.5,,,0.0,"{""1747785600.0"": 1, ""1747872000.0"": 1, ""1747958400.0"": 6, ""1748044800.0"": 38, ""1748131200.0"": 2, ""1748736000.0"": 1, ""1749081600.0"": 1, ""1749168000.0"": 1, ""1751673600.0"": 1, ""1753142400.0"": 1, ""1754265600.0"": 19, ""1754352000.0"": 14, ""1754438400.0"": 8, ""1754524800.0"": 14, ""1754697600.0"": 5, ""1754784000.0"": 22, ""1754870400.0"": 27, ""1754956800.0"": 49, ""1755043200.0"": 66, ""1755129600.0"": 24, ""1755216000.0"": 39, ""1755302400.0"": 23, ""1755388800.0"": 17, ""1755561600.0"": 83, ""1755648000.0"": 14, ""1755734400.0"": 6, ""1755820800.0"": 38, ""1755907200.0"": 28, ""1755993600.0"": 25, ""1756080000.0"": 78, ""1756166400.0"": 67, ""1756252800.0"": 71, ""1756339200.0"": 78, ""1756425600.0"": 49, ""1756512000.0"": 33, ""1756598400.0"": 28, ""1756684800.0"": 65, ""1756771200.0"": 58, ""1756857600.0"": 45, ""1756944000.0"": 67, ""1757030400.0"": 37, ""1757116800.0"": 38, ""1757203200.0"": 22, ""1757289600.0"": 9, ""1757376000.0"": 1, ""1757462400.0"": 57, ""1757548800.0"": 18, ""1757635200.0"": 26, ""1757721600.0"": 26, ""1757808000.0"": 18, ""1757894400.0"": 38, ""1757980800.0"": 44, ""1758067200.0"": 14, ""1758153600.0"": 22, ""1758240000.0"": 20, ""1758326400.0"": 10, ""1758412800.0"": 16, ""1758499200.0"": 57, ""1758585600.0"": 77, ""1758672000.0"": 32, ""1758758400.0"": 33, ""1758844800.0"": 44, ""1758931200.0"": 25, ""1759017600.0"": 38, ""1759104000.0"": 69, ""1759190400.0"": 59, ""1759276800.0"": 45, ""1759363200.0"": 55, ""1759449600.0"": 39, ""1759536000.0"": 23, ""1759708800.0"": 9, ""1759795200.0"": 8, ""1759881600.0"": 16, ""1759968000.0"": 44, ""1760054400.0"": 23, ""1760140800.0"": 31, ""1760227200.0"": 35, ""1760313600.0"": 62, ""1760400000.0"": 62, ""1760486400.0"": 41, ""1760572800.0"": 63, ""1760659200.0"": 21, ""1760745600.0"": 33, ""1760832000.0"": 23, ""1760918400.0"": 70, ""1761004800.0"": 41, ""1761091200.0"": 50, ""1761177600.0"": 49, ""1761264000.0"": 48, ""1761350400.0"": 41, ""1761436800.0"": 7, ""1761523200.0"": 71, ""1761609600.0"": 59, ""1761696000.0"": 65, ""1761782400.0"": 81, ""1761868800.0"": 15, ""1761955200.0"": 17, ""1762041600.0"": 35, ""1762128000.0"": 55, ""1762214400.0"": 52, ""1762300800.0"": 64, ""1762387200.0"": 75, ""1762473600.0"": 32, ""1762560000.0"": 32, ""1762646400.0"": 29, ""1762732800.0"": 76, ""1762819200.0"": 54, ""1762905600.0"": 57, ""1762992000.0"": 92, ""1763078400.0"": 39, ""1763251200.0"": 30, ""1763337600.0"": 95, ""1763424000.0"": 54, ""1763510400.0"": 80, ""1763769600.0"": 17, ""1763856000.0"": 18, ""1763942400.0"": 11, ""1764028800.0"": 1, ""1764115200.0"": 18, ""1764288000.0"": 27, ""1764374400.0"": 28, ""1764460800.0"": 26, ""1764547200.0"": 7, ""1764720000.0"": 1, ""1764806400.0"": 1, ""1764892800.0"": 39, ""1764979200.0"": 44, ""1765065600.0"": 34, ""1765152000.0"": 23, ""1765238400.0"": 22, ""1765324800.0"": 6, ""1765411200.0"": 72, ""1765497600.0"": 37, ""1765584000.0"": 24, ""1765929600.0"": 55, ""1766016000.0"": 93, ""1766102400.0"": 34, ""1766275200.0"": 10, ""1766361600.0"": 38, ""1766448000.0"": 11, ""1766534400.0"": 22, ""1766966400.0"": 35, ""1767052800.0"": 43, ""1767139200.0"": 74, ""1767225600.0"": 31, ""1767312000.0"": 51, ""1767398400.0"": 47, ""1767484800.0"": 32, ""1767571200.0"": 60, ""1767657600.0"": 75, ""1767744000.0"": 68, ""1767830400.0"": 79, ""1767916800.0"": 55, ""1768003200.0"": 30, ""1768089600.0"": 32, ""1768176000.0"": 85, ""1768262400.0"": 74, ""1768348800.0"": 69, ""1768435200.0"": 71, ""1768521600.0"": 7, ""1768608000.0"": 63, ""1768694400.0"": 26, ""1768780800.0"": 95, ""1768867200.0"": 70, ""1768953600.0"": 34, ""1769040000.0"": 18, ""1769126400.0"": 66, ""1769212800.0"": 34, ""1769299200.0"": 39, ""1769385600.0"": 83, ""1769472000.0"": 82, ""1769558400.0"": 59, ""1769644800.0"": 75, ""1769731200.0"": 52, ""1769817600.0"": 36, ""1769904000.0"": 34, ""1769990400.0"": 66, ""1770076800.0"": 65, ""1770163200.0"": 59, ""1770249600.0"": 16, ""1770336000.0"": 49, ""1770422400.0"": 5, ""1770508800.0"": 5, ""1770595200.0"": 65, ""1770681600.0"": 76, ""1770768000.0"": 59, ""1770854400.0"": 64, ""1770940800.0"": 55, ""1771027200.0"": 21, ""1771113600.0"": 29, ""1771200000.0"": 76, ""1771286400.0"": 66, ""1771372800.0"": 51}",,Cash - RWMPSHHC,Debtors - RWMPSHHC,Round Off - RWMPSHHC,Main - RWMPSHHC,Write Off - RWMPSHHC,Exchange Gain/Loss - RWMPSHHC,,,0,Creditors - RWMPSHHC,Cost of Goods Sold - RWMPSHHC,Sales - RWMPSHHC,,,,,Main - RWMPSHHC,,1,0,Stock In Hand - RWMPSHHC,Stock Adjustment - RWMPSHHC,,Stock Received But Not Billed - RWMPSHHC,,Accumulated Depreciation - RWMPSHHC,Depreciation - RWMPSHHC,,Gain/Loss on Asset Disposal - RWMPSHHC,Main - RWMPSHHC,CWIP Account - RWMPSHHC,Asset Received But Not Billed - RWMPSHHC,0,Daily,0,,,369,370,,,,,,Nyagatare,HC
Rwesero Health Center,2025-07-24 01:16:49.430396,2026-02-18 17:26:55.035266,Administrator,ildephonse90@yahoo.com,0,0,Rwesero Health Center,RWSRHC,0352,RWF,Rwanda,0,,,,,,,,,,,,,,,Standard Template,,Standard,,{},0.0,20.0,,,0.0,"{""1754438400.0"": 1, ""1754611200.0"": 6, ""1755043200.0"": 1, ""1755820800.0"": 3, ""1756252800.0"": 13, ""1756339200.0"": 41, ""1756425600.0"": 41, ""1756512000.0"": 1, ""1756598400.0"": 13, ""1756684800.0"": 45, ""1756771200.0"": 15, ""1756857600.0"": 10, ""1756944000.0"": 1, ""1757116800.0"": 16, ""1757203200.0"": 5, ""1757289600.0"": 1, ""1758153600.0"": 2, ""1758240000.0"": 3, ""1758326400.0"": 1, ""1758412800.0"": 1, ""1758499200.0"": 1, ""1762905600.0"": 6, ""1763078400.0"": 1, ""1764201600.0"": 2, ""1765843200.0"": 1, ""1765929600.0"": 4, ""1768435200.0"": 1}",,Cash - RWSRHC,Debtors - RWSRHC,Round Off - RWSRHC,Main - RWSRHC,Write Off - RWSRHC,Exchange Gain/Loss - RWSRHC,,,0,Creditors - RWSRHC,Cost of Goods Sold - RWSRHC,Sales - RWSRHC,,,,,Main - RWSRHC,,1,0,Stock In Hand - RWSRHC,Stock Adjustment - RWSRHC,,Stock Received But Not Billed - RWSRHC,,Accumulated Depreciation - RWSRHC,Depreciation - RWSRHC,,Gain/Loss on Asset Disposal - RWSRHC,Main - RWSRHC,CWIP Account - RWSRHC,Asset Received But Not Billed - RWSRHC,0,Daily,0,,,491,492,,,,,,Gicumbi,HC
Rwimbogo Health Center,2025-04-27 00:47:27.059635,2026-03-25 16:58:34.495530,nteziryayotheobard19@gmail.com,florentin.ndabarasa@moh.gov.rw,0,0,Rwimbogo Health Center,RWBGHC,0402,RWF,Rwanda,0,,,,,,,,,,,,,,,Standard Template,,Standard,,{},0.0,0.0,,,0.0,"{""1747267200.0"": 2, ""1748131200.0"": 14, ""1765324800.0"": 1}",,Cash - RWBGHC,Debtors - RWBGHC,Round Off - RWBGHC,Main - RWBGHC,Write Off - RWBGHC,Exchange Gain/Loss - RWBGHC,,,0,Creditors - RWBGHC,Cost of Goods Sold - RWBGHC,Sales - RWBGHC,,,,,Main - RWBGHC,,1,0,Stock In Hand - RWBGHC,Stock Adjustment - RWBGHC,,Stock Received But Not Billed - RWBGHC,,Accumulated Depreciation - RWBGHC,Depreciation - RWBGHC,,Gain/Loss on Asset Disposal - RWBGHC,Main - RWBGHC,CWIP Account - RWBGHC,Asset Received But Not Billed - RWBGHC,0,Daily,0,,,299,300,,,,,,Gatsibo,HC
Rwimitereri Health Center,2025-04-27 00:29:05.197537,2026-04-28 15:50:09.079799,hakuzimanajeanbosco@gmail.com,florentin.ndabarasa@moh.gov.rw,0,0,Rwimitereri Health Center,RWMTRHC,0403,RWF,Rwanda,0,,,,,,,,,,,,,,,Standard Template,,Standard,,{},0.0,8047647.82,,,0.0,"{""1748044800.0"": 16, ""1751328000.0"": 1, ""1751932800.0"": 19, ""1752019200.0"": 14, ""1752105600.0"": 58, ""1752192000.0"": 30, ""1752278400.0"": 38, ""1752364800.0"": 32, ""1752451200.0"": 52, ""1752537600.0"": 95, ""1752624000.0"": 53, ""1752710400.0"": 22, ""1752796800.0"": 32, ""1752883200.0"": 21, ""1752969600.0"": 19, ""1753056000.0"": 63, ""1753142400.0"": 79, ""1753228800.0"": 49, ""1753315200.0"": 51, ""1753401600.0"": 49, ""1753488000.0"": 41, ""1753574400.0"": 23, ""1753660800.0"": 37, ""1753747200.0"": 37, ""1753833600.0"": 8, ""1754006400.0"": 1, ""1754092800.0"": 24, ""1754179200.0"": 23, ""1754265600.0"": 38, ""1754352000.0"": 55, ""1754438400.0"": 52, ""1754524800.0"": 64, ""1754611200.0"": 4, ""1754697600.0"": 1, ""1754784000.0"": 13, ""1754870400.0"": 8, ""1755043200.0"": 6, ""1755129600.0"": 36, ""1755216000.0"": 36, ""1756944000.0"": 1, ""1757548800.0"": 1, ""1757894400.0"": 1, ""1758412800.0"": 1, ""1759104000.0"": 8, ""1759363200.0"": 1, ""1759449600.0"": 1, ""1759795200.0"": 1, ""1759881600.0"": 26, ""1759968000.0"": 28, ""1760054400.0"": 4, ""1760313600.0"": 12, ""1760400000.0"": 56, ""1760486400.0"": 36, ""1760572800.0"": 20, ""1760659200.0"": 35, ""1760745600.0"": 21, ""1760832000.0"": 23, ""1760918400.0"": 31, ""1761004800.0"": 35, ""1766534400.0"": 31, ""1766620800.0"": 17, ""1766707200.0"": 36, ""1766793600.0"": 33, ""1766880000.0"": 15, ""1766966400.0"": 22, ""1767052800.0"": 52, ""1767139200.0"": 58, ""1767225600.0"": 2, ""1767312000.0"": 7, ""1767484800.0"": 2, ""1767571200.0"": 9, ""1767657600.0"": 4, ""1767744000.0"": 8, ""1767830400.0"": 38, ""1767916800.0"": 45, ""1768003200.0"": 11, ""1768089600.0"": 1, ""1768176000.0"": 10, ""1768262400.0"": 46, ""1768348800.0"": 14, ""1768435200.0"": 1, ""1768780800.0"": 40, ""1768867200.0"": 31, ""1768953600.0"": 77, ""1769040000.0"": 46, ""1769126400.0"": 75, ""1769385600.0"": 28, ""1769472000.0"": 50, ""1769558400.0"": 9, ""1769817600.0"": 25, ""1769904000.0"": 35, ""1770076800.0"": 53, ""1770336000.0"": 2, ""1770595200.0"": 20}",,Cash - RWMTRHC,Debtors - RWMTRHC,Round Off - RWMTRHC,Main - RWMTRHC,Write Off - RWMTRHC,Exchange Gain/Loss - RWMTRHC,,,0,Creditors - RWMTRHC,Cost of Goods Sold - RWMTRHC,Sales - RWMTRHC,,,,,Main - RWMTRHC,,1,0,Stock In Hand - RWMTRHC,Stock Adjustment - RWMTRHC,,Stock Received But Not Billed - RWMTRHC,,Accumulated Depreciation - RWMTRHC,Depreciation - RWMTRHC,,Gain/Loss on Asset Disposal - RWMTRHC,Main - RWMTRHC,CWIP Account - RWMTRHC,Asset Received But Not Billed - RWMTRHC,0,Daily,0,,,295,296,,,,,,Gatsibo,HC
Rwinkwavu Health Center,2025-04-26 23:26:54.205373,2026-02-18 17:26:53.811830,Administrator,florentin.ndabarasa@moh.gov.rw,0,0,Rwinkwavu Health Center,RWKWVHC,0416,RWF,Rwanda,0,,,,,,,,,,,,,,,Standard Template,,Standard,,{},0.0,0.0,,,0.0,"{""1748044800.0"": 1, ""1759017600.0"": 2, ""1762387200.0"": 1}",,Cash - RWKWVHC,Debtors - RWKWVHC,Round Off - RWKWVHC,Main - RWKWVHC,Write Off - RWKWVHC,Exchange Gain/Loss - RWKWVHC,,,0,Creditors - RWKWVHC,Cost of Goods Sold - RWKWVHC,Sales - RWKWVHC,,,,,Main - RWKWVHC,,1,0,Stock In Hand - RWKWVHC,Stock Adjustment - RWKWVHC,,Stock Received But Not Billed - RWKWVHC,,Accumulated Depreciation - RWKWVHC,Depreciation - RWKWVHC,,Gain/Loss on Asset Disposal - RWKWVHC,Main - RWKWVHC,CWIP Account - RWKWVHC,Asset Received But Not Billed - RWKWVHC,0,Daily,0,,,277,278,,,,,,Kayonza,HC
Ryamanyoni Health Center,2025-04-24 21:16:11.188387,2026-02-18 17:26:53.869808,Administrator,florentin.ndabarasa@moh.gov.rw,0,0,Ryamanyoni Health Center,RYNYHC,0418,RWF,Rwanda,0,,,,,,,,,,,,,,,Standard Template,,Standard,,{},0.0,1600.0,,,0.0,"{""1746057600.0"": 1, ""1747008000.0"": 1, ""1747612800.0"": 1, ""1747785600.0"": 2, ""1747958400.0"": 1, ""1748044800.0"": 30, ""1748131200.0"": 22, ""1748217600.0"": 1, ""1748304000.0"": 1, ""1750032000.0"": 4, ""1751241600.0"": 1, ""1751846400.0"": 2, ""1752019200.0"": 2, ""1752537600.0"": 1, ""1752624000.0"": 1, ""1753056000.0"": 1, ""1753660800.0"": 1, ""1758499200.0"": 2, ""1761782400.0"": 14, ""1761955200.0"": 3, ""1762128000.0"": 3, ""1762819200.0"": 2}",,Cash - RYNYHC,Debtors - RYNYHC,Round Off - RYNYHC,Main - RYNYHC,Write Off - RYNYHC,Exchange Gain/Loss - RYNYHC,,,0,Creditors - RYNYHC,Cost of Goods Sold - RYNYHC,Sales - RYNYHC,,,,,Main - RYNYHC,,1,0,Stock In Hand - RYNYHC,Stock Adjustment - RYNYHC,,Stock Received But Not Billed - RYNYHC,,Accumulated Depreciation - RYNYHC,Depreciation - RYNYHC,,Gain/Loss on Asset Disposal - RYNYHC,Main - RYNYHC,CWIP Account - RYNYHC,Asset Received But Not Billed - RYNYHC,0,Daily,0,,,249,250,,,,,,Kayonza,HC
Sangaza HC,2025-04-06 22:33:53.917778,2026-02-18 17:26:53.285818,Administrator,florentin.ndabarasa@moh.gov.rw,0,22,Sangaza HC,SAGZHC,0444,RWF,Rwanda,0,,,,,,,,,,,,,,,Standard Template,,Standard,,{},0.0,0.0,,,0.0,{},,Cash - SAGZHC,Debtors - SAGZHC,Round Off - SAGZHC,Main - SAGZHC,Write Off - SAGZHC,Exchange Gain/Loss - SAGZHC,,,0,Creditors - SAGZHC,Cost of Goods Sold - SAGZHC,Sales - SAGZHC,,,,,Main - SAGZHC,,1,0,Stock In Hand - SAGZHC,Stock Adjustment - SAGZHC,,Stock Received But Not Billed - SAGZHC,,Accumulated Depreciation - SAGZHC,Depreciation - SAGZHC,,Gain/Loss on Asset Disposal - SAGZHC,Main - SAGZHC,CWIP Account - SAGZHC,Asset Received But Not Billed - SAGZHC,0,Daily,0,,,199,200,,,,,,Ngoma,HC
Shingiro Health Center,2025-10-26 23:24:57.871858,2026-04-24 08:33:57.945059,delphineuwiduhaye11@gmail.com,ildephonse90@yahoo.com,0,0,Shingiro Health Center,SHNGHC,0319,RWF,Rwanda,0,,,,,,,,,,,,,,,Standard Template,,Standard,,{},0.0,16000.0,,,0.0,"{""1761609600.0"": 2, ""1761696000.0"": 1, ""1761868800.0"": 19, ""1762128000.0"": 8, ""1762214400.0"": 8, ""1762300800.0"": 21, ""1762387200.0"": 3, ""1762473600.0"": 39, ""1762560000.0"": 2, ""1762646400.0"": 34, ""1762732800.0"": 63, ""1762819200.0"": 10, ""1762905600.0"": 2, ""1762992000.0"": 2, ""1763164800.0"": 22, ""1763337600.0"": 54, ""1763424000.0"": 4, ""1763510400.0"": 23, ""1764201600.0"": 6, ""1764720000.0"": 1, ""1765324800.0"": 4, ""1765411200.0"": 17, ""1765497600.0"": 17, ""1765584000.0"": 3, ""1765756800.0"": 3, ""1765843200.0"": 8, ""1765929600.0"": 34, ""1766016000.0"": 28, ""1766102400.0"": 18, ""1766188800.0"": 14, ""1766275200.0"": 19, ""1766361600.0"": 22, ""1766448000.0"": 44, ""1766534400.0"": 1, ""1766620800.0"": 37, ""1766707200.0"": 14, ""1766793600.0"": 15, ""1766880000.0"": 14, ""1766966400.0"": 42, ""1767052800.0"": 42, ""1767139200.0"": 22, ""1767225600.0"": 13, ""1767312000.0"": 34, ""1767398400.0"": 19, ""1767571200.0"": 15, ""1767657600.0"": 13, ""1767744000.0"": 45, ""1767830400.0"": 13, ""1767916800.0"": 4, ""1768003200.0"": 1, ""1768089600.0"": 17, ""1768176000.0"": 14, ""1768262400.0"": 44, ""1768348800.0"": 40, ""1768435200.0"": 43, ""1768608000.0"": 20, ""1768694400.0"": 36, ""1768780800.0"": 41, ""1768867200.0"": 27, ""1768953600.0"": 4, ""1769040000.0"": 9, ""1769212800.0"": 12, ""1769385600.0"": 19, ""1769472000.0"": 5, ""1769558400.0"": 28, ""1769644800.0"": 10, ""1769731200.0"": 30, ""1769817600.0"": 27, ""1770076800.0"": 20, ""1770163200.0"": 17, ""1770249600.0"": 23, ""1770336000.0"": 33, ""1770508800.0"": 34, ""1770595200.0"": 48, ""1770681600.0"": 16, ""1770768000.0"": 24, ""1770854400.0"": 25, ""1770940800.0"": 8, ""1771113600.0"": 32, ""1771200000.0"": 43, ""1771286400.0"": 18, ""1771372800.0"": 20}",,Cash - SHNGHC,Debtors - SHNGHC,Round Off - SHNGHC,Main - SHNGHC,Write Off - SHNGHC,Exchange Gain/Loss - SHNGHC,,,0,Creditors - SHNGHC,Cost of Goods Sold - SHNGHC,Sales - SHNGHC,,,,,Main - SHNGHC,,1,0,Stock In Hand - SHNGHC,Stock Adjustment - SHNGHC,,Stock Received But Not Billed - SHNGHC,,Accumulated Depreciation - SHNGHC,Depreciation - SHNGHC,,Gain/Loss on Asset Disposal - SHNGHC,Main - SHNGHC,CWIP Account - SHNGHC,Asset Received But Not Billed - SHNGHC,0,Daily,0,,,519,520,,,,,,Musanze,HC
Shyogwe Health Center,2025-08-12 16:14:10.147569,2026-04-28 17:10:56.678814,nclaudette1987@gmail.com,ildephonse90@yahoo.com,0,0,Shyogwe Health Center,SHGHC,0141,RWF,Rwanda,0,,,,,,,,,,,,,,,Standard Template,,Standard,,{},0.0,406024.0,,,0.0,"{""1763510400.0"": 2, ""1763596800.0"": 12, ""1763683200.0"": 13, ""1763769600.0"": 1, ""1763856000.0"": 2, ""1763942400.0"": 5, ""1764028800.0"": 56, ""1764115200.0"": 77, ""1764201600.0"": 94, ""1764288000.0"": 79, ""1764374400.0"": 66, ""1764460800.0"": 41, ""1764547200.0"": 124, ""1764633600.0"": 52, ""1764720000.0"": 75, ""1764806400.0"": 83, ""1764892800.0"": 83, ""1765152000.0"": 107, ""1765238400.0"": 89, ""1765324800.0"": 93, ""1765411200.0"": 93, ""1765497600.0"": 80, ""1765584000.0"": 66, ""1765670400.0"": 71, ""1765756800.0"": 97, ""1765843200.0"": 69, ""1765929600.0"": 67, ""1766016000.0"": 86, ""1766102400.0"": 60, ""1766188800.0"": 51, ""1766275200.0"": 72, ""1766361600.0"": 66, ""1766448000.0"": 58, ""1766534400.0"": 34, ""1766620800.0"": 46, ""1766707200.0"": 50, ""1766793600.0"": 58, ""1766880000.0"": 44, ""1766966400.0"": 25, ""1767312000.0"": 56, ""1767398400.0"": 57, ""1767484800.0"": 51, ""1767571200.0"": 105, ""1767657600.0"": 102, ""1767744000.0"": 70, ""1767830400.0"": 102, ""1767916800.0"": 90, ""1768003200.0"": 49, ""1768089600.0"": 71, ""1768176000.0"": 44, ""1768262400.0"": 88, ""1768348800.0"": 62, ""1768435200.0"": 51, ""1768608000.0"": 6, ""1768694400.0"": 73, ""1768780800.0"": 87, ""1768867200.0"": 87, ""1768953600.0"": 29, ""1769040000.0"": 59, ""1769126400.0"": 79, ""1769212800.0"": 37, ""1769299200.0"": 48, ""1769385600.0"": 99, ""1769472000.0"": 74, ""1769558400.0"": 54, ""1769644800.0"": 97, ""1769731200.0"": 67, ""1769817600.0"": 44, ""1769904000.0"": 1, ""1769990400.0"": 68, ""1770076800.0"": 99, ""1770163200.0"": 90, ""1770249600.0"": 62, ""1770336000.0"": 95, ""1770422400.0"": 38, ""1770508800.0"": 30, ""1770595200.0"": 115, ""1770681600.0"": 71, ""1770768000.0"": 77, ""1770854400.0"": 61, ""1770940800.0"": 60, ""1771027200.0"": 37, ""1771113600.0"": 55, ""1771200000.0"": 81, ""1771286400.0"": 89, ""1771372800.0"": 93}",,Cash - SHGHC,Debtors - SHGHC,Round Off - SHGHC,Main - SHGHC,Write Off - SHGHC,Exchange Gain/Loss - SHGHC,,,0,Creditors - SHGHC,Cost of Goods Sold - SHGHC,Sales - SHGHC,,,,,Main - SHGHC,,1,0,Stock In Hand - SHGHC,Stock Adjustment - SHGHC,,Stock Received But Not Billed - SHGHC,,Accumulated Depreciation - SHGHC,Depreciation - SHGHC,,Gain/Loss on Asset Disposal - SHGHC,Main - SHGHC,CWIP Account - SHGHC,Asset Received But Not Billed - SHGHC,0,Daily,0,,,501,502,,,,,,Muhanga,HC
Shyorongi Health Center,2024-10-01 14:33:40.489325,2026-04-22 07:59:47.475499,niyikizaliane@gmail.com,rukundojoe30@gmail.com,0,0,Shyorongi Health Center,SHC,0284,RWF,Rwanda,0,,,,,,,,,,,,,,,Standard Template,,Standard,,{},0.0,2200.0,,,0.0,"{""1747958400.0"": 7, ""1748044800.0"": 43, ""1748131200.0"": 1, ""1766534400.0"": 14, ""1766620800.0"": 48, ""1766707200.0"": 47, ""1766793600.0"": 50, ""1766880000.0"": 60, ""1766966400.0"": 28, ""1767052800.0"": 8, ""1767571200.0"": 36, ""1767657600.0"": 114, ""1767744000.0"": 10, ""1767830400.0"": 8, ""1767916800.0"": 8, ""1768003200.0"": 11, ""1768176000.0"": 6, ""1768262400.0"": 7, ""1768348800.0"": 26, ""1768435200.0"": 130, ""1768608000.0"": 89, ""1768780800.0"": 109, ""1768867200.0"": 33, ""1768953600.0"": 47, ""1769040000.0"": 36, ""1769126400.0"": 50, ""1769212800.0"": 53, ""1769299200.0"": 18, ""1769385600.0"": 104, ""1769472000.0"": 86, ""1769644800.0"": 10, ""1769731200.0"": 45, ""1769817600.0"": 2, ""1770076800.0"": 71, ""1770163200.0"": 53, ""1770249600.0"": 26, ""1770336000.0"": 64, ""1770422400.0"": 32, ""1770595200.0"": 78, ""1770681600.0"": 24, ""1770768000.0"": 20, ""1770854400.0"": 48, ""1770940800.0"": 10, ""1771200000.0"": 43, ""1771286400.0"": 34}",,Cash - SHC,Debtors - SHC,Round Off - SHC,Main - SHC,Write Off - SHC,Exchange Gain/Loss - SHC,,,0,Creditors - SHC,Cost of Goods Sold - SHC,Sales - SHC,,,,,Main - SHC,,1,0,Stock In Hand - SHC,Stock Adjustment - SHC,,Stock Received But Not Billed - SHC,,Accumulated Depreciation - SHC,Depreciation - SHC,,Gain/Loss on Asset Disposal - SHC,Main - SHC,CWIP Account - SHC,Asset Received But Not Billed - SHC,0,Daily,0,,,81,82,,,,,,Rulindo,HC
Solace Ministries Health Center,2024-08-01 17:19:21.939618,2026-02-18 17:26:53.718177,Administrator,rukundojoe30@gmail.com,0,1,Solace Ministries Health Center,SMHC,1228,RWF,Rwanda,0,,,,,,,,,,,,,,,Standard Template,,Standard,,{},0.0,200.0,,,0.0,"{""1742428800.0"": 6, ""1742774400.0"": 1, ""1745539200.0"": 2, ""1746576000.0"": 1, ""1747785600.0"": 2, ""1748044800.0"": 12, ""1748131200.0"": 11, ""1749686400.0"": 1, ""1760400000.0"": 2}",,Cash - SMHC,Debtors - SMHC,Round Off - SMHC,Main - SMHC,Write Off - SMHC,Exchange Gain/Loss - SMHC,,,0,Creditors - SMHC,Cost of Goods Sold - SMHC,Sales - SMHC,,,,,Main - SMHC,,1,0,Stock In Hand - SMHC,Stock Adjustment - SMHC,,Stock Received But Not Billed - SMHC,,Accumulated Depreciation - SMHC,Depreciation - SMHC,,Gain/Loss on Asset Disposal - SMHC,Main - SMHC,CWIP Account - SMHC,Asset Received But Not Billed - SMHC,0,Daily,0,,,45,46,,,,,,Gasabo,HC
Tabagwe Health Center,2025-05-15 21:08:50.917940,2026-04-28 17:11:39.795677,turikumanadamas@gmail.com,ildephonse90@yahoo.com,0,15,Tabagwe Health Center,TBGWHC,0385,RWF,Rwanda,0,,,,,,,,,,,,,,,Standard Template,,Standard,,{},0.0,848967.727,,,0.0,"{""1747785600.0"": 1, ""1747958400.0"": 3, ""1748044800.0"": 31, ""1748131200.0"": 20, ""1748908800.0"": 1, ""1749340800.0"": 1, ""1753142400.0"": 3, ""1753228800.0"": 1, ""1753747200.0"": 5, ""1754006400.0"": 1, ""1754265600.0"": 137, ""1754352000.0"": 89, ""1754438400.0"": 106, ""1754524800.0"": 96, ""1754611200.0"": 26, ""1754697600.0"": 3, ""1754784000.0"": 33, ""1754870400.0"": 31, ""1754956800.0"": 45, ""1755043200.0"": 133, ""1755129600.0"": 98, ""1755216000.0"": 83, ""1755302400.0"": 42, ""1755388800.0"": 34, ""1755475200.0"": 68, ""1755561600.0"": 74, ""1755648000.0"": 66, ""1755734400.0"": 34, ""1755820800.0"": 66, ""1755907200.0"": 45, ""1755993600.0"": 39, ""1756080000.0"": 89, ""1756166400.0"": 87, ""1756252800.0"": 73, ""1756339200.0"": 89, ""1756425600.0"": 82, ""1756512000.0"": 32, ""1756598400.0"": 30, ""1756684800.0"": 59, ""1756771200.0"": 51, ""1756857600.0"": 50, ""1756944000.0"": 32, ""1757030400.0"": 32, ""1757116800.0"": 44, ""1757203200.0"": 36, ""1757289600.0"": 4, ""1757376000.0"": 15, ""1757462400.0"": 50, ""1757548800.0"": 2, ""1757635200.0"": 19, ""1757721600.0"": 30, ""1757808000.0"": 15, ""1757894400.0"": 34, ""1757980800.0"": 24, ""1758067200.0"": 19, ""1758153600.0"": 10, ""1758240000.0"": 61, ""1758326400.0"": 3, ""1758412800.0"": 32, ""1758499200.0"": 26, ""1758585600.0"": 12, ""1758672000.0"": 30, ""1758758400.0"": 19, ""1758844800.0"": 29, ""1759017600.0"": 1, ""1759104000.0"": 32, ""1759190400.0"": 13, ""1759276800.0"": 15, ""1759363200.0"": 6, ""1759449600.0"": 27, ""1759536000.0"": 46, ""1759622400.0"": 35, ""1759708800.0"": 18, ""1759795200.0"": 62, ""1759881600.0"": 19, ""1759968000.0"": 24, ""1760054400.0"": 18, ""1760140800.0"": 1, ""1760227200.0"": 2, ""1760313600.0"": 3, ""1760400000.0"": 62, ""1760486400.0"": 45, ""1760572800.0"": 16, ""1760659200.0"": 8, ""1760745600.0"": 41, ""1760832000.0"": 48, ""1760918400.0"": 35, ""1761004800.0"": 46, ""1761091200.0"": 55, ""1761177600.0"": 67, ""1761264000.0"": 72, ""1761350400.0"": 7, ""1761436800.0"": 25, ""1761523200.0"": 94, ""1761609600.0"": 27, ""1761696000.0"": 83, ""1761782400.0"": 75, ""1761868800.0"": 37, ""1761955200.0"": 18, ""1762041600.0"": 14, ""1762128000.0"": 95, ""1762214400.0"": 76, ""1762300800.0"": 91, ""1762387200.0"": 114, ""1762473600.0"": 57, ""1762560000.0"": 1, ""1762646400.0"": 20, ""1762732800.0"": 93, ""1762819200.0"": 63, ""1762905600.0"": 104, ""1762992000.0"": 62, ""1763078400.0"": 77, ""1763251200.0"": 41, ""1763337600.0"": 77, ""1763424000.0"": 28, ""1763510400.0"": 15, ""1763596800.0"": 5, ""1763683200.0"": 2, ""1763942400.0"": 4, ""1764028800.0"": 5, ""1764115200.0"": 1, ""1764201600.0"": 3, ""1764374400.0"": 3, ""1764460800.0"": 1, ""1764547200.0"": 3, ""1764633600.0"": 3, ""1764720000.0"": 12, ""1764806400.0"": 1, ""1765238400.0"": 9, ""1765324800.0"": 1, ""1765411200.0"": 1, ""1765584000.0"": 3, ""1765670400.0"": 1, ""1765756800.0"": 3, ""1765843200.0"": 4, ""1765929600.0"": 2, ""1766361600.0"": 5, ""1766448000.0"": 1, ""1766534400.0"": 4, ""1766793600.0"": 1, ""1767052800.0"": 2, ""1767139200.0"": 6, ""1767312000.0"": 3, ""1767398400.0"": 1, ""1767744000.0"": 7, ""1767830400.0"": 2, ""1767916800.0"": 9, ""1768003200.0"": 2, ""1768089600.0"": 1, ""1768176000.0"": 1, ""1768348800.0"": 1, ""1768780800.0"": 2, ""1768867200.0"": 1, ""1768953600.0"": 1, ""1769040000.0"": 54, ""1769126400.0"": 70, ""1769212800.0"": 29, ""1769299200.0"": 43, ""1769385600.0"": 86, ""1769472000.0"": 85, ""1769558400.0"": 93, ""1769644800.0"": 102, ""1769731200.0"": 97, ""1769817600.0"": 28, ""1769904000.0"": 32, ""1769990400.0"": 96, ""1770076800.0"": 22, ""1770163200.0"": 32, ""1770249600.0"": 67, ""1770336000.0"": 70, ""1770422400.0"": 31, ""1770508800.0"": 22, ""1770595200.0"": 84, ""1770681600.0"": 75, ""1770768000.0"": 78, ""1770854400.0"": 80, ""1770940800.0"": 58, ""1771027200.0"": 40, ""1771113600.0"": 25, ""1771200000.0"": 97, ""1771286400.0"": 71, ""1771372800.0"": 52}",,Cash - TBGWHC,Debtors - TBGWHC,Round Off - TBGWHC,Main - TBGWHC,Write Off - TBGWHC,Exchange Gain/Loss - TBGWHC,,,0,Creditors - TBGWHC,Cost of Goods Sold - TBGWHC,Sales - TBGWHC,,,,,Main - TBGWHC,,1,0,Stock In Hand - TBGWHC,Stock Adjustment - TBGWHC,,Stock Received But Not Billed - TBGWHC,,Accumulated Depreciation - TBGWHC,Depreciation - TBGWHC,,Gain/Loss on Asset Disposal - TBGWHC,Main - TBGWHC,CWIP Account - TBGWHC,Asset Received But Not Billed - TBGWHC,0,Daily,0,,,377,378,,,,,,Nyagatare,HC
Tanda  Health Center,2025-07-23 23:58:55.866913,2026-04-27 09:35:58.721536,mukantizigurukadonatah@gmail.com,ildephonse90@yahoo.com,0,0,Tanda  Health Center,TNDHC,0353,RWF,Rwanda,0,,,,,,,,,,,,,,,Standard Template,,Standard,,{},0.0,120600.0,,,0.0,"{""1753660800.0"": 1, ""1753747200.0"": 1, ""1753920000.0"": 2, ""1754265600.0"": 17, ""1754352000.0"": 70, ""1754438400.0"": 45, ""1754524800.0"": 67, ""1754611200.0"": 47, ""1754697600.0"": 18, ""1754784000.0"": 29, ""1754870400.0"": 29, ""1754956800.0"": 46, ""1755043200.0"": 41, ""1755129600.0"": 56, ""1755216000.0"": 51, ""1755302400.0"": 34, ""1755388800.0"": 30, ""1755475200.0"": 37, ""1755561600.0"": 68, ""1755648000.0"": 46, ""1755734400.0"": 60, ""1755820800.0"": 62, ""1755907200.0"": 39, ""1755993600.0"": 39, ""1756080000.0"": 21, ""1756166400.0"": 6, ""1756252800.0"": 7, ""1756339200.0"": 31, ""1756425600.0"": 39, ""1756512000.0"": 53, ""1756598400.0"": 36, ""1756684800.0"": 56, ""1756771200.0"": 48, ""1756857600.0"": 47, ""1756944000.0"": 56, ""1757030400.0"": 55, ""1757289600.0"": 14, ""1757376000.0"": 14, ""1757462400.0"": 1, ""1757548800.0"": 18, ""1757635200.0"": 25, ""1757721600.0"": 41, ""1757808000.0"": 29, ""1757894400.0"": 21, ""1757980800.0"": 29, ""1758067200.0"": 14, ""1758153600.0"": 20, ""1758240000.0"": 17, ""1758326400.0"": 3, ""1758412800.0"": 9, ""1758499200.0"": 7, ""1758585600.0"": 15, ""1758672000.0"": 25, ""1758758400.0"": 8, ""1758844800.0"": 11, ""1758931200.0"": 45, ""1759017600.0"": 42, ""1759104000.0"": 13, ""1759190400.0"": 13, ""1759276800.0"": 4, ""1759363200.0"": 9, ""1759449600.0"": 20, ""1759708800.0"": 55, ""1759795200.0"": 3, ""1759881600.0"": 15, ""1759968000.0"": 38, ""1760054400.0"": 24, ""1760140800.0"": 32, ""1760227200.0"": 27, ""1760313600.0"": 51, ""1760400000.0"": 53, ""1760486400.0"": 57, ""1760572800.0"": 46, ""1760659200.0"": 35, ""1760745600.0"": 41, ""1760832000.0"": 38, ""1760918400.0"": 63, ""1761004800.0"": 65, ""1761091200.0"": 44, ""1761177600.0"": 55, ""1761264000.0"": 36, ""1761350400.0"": 20, ""1761436800.0"": 34, ""1761523200.0"": 70, ""1761609600.0"": 52, ""1761696000.0"": 35, ""1761782400.0"": 42, ""1761868800.0"": 41, ""1761955200.0"": 41, ""1762041600.0"": 35, ""1762128000.0"": 57, ""1762214400.0"": 47, ""1762300800.0"": 49, ""1762387200.0"": 66, ""1762473600.0"": 36, ""1762732800.0"": 64, ""1762819200.0"": 47, ""1762905600.0"": 58, ""1762992000.0"": 47, ""1763078400.0"": 47, ""1763164800.0"": 40, ""1763251200.0"": 39, ""1763337600.0"": 64, ""1763424000.0"": 62, ""1763510400.0"": 54, ""1763596800.0"": 69, ""1763683200.0"": 57, ""1763769600.0"": 10, ""1763856000.0"": 21, ""1763942400.0"": 63, ""1764028800.0"": 73, ""1764115200.0"": 36, ""1764201600.0"": 59, ""1764288000.0"": 46, ""1764547200.0"": 57, ""1764633600.0"": 74, ""1764720000.0"": 10, ""1764806400.0"": 74, ""1764892800.0"": 86, ""1764979200.0"": 47, ""1765065600.0"": 58, ""1765152000.0"": 31, ""1765238400.0"": 58, ""1765324800.0"": 14, ""1765497600.0"": 3, ""1767916800.0"": 1, ""1771200000.0"": 2, ""1771286400.0"": 16}",,Cash - TNDHC,Debtors - TNDHC,Round Off - TNDHC,Main - TNDHC,Write Off - TNDHC,Exchange Gain/Loss - TNDHC,,,0,Creditors - TNDHC,Cost of Goods Sold - TNDHC,Sales - TNDHC,,,,,Main - TNDHC,,1,0,Stock In Hand - TNDHC,Stock Adjustment - TNDHC,,Stock Received But Not Billed - TNDHC,,Accumulated Depreciation - TNDHC,Depreciation - TNDHC,,Gain/Loss on Asset Disposal - TNDHC,Main - TNDHC,CWIP Account - TNDHC,Asset Received But Not Billed - TNDHC,0,Daily,0,,,459,460,,,,,,Gicumbi,HC
Tare Health Center,2024-09-30 15:27:33.389795,2026-04-21 18:33:59.957260,tuyitheo127@gmail.com,rukundojoe30@gmail.com,0,5,Tare Health Center,TAHC,0285,RWF,Rwanda,0,,,,,,,,,,,,,,,Standard Template,,Standard,,{},0.0,51333.28,,,0.0,"{""1747958400.0"": 1, ""1748044800.0"": 45, ""1748131200.0"": 22, ""1749427200.0"": 1, ""1749513600.0"": 2, ""1751241600.0"": 1, ""1751328000.0"": 1, ""1751846400.0"": 3, ""1753660800.0"": 2, ""1755043200.0"": 1, ""1758326400.0"": 1, ""1760659200.0"": 1, ""1761091200.0"": 3, ""1761177600.0"": 1, ""1761609600.0"": 1, ""1761696000.0"": 3, ""1761782400.0"": 5, ""1761868800.0"": 1, ""1762300800.0"": 1, ""1763251200.0"": 1, ""1763510400.0"": 1, ""1765324800.0"": 2, ""1765843200.0"": 1, ""1765929600.0"": 1, ""1766620800.0"": 1, ""1770854400.0"": 2, ""1771027200.0"": 1}",,Cash - TAHC,Debtors - TAHC,Round Off - TAHC,Main - TAHC,Write Off - TAHC,Exchange Gain/Loss - TAHC,,,0,Creditors - TAHC,Cost of Goods Sold - TAHC,Sales - TAHC,,,,,Main - TAHC,,1,0,Stock In Hand - TAHC,Stock Adjustment - TAHC,,Stock Received But Not Billed - TAHC,,Accumulated Depreciation - TAHC,Depreciation - TAHC,,Gain/Loss on Asset Disposal - TAHC,Main - TAHC,CWIP Account - TAHC,Asset Received But Not Billed - TAHC,0,Daily,0,,,65,66,,,,,,Rulindo,HC
Test District Hospital,2025-05-04 14:38:30.270285,2026-02-18 17:26:53.404863,Administrator,rukundojoe30@gmail.com,0,0,Test District Hospital,TSTDH,1234566,RWF,Rwanda,0,,,,,,,,,,,,,,,Standard Template,,Standard,,{},0.0,0.0,,,0.0,{},,Cash - TSTDH,Debtors - TSTDH,Round Off - TSTDH,Main - TSTDH,Write Off - TSTDH,Exchange Gain/Loss - TSTDH,,,0,Creditors - TSTDH,Cost of Goods Sold - TSTDH,Sales - TSTDH,,,,,Main - TSTDH,,1,0,Stock In Hand - TSTDH,Stock Adjustment - TSTDH,,Stock Received But Not Billed - TSTDH,,Accumulated Depreciation - TSTDH,Depreciation - TSTDH,,Gain/Loss on Asset Disposal - TSTDH,Main - TSTDH,CWIP Account - TSTDH,Asset Received But Not Billed - TSTDH,0,Daily,0,,,323,324,,,,,,Gasabo,DH
Test Health Center,2026-04-15 23:58:03.950063,2026-04-18 11:04:15.058822,Administrator,info@spiderbit.rw,0,0,Test Health Center,TSTHC,0123,RWF,Rwanda,0,,,,,,,,,,,,,,,Standard Template,,Standard,,,0.0,0.0,,,0.0,{},,Cash - TSTHC,Debtors - TSTHC,Round Off - TSTHC,Main - TSTHC,Write Off - TSTHC,Exchange Gain/Loss - TSTHC,,,0,Creditors - TSTHC,Cost of Goods Sold - TSTHC,Sales - TSTHC,,,,,Main - TSTHC,,1,0,Stock In Hand - TSTHC,Stock Adjustment - TSTHC,,Stock Received But Not Billed - TSTHC,,Accumulated Depreciation - TSTHC,Depreciation - TSTHC,,Gain/Loss on Asset Disposal - TSTHC,Main - TSTHC,CWIP Account - TSTHC,Asset Received But Not Billed - TSTHC,0,Daily,0,,,675,676,,,,,,Gasabo,HC
Training Facility,2024-06-02 23:27:20.037581,2026-02-18 17:26:53.193903,Administrator,Administrator,0,0,Training Facility,TF,,RWF,Rwanda,0,,,,,,,,,,,,,,,Standard Template,,Standard,,{},0.0,0.0,,,0.0,{},,Cash - TF,Debtors - TF,Round Off - TF,Main - TF,Write Off - TF,Exchange Gain/Loss - TF,,,0,Creditors - TF,Cost of Goods Sold - TF,Sales - TF,,,,,Main - TF,,1,0,Stock In Hand - TF,Stock Adjustment - TF,,Stock Received But Not Billed - TF,,Accumulated Depreciation - TF,Depreciation - TF,,Gain/Loss on Asset Disposal - TF,Main - TF,CWIP Account - TF,Asset Received But Not Billed - TF,0,Daily,0,,,7,8,,,,,,,
Tumba Health Center,2024-09-30 15:14:03.714322,2026-04-09 15:38:08.076690,murangirarica@gmail.com,rukundojoe30@gmail.com,0,61,Tumba Health Center,THC,0286,RWF,Rwanda,0,,,,,,,,,,,,,,,Standard Template,,Standard,,{},0.0,600.0,,,0.0,"{""1741651200.0"": 1, ""1742860800.0"": 1, ""1743552000.0"": 3, ""1743638400.0"": 1, ""1743897600.0"": 3, ""1744675200.0"": 1, ""1745539200.0"": 1, ""1748044800.0"": 6, ""1748131200.0"": 32, ""1749081600.0"": 1, ""1766707200.0"": 1}",,Cash - THC,Debtors - THC,Round Off - THC,Main - THC,Write Off - THC,Exchange Gain/Loss - THC,,,0,Creditors - THC,Cost of Goods Sold - THC,Sales - THC,,,,,Main - THC,,1,0,Stock In Hand - THC,Stock Adjustment - THC,,Stock Received But Not Billed - THC,,Accumulated Depreciation - THC,Depreciation - THC,,Gain/Loss on Asset Disposal - THC,Main - THC,CWIP Account - THC,Asset Received But Not Billed - THC,0,Daily,0,,,59,60,,,,,,Rulindo,HC
Yove Health Center,2025-04-03 17:08:26.905149,2026-02-18 17:26:53.261199,Administrator,info@spiderbit.rw,0,0,Yove Health Center,YHC,270,RWF,Rwanda,0,,,,,,,,,,,,,,,Standard Template,,Standard,,{},0.0,0.0,,,0.0,{},,Cash - YHC,Debtors - YHC,Round Off - YHC,Main - YHC,Write Off - YHC,Exchange Gain/Loss - YHC,,,0,Creditors - YHC,Cost of Goods Sold - YHC,Sales - YHC,,,,,Main - YHC,,1,0,Stock In Hand - YHC,Stock Adjustment - YHC,,Stock Received But Not Billed - YHC,,Accumulated Depreciation - YHC,Depreciation - YHC,,Gain/Loss on Asset Disposal - YHC,Main - YHC,CWIP Account - YHC,Asset Received But Not Billed - YHC,0,Daily,0,,,191,192,,,,,,Nyamasheke,HC
Zaza Health Center,2025-04-21 23:49:46.671154,2026-02-18 17:26:53.783506,Administrator,florentin.ndabarasa@moh.gov.rw,0,48,Zaza Health Center,ZZHC,0445,RWF,Rwanda,0,,,,,,,,,,,,,,,Standard Template,,Standard,,{},0.0,3950.0,,,0.0,"{""1749686400.0"": 1, ""1750032000.0"": 1, ""1750204800.0"": 1, ""1750982400.0"": 1, ""1751932800.0"": 1, ""1753142400.0"": 1, ""1761782400.0"": 4, ""1762300800.0"": 1}",,Cash - ZZHC,Debtors - ZZHC,Round Off - ZZHC,Main - ZZHC,Write Off - ZZHC,Exchange Gain/Loss - ZZHC,,,0,Creditors - ZZHC,Cost of Goods Sold - ZZHC,Sales - ZZHC,,,,,Main - ZZHC,,1,0,Stock In Hand - ZZHC,Stock Adjustment - ZZHC,,Stock Received But Not Billed - ZZHC,,Accumulated Depreciation - ZZHC,Depreciation - ZZHC,,Gain/Loss on Asset Disposal - ZZHC,Main - ZZHC,CWIP Account - ZZHC,Asset Received But Not Billed - ZZHC,0,Daily,0,,,227,228,,,,,,Ngoma,HC
